restriccion_id,timestamp_inicio,timestamp_fin,area,tipo_restriccion,severidad,impacto_capacidad_pct
RST_00000001,2025-01-01 22:02:00,2025-01-02 01:37:00,ENERGIA,RESTRICCION_POTENCIA,3,0.1679
RST_00000002,2025-01-02 02:24:00,2025-01-02 05:01:00,LOGISTICA,LIMITACION_TRANSPORTISTA,3,0.1778
RST_00000003,2025-01-02 04:11:00,2025-01-02 07:34:00,PRODUCCION,BAJA_DOTACION,3,0.1865
RST_00000004,2025-01-03 00:12:00,2025-01-03 02:11:00,CARGA,AVERIA_CARGADOR,2,0.1438
RST_00000005,2025-01-03 00:50:00,2025-01-03 04:12:00,PATIO,SATURACION_ZONA,3,0.2221
RST_00000006,2025-01-02 23:50:00,2025-01-03 03:26:00,CARGA,CAPACIDAD_CARGA_LIMITADA,2,0.1521
RST_00000007,2025-01-03 11:56:00,2025-01-03 15:40:00,PATIO,REORGANIZACION_FLUJO,4,0.1509
RST_00000008,2025-01-04 23:24:00,2025-01-05 02:06:00,CARGA,AVERIA_CARGADOR,2,0.1035
RST_00000009,2025-01-05 16:39:00,2025-01-05 20:20:00,LOGISTICA,LIMITACION_TRANSPORTISTA,3,0.2052
RST_00000010,2025-01-07 10:55:00,2025-01-07 14:26:00,ENERGIA,ALERTA_TERMICA,5,0.2863
RST_00000011,2025-01-07 09:39:00,2025-01-07 12:53:00,LOGISTICA,INCIDENCIA_DOCUMENTAL,3,0.1145
RST_00000012,2025-01-07 17:43:00,2025-01-07 19:53:00,LOGISTICA,FALTA_SLOT_TRANSPORTE,2,0.2032
RST_00000013,2025-01-08 01:30:00,2025-01-08 03:41:00,CARGA,MANTENIMIENTO_CARGA,3,0.1342
RST_00000014,2025-01-08 20:10:00,2025-01-08 23:02:00,PATIO,SATURACION_ZONA,3,0.1571
RST_00000015,2025-01-10 00:03:00,2025-01-10 02:05:00,LOGISTICA,FALTA_SLOT_TRANSPORTE,2,0.1878
RST_00000016,2025-01-10 02:54:00,2025-01-10 05:48:00,CARGA,AVERIA_CARGADOR,3,0.1642
RST_00000017,2025-01-10 20:14:00,2025-01-10 23:32:00,PATIO,BLOQUEO_POSICIONES,3,0.2075
RST_00000018,2025-01-10 18:21:00,2025-01-10 22:09:00,LOGISTICA,LIMITACION_TRANSPORTISTA,4,0.2613
RST_00000019,2025-01-11 08:42:00,2025-01-11 12:13:00,CARGA,AVERIA_CARGADOR,3,0.2199
RST_00000020,2025-01-11 21:08:00,2025-01-12 00:45:00,CARGA,CAPACIDAD_CARGA_LIMITADA,3,0.1479
RST_00000021,2025-01-13 04:39:00,2025-01-13 08:37:00,PRODUCCION,MICROPARADAS_LINEA,4,0.1897
RST_00000022,2025-01-12 23:15:00,2025-01-13 03:59:00,CARGA,MANTENIMIENTO_CARGA,4,0.2244
RST_00000023,2025-01-13 17:28:00,2025-01-13 19:43:00,CARGA,AVERIA_CARGADOR,2,0.143
RST_00000024,2025-01-13 21:48:00,2025-01-14 00:38:00,LOGISTICA,FALTA_SLOT_TRANSPORTE,3,0.2035
RST_00000025,2025-01-14 01:34:00,2025-01-14 04:28:00,LOGISTICA,LIMITACION_TRANSPORTISTA,2,0.1159
RST_00000026,2025-01-14 02:27:00,2025-01-14 06:09:00,PRODUCCION,RETRABAJO_ELEVADO,3,0.1725
RST_00000027,2025-01-15 05:27:00,2025-01-15 09:02:00,CARGA,AVERIA_CARGADOR,3,0.2477
RST_00000028,2025-01-18 07:59:00,2025-01-18 12:07:00,PATIO,REORGANIZACION_FLUJO,3,0.2426
RST_00000029,2025-01-19 02:17:00,2025-01-19 05:02:00,CARGA,AVERIA_CARGADOR,2,0.173
RST_00000030,2025-01-19 01:08:00,2025-01-19 05:14:00,LOGISTICA,LIMITACION_TRANSPORTISTA,4,0.263
RST_00000031,2025-01-19 19:03:00,2025-01-19 21:51:00,CARGA,MANTENIMIENTO_CARGA,3,0.2816
RST_00000032,2025-01-19 16:25:00,2025-01-19 19:13:00,PATIO,BLOQUEO_POSICIONES,2,0.1756
RST_00000033,2025-01-20 05:36:00,2025-01-20 09:47:00,PATIO,BLOQUEO_POSICIONES,5,0.2236
RST_00000034,2025-01-20 22:07:00,2025-01-21 01:36:00,LOGISTICA,FALTA_SLOT_TRANSPORTE,3,0.2521
RST_00000035,2025-01-21 06:30:00,2025-01-21 08:12:00,PRODUCCION,MICROPARADAS_LINEA,2,0.0922
RST_00000036,2025-01-21 13:51:00,2025-01-21 17:42:00,PRODUCCION,RETRABAJO_ELEVADO,3,0.216
RST_00000037,2025-01-21 08:44:00,2025-01-21 12:02:00,CARGA,AVERIA_CARGADOR,3,0.2411
RST_00000038,2025-01-22 02:17:00,2025-01-22 06:15:00,PATIO,SATURACION_ZONA,3,0.1217
RST_00000039,2025-01-22 17:22:00,2025-01-22 19:53:00,LOGISTICA,INCIDENCIA_DOCUMENTAL,2,0.229
RST_00000040,2025-01-24 11:52:00,2025-01-24 16:28:00,LOGISTICA,FALTA_SLOT_TRANSPORTE,5,0.2555
RST_00000041,2025-01-24 20:31:00,2025-01-24 22:31:00,LOGISTICA,LIMITACION_TRANSPORTISTA,2,0.1244
RST_00000042,2025-01-24 18:28:00,2025-01-24 22:45:00,PRODUCCION,RETRABAJO_ELEVADO,4,0.2515
RST_00000043,2025-01-25 07:14:00,2025-01-25 08:32:00,PRODUCCION,BAJA_DOTACION,1,0.1127
RST_00000044,2025-01-25 07:38:00,2025-01-25 11:16:00,LOGISTICA,INCIDENCIA_DOCUMENTAL,3,0.152
RST_00000045,2025-01-25 19:54:00,2025-01-25 20:54:00,CARGA,AVERIA_CARGADOR,1,0.0885
RST_00000046,2025-01-25 20:34:00,2025-01-25 23:14:00,PATIO,REORGANIZACION_FLUJO,3,0.1907
RST_00000047,2025-01-25 15:53:00,2025-01-25 19:39:00,ENERGIA,CURTAILMENT_REDES,3,0.1467
RST_00000048,2025-01-26 21:25:00,2025-01-26 23:16:00,PRODUCCION,MICROPARADAS_LINEA,2,0.1505
RST_00000049,2025-01-27 14:46:00,2025-01-27 17:51:00,CARGA,CAPACIDAD_CARGA_LIMITADA,2,0.0971
RST_00000050,2025-01-27 14:31:00,2025-01-27 16:18:00,LOGISTICA,LIMITACION_TRANSPORTISTA,1,0.1071
RST_00000051,2025-01-28 12:44:00,2025-01-28 14:37:00,PATIO,SATURACION_ZONA,2,0.1004
RST_00000052,2025-01-29 03:03:00,2025-01-29 06:11:00,PRODUCCION,MICROPARADAS_LINEA,2,0.0945
RST_00000053,2025-01-29 15:27:00,2025-01-29 19:03:00,PRODUCCION,MICROPARADAS_LINEA,3,0.1894
RST_00000054,2025-01-30 04:09:00,2025-01-30 06:09:00,PRODUCCION,MICROPARADAS_LINEA,2,0.0839
RST_00000055,2025-01-30 23:14:00,2025-01-31 00:27:00,PATIO,REORGANIZACION_FLUJO,1,0.1352
RST_00000056,2025-01-31 04:16:00,2025-01-31 07:53:00,CARGA,MANTENIMIENTO_CARGA,3,0.151
RST_00000057,2025-01-31 17:16:00,2025-01-31 20:33:00,PATIO,SATURACION_ZONA,4,0.1896
RST_00000058,2025-02-01 21:08:00,2025-02-01 22:18:00,LOGISTICA,LIMITACION_TRANSPORTISTA,1,0.0906
RST_00000059,2025-02-02 11:29:00,2025-02-02 14:36:00,CARGA,CAPACIDAD_CARGA_LIMITADA,4,0.2296
RST_00000060,2025-02-02 19:30:00,2025-02-02 22:04:00,CARGA,MANTENIMIENTO_CARGA,2,0.1522
RST_00000061,2025-02-03 09:59:00,2025-02-03 13:12:00,PRODUCCION,BAJA_DOTACION,4,0.2045
RST_00000062,2025-02-03 08:17:00,2025-02-03 11:03:00,PATIO,SATURACION_ZONA,2,0.0897
RST_00000063,2025-02-03 09:02:00,2025-02-03 10:02:00,PRODUCCION,RETRABAJO_ELEVADO,1,0.1099
RST_00000064,2025-02-04 11:11:00,2025-02-04 13:54:00,PATIO,SATURACION_ZONA,3,0.202
RST_00000065,2025-02-04 16:19:00,2025-02-04 17:49:00,CARGA,AVERIA_CARGADOR,2,0.1292
RST_00000066,2025-02-04 21:17:00,2025-02-05 00:46:00,LOGISTICA,LIMITACION_TRANSPORTISTA,4,0.2415
RST_00000067,2025-02-05 00:04:00,2025-02-05 03:18:00,PATIO,REORGANIZACION_FLUJO,2,0.1317
RST_00000068,2025-02-05 07:23:00,2025-02-05 09:48:00,LOGISTICA,LIMITACION_TRANSPORTISTA,2,0.2493
RST_00000069,2025-02-05 10:13:00,2025-02-05 14:44:00,LOGISTICA,INCIDENCIA_DOCUMENTAL,4,0.2406
RST_00000070,2025-02-05 14:11:00,2025-02-05 16:15:00,CARGA,CAPACIDAD_CARGA_LIMITADA,3,0.2007
RST_00000071,2025-02-06 00:05:00,2025-02-06 03:06:00,LOGISTICA,FALTA_SLOT_TRANSPORTE,3,0.2038
RST_00000072,2025-02-07 14:45:00,2025-02-07 16:31:00,PRODUCCION,MICROPARADAS_LINEA,2,0.1507
RST_00000073,2025-02-07 19:07:00,2025-02-07 20:52:00,CARGA,CAPACIDAD_CARGA_LIMITADA,2,0.1093
RST_00000074,2025-02-08 05:34:00,2025-02-08 09:07:00,PATIO,SATURACION_ZONA,4,0.2647
RST_00000075,2025-02-08 05:09:00,2025-02-08 07:29:00,CARGA,CAPACIDAD_CARGA_LIMITADA,1,0.125
RST_00000076,2025-02-08 01:29:00,2025-02-08 04:39:00,PATIO,BLOQUEO_POSICIONES,3,0.2079
RST_00000077,2025-02-09 11:50:00,2025-02-09 14:58:00,LOGISTICA,INCIDENCIA_DOCUMENTAL,4,0.2055
RST_00000078,2025-02-09 16:03:00,2025-02-09 19:17:00,PATIO,BLOQUEO_POSICIONES,3,0.19
RST_00000079,2025-02-09 23:32:00,2025-02-10 02:40:00,PATIO,BLOQUEO_POSICIONES,4,0.189
RST_00000080,2025-02-11 08:26:00,2025-02-11 11:29:00,PATIO,SATURACION_ZONA,3,0.1869
RST_00000081,2025-02-14 00:26:00,2025-02-14 03:37:00,CARGA,CAPACIDAD_CARGA_LIMITADA,3,0.1579
RST_00000082,2025-02-14 09:05:00,2025-02-14 11:05:00,CARGA,MANTENIMIENTO_CARGA,3,0.1962
RST_00000083,2025-02-14 21:53:00,2025-02-15 00:01:00,CARGA,MANTENIMIENTO_CARGA,3,0.1599
RST_00000084,2025-02-14 23:03:00,2025-02-15 01:56:00,PRODUCCION,RETRABAJO_ELEVADO,3,0.2462
RST_00000085,2025-02-15 11:46:00,2025-02-15 16:33:00,PATIO,SATURACION_ZONA,5,0.2958
RST_00000086,2025-02-16 05:07:00,2025-02-16 07:53:00,LOGISTICA,FALTA_SLOT_TRANSPORTE,3,0.2047
RST_00000087,2025-02-16 10:17:00,2025-02-16 13:30:00,PATIO,BLOQUEO_POSICIONES,3,0.2679
RST_00000088,2025-02-16 15:42:00,2025-02-16 18:18:00,LOGISTICA,INCIDENCIA_DOCUMENTAL,2,0.1701
RST_00000089,2025-02-17 00:24:00,2025-02-17 02:35:00,CARGA,AVERIA_CARGADOR,3,0.1943
RST_00000090,2025-02-17 01:51:00,2025-02-17 05:09:00,PATIO,BLOQUEO_POSICIONES,4,0.2127
RST_00000091,2025-02-17 12:02:00,2025-02-17 15:23:00,LOGISTICA,INCIDENCIA_DOCUMENTAL,2,0.1066
RST_00000092,2025-02-18 17:00:00,2025-02-18 20:08:00,PATIO,REORGANIZACION_FLUJO,2,0.141
RST_00000093,2025-02-20 04:22:00,2025-02-20 07:36:00,CARGA,MANTENIMIENTO_CARGA,3,0.1777
RST_00000094,2025-02-20 05:50:00,2025-02-20 10:31:00,PRODUCCION,BAJA_DOTACION,4,0.1597
RST_00000095,2025-02-21 19:03:00,2025-02-21 21:58:00,LOGISTICA,FALTA_SLOT_TRANSPORTE,3,0.1483
RST_00000096,2025-02-21 23:16:00,2025-02-22 02:09:00,PRODUCCION,MICROPARADAS_LINEA,2,0.1691
RST_00000097,2025-02-22 00:52:00,2025-02-22 04:53:00,ENERGIA,RESTRICCION_POTENCIA,5,0.245
RST_00000098,2025-02-23 19:42:00,2025-02-23 22:47:00,PRODUCCION,BAJA_DOTACION,3,0.2445
RST_00000099,2025-02-24 01:40:00,2025-02-24 04:17:00,LOGISTICA,LIMITACION_TRANSPORTISTA,2,0.0709
RST_00000100,2025-02-24 18:35:00,2025-02-24 22:39:00,CARGA,MANTENIMIENTO_CARGA,5,0.2672
RST_00000101,2025-02-24 17:36:00,2025-02-24 21:35:00,PATIO,SATURACION_ZONA,4,0.1839
RST_00000102,2025-02-25 01:31:00,2025-02-25 04:29:00,PATIO,SATURACION_ZONA,3,0.2155
RST_00000103,2025-02-25 19:33:00,2025-02-25 23:59:00,PRODUCCION,BAJA_DOTACION,4,0.2354
RST_00000104,2025-02-25 21:56:00,2025-02-26 01:42:00,PATIO,REORGANIZACION_FLUJO,3,0.1475
RST_00000105,2025-02-25 18:48:00,2025-02-25 21:41:00,PATIO,SATURACION_ZONA,3,0.1904
RST_00000106,2025-02-25 17:57:00,2025-02-25 21:50:00,PRODUCCION,RETRABAJO_ELEVADO,4,0.2512
RST_00000107,2025-02-26 01:43:00,2025-02-26 06:01:00,PATIO,SATURACION_ZONA,3,0.2349
RST_00000108,2025-02-26 14:26:00,2025-02-26 18:39:00,PRODUCCION,BAJA_DOTACION,4,0.1505
RST_00000109,2025-02-26 22:40:00,2025-02-27 00:48:00,CARGA,MANTENIMIENTO_CARGA,1,0.05
RST_00000110,2025-02-27 00:31:00,2025-02-27 03:13:00,CARGA,CAPACIDAD_CARGA_LIMITADA,3,0.1355
RST_00000111,2025-02-27 05:54:00,2025-02-27 09:31:00,LOGISTICA,LIMITACION_TRANSPORTISTA,4,0.1806
RST_00000112,2025-03-02 05:10:00,2025-03-02 08:23:00,CARGA,MANTENIMIENTO_CARGA,4,0.2523
RST_00000113,2025-03-02 23:18:00,2025-03-03 03:31:00,ENERGIA,ALERTA_TERMICA,3,0.189
RST_00000114,2025-03-03 11:04:00,2025-03-03 14:15:00,PRODUCCION,RETRABAJO_ELEVADO,3,0.1411
RST_00000115,2025-03-03 16:44:00,2025-03-03 19:53:00,CARGA,AVERIA_CARGADOR,4,0.2447
RST_00000116,2025-03-05 15:20:00,2025-03-05 19:47:00,PATIO,REORGANIZACION_FLUJO,5,0.2546
RST_00000117,2025-03-05 20:24:00,2025-03-05 23:35:00,LOGISTICA,INCIDENCIA_DOCUMENTAL,4,0.2425
RST_00000118,2025-03-06 22:00:00,2025-03-07 01:17:00,LOGISTICA,INCIDENCIA_DOCUMENTAL,4,0.2102
RST_00000119,2025-03-06 22:26:00,2025-03-07 01:24:00,PATIO,SATURACION_ZONA,3,0.2387
RST_00000120,2025-03-07 07:25:00,2025-03-07 12:45:00,PATIO,SATURACION_ZONA,5,0.2405
RST_00000121,2025-03-07 13:15:00,2025-03-07 14:41:00,PRODUCCION,BAJA_DOTACION,1,0.0982
RST_00000122,2025-03-07 18:07:00,2025-03-07 20:55:00,CARGA,CAPACIDAD_CARGA_LIMITADA,4,0.2546
RST_00000123,2025-03-09 15:19:00,2025-03-09 19:13:00,PRODUCCION,RETRABAJO_ELEVADO,4,0.2385
RST_00000124,2025-03-09 15:31:00,2025-03-09 16:50:00,PRODUCCION,RETRABAJO_ELEVADO,1,0.1089
RST_00000125,2025-03-10 01:48:00,2025-03-10 04:18:00,PATIO,SATURACION_ZONA,2,0.1683
RST_00000126,2025-03-10 21:53:00,2025-03-11 01:46:00,ENERGIA,CURTAILMENT_REDES,3,0.1782
RST_00000127,2025-03-10 22:57:00,2025-03-11 01:53:00,PRODUCCION,BAJA_DOTACION,3,0.1608
RST_00000128,2025-03-12 10:53:00,2025-03-12 13:33:00,ENERGIA,RESTRICCION_POTENCIA,2,0.05
RST_00000129,2025-03-12 19:10:00,2025-03-12 21:40:00,CARGA,AVERIA_CARGADOR,3,0.2325
RST_00000130,2025-03-13 17:55:00,2025-03-13 21:47:00,LOGISTICA,INCIDENCIA_DOCUMENTAL,3,0.2256
RST_00000131,2025-03-14 01:14:00,2025-03-14 02:53:00,PRODUCCION,MICROPARADAS_LINEA,1,0.1407
RST_00000132,2025-03-14 14:55:00,2025-03-14 17:17:00,LOGISTICA,LIMITACION_TRANSPORTISTA,2,0.1668
RST_00000133,2025-03-14 22:58:00,2025-03-15 03:35:00,PRODUCCION,MICROPARADAS_LINEA,4,0.1512
RST_00000134,2025-03-15 02:56:00,2025-03-15 04:26:00,PRODUCCION,MICROPARADAS_LINEA,2,0.1418
RST_00000135,2025-03-15 18:43:00,2025-03-15 20:36:00,CARGA,CAPACIDAD_CARGA_LIMITADA,2,0.1461
RST_00000136,2025-03-15 20:40:00,2025-03-15 23:00:00,LOGISTICA,FALTA_SLOT_TRANSPORTE,2,0.1185
RST_00000137,2025-03-15 17:38:00,2025-03-15 19:57:00,PRODUCCION,MICROPARADAS_LINEA,2,0.1035
RST_00000138,2025-03-16 06:04:00,2025-03-16 08:51:00,PATIO,BLOQUEO_POSICIONES,2,0.1772
RST_00000139,2025-03-17 19:17:00,2025-03-17 21:59:00,PRODUCCION,RETRABAJO_ELEVADO,3,0.1752
RST_00000140,2025-03-17 23:29:00,2025-03-18 03:27:00,CARGA,MANTENIMIENTO_CARGA,5,0.2665
RST_00000141,2025-03-18 06:58:00,2025-03-18 10:23:00,PRODUCCION,RETRABAJO_ELEVADO,4,0.2314
RST_00000142,2025-03-18 20:29:00,2025-03-18 21:28:00,PATIO,REORGANIZACION_FLUJO,1,0.0809
RST_00000143,2025-03-18 19:07:00,2025-03-18 21:18:00,LOGISTICA,FALTA_SLOT_TRANSPORTE,3,0.2034
RST_00000144,2025-03-19 02:53:00,2025-03-19 07:18:00,CARGA,MANTENIMIENTO_CARGA,4,0.207
RST_00000145,2025-03-19 04:04:00,2025-03-19 06:49:00,CARGA,MANTENIMIENTO_CARGA,2,0.1496
RST_00000146,2025-03-19 09:55:00,2025-03-19 11:34:00,LOGISTICA,INCIDENCIA_DOCUMENTAL,2,0.1547
RST_00000147,2025-03-19 06:32:00,2025-03-19 10:37:00,CARGA,AVERIA_CARGADOR,4,0.2475
RST_00000148,2025-03-20 04:15:00,2025-03-20 06:44:00,CARGA,CAPACIDAD_CARGA_LIMITADA,3,0.1374
RST_00000149,2025-03-20 02:52:00,2025-03-20 05:15:00,PRODUCCION,RETRABAJO_ELEVADO,2,0.1981
RST_00000150,2025-03-20 00:37:00,2025-03-20 04:26:00,PATIO,SATURACION_ZONA,3,0.1727
RST_00000151,2025-03-20 16:04:00,2025-03-20 19:32:00,PRODUCCION,RETRABAJO_ELEVADO,3,0.1193
RST_00000152,2025-03-22 00:30:00,2025-03-22 03:41:00,PRODUCCION,RETRABAJO_ELEVADO,4,0.226
RST_00000153,2025-03-22 20:15:00,2025-03-22 21:57:00,PATIO,SATURACION_ZONA,3,0.2328
RST_00000154,2025-03-23 07:08:00,2025-03-23 09:50:00,CARGA,MANTENIMIENTO_CARGA,2,0.1228
RST_00000155,2025-03-24 19:35:00,2025-03-24 23:04:00,ENERGIA,ALERTA_TERMICA,3,0.2015
RST_00000156,2025-03-25 01:27:00,2025-03-25 03:14:00,LOGISTICA,FALTA_SLOT_TRANSPORTE,2,0.1562
RST_00000157,2025-03-25 13:33:00,2025-03-25 17:26:00,ENERGIA,CURTAILMENT_REDES,4,0.1358
RST_00000158,2025-03-25 17:43:00,2025-03-25 21:18:00,LOGISTICA,LIMITACION_TRANSPORTISTA,4,0.2581
RST_00000159,2025-03-26 04:35:00,2025-03-26 08:36:00,CARGA,MANTENIMIENTO_CARGA,4,0.1993
RST_00000160,2025-03-26 09:43:00,2025-03-26 12:26:00,PRODUCCION,BAJA_DOTACION,2,0.198
RST_00000161,2025-03-26 07:40:00,2025-03-26 11:09:00,PRODUCCION,MICROPARADAS_LINEA,4,0.2661
RST_00000162,2025-03-26 13:28:00,2025-03-26 15:41:00,PATIO,REORGANIZACION_FLUJO,2,0.1322
RST_00000163,2025-03-27 02:36:00,2025-03-27 04:48:00,LOGISTICA,INCIDENCIA_DOCUMENTAL,2,0.1547
RST_00000164,2025-03-27 09:42:00,2025-03-27 15:09:00,PRODUCCION,BAJA_DOTACION,5,0.2292
RST_00000165,2025-03-27 19:28:00,2025-03-27 22:32:00,PATIO,SATURACION_ZONA,3,0.13
RST_00000166,2025-03-28 01:53:00,2025-03-28 03:50:00,LOGISTICA,INCIDENCIA_DOCUMENTAL,2,0.0985
RST_00000167,2025-03-29 03:51:00,2025-03-29 07:15:00,ENERGIA,RESTRICCION_POTENCIA,3,0.1455
RST_00000168,2025-03-29 12:32:00,2025-03-29 15:28:00,PATIO,SATURACION_ZONA,2,0.1309
RST_00000169,2025-03-30 01:35:00,2025-03-30 05:04:00,CARGA,MANTENIMIENTO_CARGA,2,0.1168
RST_00000170,2025-03-31 01:37:00,2025-03-31 04:20:00,CARGA,CAPACIDAD_CARGA_LIMITADA,3,0.1822
RST_00000171,2025-03-31 01:07:00,2025-03-31 03:17:00,PRODUCCION,BAJA_DOTACION,2,0.119
RST_00000172,2025-03-31 18:33:00,2025-03-31 21:09:00,PATIO,SATURACION_ZONA,2,0.1048
RST_00000173,2025-03-31 19:35:00,2025-03-31 22:31:00,LOGISTICA,INCIDENCIA_DOCUMENTAL,3,0.2497
RST_00000174,2025-04-01 14:36:00,2025-04-01 18:42:00,CARGA,MANTENIMIENTO_CARGA,4,0.2616
RST_00000175,2025-04-02 10:40:00,2025-04-02 13:06:00,ENERGIA,ALERTA_TERMICA,2,0.0987
RST_00000176,2025-04-03 17:10:00,2025-04-03 20:50:00,CARGA,MANTENIMIENTO_CARGA,3,0.0917
RST_00000177,2025-04-03 18:07:00,2025-04-03 23:45:00,PATIO,SATURACION_ZONA,5,0.3112
RST_00000178,2025-04-04 06:40:00,2025-04-04 11:18:00,CARGA,AVERIA_CARGADOR,4,0.18
RST_00000179,2025-04-04 07:34:00,2025-04-04 09:40:00,CARGA,AVERIA_CARGADOR,2,0.0709
RST_00000180,2025-04-04 10:11:00,2025-04-04 14:18:00,PRODUCCION,RETRABAJO_ELEVADO,4,0.2082
RST_00000181,2025-04-05 03:56:00,2025-04-05 06:52:00,CARGA,MANTENIMIENTO_CARGA,3,0.2319
RST_00000182,2025-04-05 03:10:00,2025-04-05 04:19:00,CARGA,MANTENIMIENTO_CARGA,1,0.1065
RST_00000183,2025-04-05 09:54:00,2025-04-05 14:24:00,LOGISTICA,INCIDENCIA_DOCUMENTAL,4,0.17
RST_00000184,2025-04-05 12:47:00,2025-04-05 16:46:00,LOGISTICA,INCIDENCIA_DOCUMENTAL,3,0.2247
RST_00000185,2025-04-05 14:42:00,2025-04-05 15:29:00,CARGA,MANTENIMIENTO_CARGA,1,0.05
RST_00000186,2025-04-05 22:20:00,2025-04-06 01:59:00,CARGA,AVERIA_CARGADOR,4,0.1956
RST_00000187,2025-04-06 02:27:00,2025-04-06 04:55:00,CARGA,MANTENIMIENTO_CARGA,2,0.136
RST_00000188,2025-04-05 23:57:00,2025-04-06 03:27:00,PATIO,BLOQUEO_POSICIONES,4,0.3003
RST_00000189,2025-04-06 07:54:00,2025-04-06 10:25:00,CARGA,MANTENIMIENTO_CARGA,2,0.1953
RST_00000190,2025-04-06 10:40:00,2025-04-06 14:25:00,CARGA,CAPACIDAD_CARGA_LIMITADA,3,0.1805
RST_00000191,2025-04-06 06:51:00,2025-04-06 09:08:00,LOGISTICA,INCIDENCIA_DOCUMENTAL,2,0.081
RST_00000192,2025-04-07 01:07:00,2025-04-07 03:48:00,CARGA,CAPACIDAD_CARGA_LIMITADA,2,0.1278
RST_00000193,2025-04-06 23:54:00,2025-04-07 04:51:00,LOGISTICA,FALTA_SLOT_TRANSPORTE,5,0.3065
RST_00000194,2025-04-09 05:57:00,2025-04-09 09:01:00,ENERGIA,RESTRICCION_POTENCIA,2,0.05
RST_00000195,2025-04-10 07:22:00,2025-04-10 10:13:00,ENERGIA,CURTAILMENT_REDES,4,0.194
RST_00000196,2025-04-11 05:43:00,2025-04-11 10:23:00,ENERGIA,ALERTA_TERMICA,5,0.2546
RST_00000197,2025-04-11 03:46:00,2025-04-11 08:11:00,PRODUCCION,RETRABAJO_ELEVADO,5,0.2799
RST_00000198,2025-04-11 09:32:00,2025-04-11 12:30:00,PATIO,SATURACION_ZONA,3,0.1733
RST_00000199,2025-04-11 18:25:00,2025-04-11 21:34:00,CARGA,MANTENIMIENTO_CARGA,3,0.1308
RST_00000200,2025-04-13 04:19:00,2025-04-13 09:17:00,PATIO,REORGANIZACION_FLUJO,5,0.2208
RST_00000201,2025-04-12 22:26:00,2025-04-13 00:15:00,PATIO,SATURACION_ZONA,1,0.0529
RST_00000202,2025-04-13 08:36:00,2025-04-13 11:43:00,LOGISTICA,FALTA_SLOT_TRANSPORTE,3,0.1624
RST_00000203,2025-04-13 21:26:00,2025-04-14 01:23:00,LOGISTICA,FALTA_SLOT_TRANSPORTE,3,0.2135
RST_00000204,2025-04-14 20:21:00,2025-04-14 23:35:00,PRODUCCION,BAJA_DOTACION,3,0.1882
RST_00000205,2025-04-15 02:21:00,2025-04-15 06:24:00,PRODUCCION,BAJA_DOTACION,4,0.2579
RST_00000206,2025-04-15 03:49:00,2025-04-15 06:49:00,PATIO,REORGANIZACION_FLUJO,3,0.1585
RST_00000207,2025-04-15 12:47:00,2025-04-15 17:11:00,PATIO,SATURACION_ZONA,4,0.2195
RST_00000208,2025-04-15 21:24:00,2025-04-16 01:34:00,CARGA,MANTENIMIENTO_CARGA,5,0.2669
RST_00000209,2025-04-16 07:38:00,2025-04-16 11:26:00,PATIO,SATURACION_ZONA,3,0.2268
RST_00000210,2025-04-17 17:53:00,2025-04-17 20:59:00,PATIO,REORGANIZACION_FLUJO,3,0.2681
RST_00000211,2025-04-17 20:19:00,2025-04-17 23:08:00,ENERGIA,CURTAILMENT_REDES,2,0.1117
RST_00000212,2025-04-17 14:26:00,2025-04-17 16:30:00,LOGISTICA,INCIDENCIA_DOCUMENTAL,2,0.1585
RST_00000213,2025-04-19 23:00:00,2025-04-20 00:45:00,PRODUCCION,MICROPARADAS_LINEA,1,0.05
RST_00000214,2025-04-19 23:38:00,2025-04-20 03:52:00,ENERGIA,CURTAILMENT_REDES,4,0.1902
RST_00000215,2025-04-20 06:56:00,2025-04-20 08:58:00,ENERGIA,ALERTA_TERMICA,2,0.0909
RST_00000216,2025-04-21 02:46:00,2025-04-21 06:52:00,CARGA,CAPACIDAD_CARGA_LIMITADA,4,0.2216
RST_00000217,2025-04-21 23:45:00,2025-04-22 02:11:00,CARGA,AVERIA_CARGADOR,2,0.2186
RST_00000218,2025-04-22 13:27:00,2025-04-22 16:24:00,CARGA,AVERIA_CARGADOR,2,0.1707
RST_00000219,2025-04-22 10:43:00,2025-04-22 13:13:00,PATIO,BLOQUEO_POSICIONES,2,0.0951
RST_00000220,2025-04-22 15:00:00,2025-04-22 16:49:00,CARGA,CAPACIDAD_CARGA_LIMITADA,2,0.0886
RST_00000221,2025-04-22 20:20:00,2025-04-23 00:50:00,ENERGIA,RESTRICCION_POTENCIA,5,0.2815
RST_00000222,2025-04-23 19:31:00,2025-04-23 22:42:00,PATIO,BLOQUEO_POSICIONES,3,0.1243
RST_00000223,2025-04-23 15:59:00,2025-04-23 17:45:00,CARGA,CAPACIDAD_CARGA_LIMITADA,2,0.1525
RST_00000224,2025-04-23 23:02:00,2025-04-24 00:57:00,LOGISTICA,FALTA_SLOT_TRANSPORTE,2,0.05
RST_00000225,2025-04-24 04:09:00,2025-04-24 06:09:00,LOGISTICA,LIMITACION_TRANSPORTISTA,1,0.1058
RST_00000226,2025-04-24 08:31:00,2025-04-24 11:20:00,PRODUCCION,MICROPARADAS_LINEA,3,0.2235
RST_00000227,2025-04-25 21:07:00,2025-04-26 00:34:00,PRODUCCION,BAJA_DOTACION,3,0.2357
RST_00000228,2025-04-25 23:59:00,2025-04-26 02:51:00,PRODUCCION,RETRABAJO_ELEVADO,2,0.1739
RST_00000229,2025-04-28 10:56:00,2025-04-28 13:12:00,ENERGIA,CURTAILMENT_REDES,2,0.0923
RST_00000230,2025-04-28 22:41:00,2025-04-29 02:21:00,CARGA,MANTENIMIENTO_CARGA,3,0.1913
RST_00000231,2025-04-29 07:27:00,2025-04-29 09:53:00,CARGA,AVERIA_CARGADOR,3,0.1758
RST_00000232,2025-04-30 11:05:00,2025-04-30 14:13:00,ENERGIA,ALERTA_TERMICA,3,0.1498
RST_00000233,2025-05-01 04:24:00,2025-05-01 07:49:00,LOGISTICA,FALTA_SLOT_TRANSPORTE,3,0.1843
RST_00000234,2025-05-01 09:46:00,2025-05-01 12:57:00,PRODUCCION,MICROPARADAS_LINEA,3,0.2652
RST_00000235,2025-05-01 12:16:00,2025-05-01 17:03:00,LOGISTICA,INCIDENCIA_DOCUMENTAL,5,0.305
RST_00000236,2025-05-01 07:22:00,2025-05-01 11:17:00,PATIO,BLOQUEO_POSICIONES,4,0.297
RST_00000237,2025-05-01 17:57:00,2025-05-01 20:44:00,PATIO,BLOQUEO_POSICIONES,3,0.1608
RST_00000238,2025-05-02 00:45:00,2025-05-02 05:02:00,PATIO,BLOQUEO_POSICIONES,4,0.2219
RST_00000239,2025-05-02 00:44:00,2025-05-02 04:11:00,PATIO,BLOQUEO_POSICIONES,3,0.1456
RST_00000240,2025-05-02 12:48:00,2025-05-02 15:25:00,CARGA,AVERIA_CARGADOR,2,0.1308
RST_00000241,2025-05-02 06:32:00,2025-05-02 10:33:00,PRODUCCION,RETRABAJO_ELEVADO,4,0.1961
RST_00000242,2025-05-02 15:13:00,2025-05-02 17:53:00,LOGISTICA,INCIDENCIA_DOCUMENTAL,3,0.1997
RST_00000243,2025-05-02 16:33:00,2025-05-02 21:11:00,PATIO,BLOQUEO_POSICIONES,4,0.1448
RST_00000244,2025-05-02 15:09:00,2025-05-02 16:41:00,LOGISTICA,LIMITACION_TRANSPORTISTA,1,0.0812
RST_00000245,2025-05-03 03:01:00,2025-05-03 05:53:00,CARGA,AVERIA_CARGADOR,2,0.1514
RST_00000246,2025-05-03 04:51:00,2025-05-03 08:25:00,LOGISTICA,LIMITACION_TRANSPORTISTA,2,0.1225
RST_00000247,2025-05-03 06:57:00,2025-05-03 11:05:00,CARGA,CAPACIDAD_CARGA_LIMITADA,4,0.1546
RST_00000248,2025-05-04 03:45:00,2025-05-04 07:42:00,LOGISTICA,LIMITACION_TRANSPORTISTA,4,0.2653
RST_00000249,2025-05-04 23:20:00,2025-05-05 03:31:00,PATIO,REORGANIZACION_FLUJO,5,0.2624
RST_00000250,2025-05-05 04:57:00,2025-05-05 09:27:00,PATIO,BLOQUEO_POSICIONES,4,0.1766
RST_00000251,2025-05-05 23:01:00,2025-05-06 03:45:00,PRODUCCION,MICROPARADAS_LINEA,4,0.2097
RST_00000252,2025-05-06 03:14:00,2025-05-06 06:15:00,LOGISTICA,INCIDENCIA_DOCUMENTAL,2,0.1879
RST_00000253,2025-05-06 13:14:00,2025-05-06 15:48:00,CARGA,MANTENIMIENTO_CARGA,2,0.0877
RST_00000254,2025-05-06 07:06:00,2025-05-06 11:07:00,CARGA,MANTENIMIENTO_CARGA,3,0.2589
RST_00000255,2025-05-07 21:17:00,2025-05-08 01:11:00,CARGA,CAPACIDAD_CARGA_LIMITADA,3,0.1764
RST_00000256,2025-05-07 22:02:00,2025-05-08 02:06:00,PATIO,REORGANIZACION_FLUJO,3,0.1766
RST_00000257,2025-05-08 00:40:00,2025-05-08 03:57:00,PRODUCCION,RETRABAJO_ELEVADO,4,0.1454
RST_00000258,2025-05-08 14:39:00,2025-05-08 16:34:00,PATIO,REORGANIZACION_FLUJO,1,0.0942
RST_00000259,2025-05-09 01:54:00,2025-05-09 04:47:00,PRODUCCION,MICROPARADAS_LINEA,3,0.1663
RST_00000260,2025-05-09 12:55:00,2025-05-09 15:31:00,PATIO,BLOQUEO_POSICIONES,3,0.1293
RST_00000261,2025-05-09 06:10:00,2025-05-09 09:20:00,CARGA,CAPACIDAD_CARGA_LIMITADA,4,0.1144
RST_00000262,2025-05-09 06:19:00,2025-05-09 10:13:00,PATIO,BLOQUEO_POSICIONES,3,0.1542
RST_00000263,2025-05-10 09:44:00,2025-05-10 13:18:00,PATIO,REORGANIZACION_FLUJO,3,0.2148
RST_00000264,2025-05-10 14:33:00,2025-05-10 16:27:00,CARGA,CAPACIDAD_CARGA_LIMITADA,2,0.0608
RST_00000265,2025-05-11 13:43:00,2025-05-11 16:46:00,PRODUCCION,BAJA_DOTACION,2,0.1102
RST_00000266,2025-05-11 12:34:00,2025-05-11 17:32:00,PRODUCCION,RETRABAJO_ELEVADO,5,0.2594
RST_00000267,2025-05-13 01:28:00,2025-05-13 03:56:00,LOGISTICA,FALTA_SLOT_TRANSPORTE,2,0.1226
RST_00000268,2025-05-13 00:21:00,2025-05-13 04:03:00,PATIO,SATURACION_ZONA,4,0.2284
RST_00000269,2025-05-14 09:21:00,2025-05-14 12:38:00,CARGA,AVERIA_CARGADOR,3,0.2027
RST_00000270,2025-05-14 16:45:00,2025-05-14 19:43:00,PRODUCCION,RETRABAJO_ELEVADO,3,0.1718
RST_00000271,2025-05-14 19:51:00,2025-05-14 21:40:00,CARGA,MANTENIMIENTO_CARGA,3,0.2648
RST_00000272,2025-05-15 04:54:00,2025-05-15 10:28:00,PRODUCCION,RETRABAJO_ELEVADO,5,0.2387
RST_00000273,2025-05-14 22:11:00,2025-05-15 01:34:00,PRODUCCION,BAJA_DOTACION,3,0.1933
RST_00000274,2025-05-15 09:15:00,2025-05-15 14:37:00,PATIO,BLOQUEO_POSICIONES,5,0.292
RST_00000275,2025-05-15 18:39:00,2025-05-15 20:59:00,LOGISTICA,INCIDENCIA_DOCUMENTAL,2,0.2068
RST_00000276,2025-05-15 19:40:00,2025-05-15 22:08:00,PRODUCCION,MICROPARADAS_LINEA,1,0.0925
RST_00000277,2025-05-16 02:26:00,2025-05-16 05:22:00,CARGA,CAPACIDAD_CARGA_LIMITADA,3,0.263
RST_00000278,2025-05-16 13:55:00,2025-05-16 17:17:00,PRODUCCION,RETRABAJO_ELEVADO,3,0.1441
RST_00000279,2025-05-16 16:28:00,2025-05-16 18:02:00,PATIO,REORGANIZACION_FLUJO,1,0.05
RST_00000280,2025-05-17 02:05:00,2025-05-17 06:37:00,PRODUCCION,MICROPARADAS_LINEA,4,0.2036
RST_00000281,2025-05-17 04:43:00,2025-05-17 09:54:00,PATIO,SATURACION_ZONA,5,0.2631
RST_00000282,2025-05-17 12:13:00,2025-05-17 15:44:00,ENERGIA,ALERTA_TERMICA,4,0.2071
RST_00000283,2025-05-18 04:43:00,2025-05-18 08:04:00,PRODUCCION,BAJA_DOTACION,3,0.1779
RST_00000284,2025-05-18 12:29:00,2025-05-18 13:15:00,PATIO,SATURACION_ZONA,1,0.1769
RST_00000285,2025-05-18 10:07:00,2025-05-18 13:35:00,CARGA,MANTENIMIENTO_CARGA,3,0.1927
RST_00000286,2025-05-19 05:10:00,2025-05-19 07:41:00,ENERGIA,ALERTA_TERMICA,3,0.167
RST_00000287,2025-05-19 05:15:00,2025-05-19 09:15:00,LOGISTICA,LIMITACION_TRANSPORTISTA,3,0.2508
RST_00000288,2025-05-19 07:44:00,2025-05-19 10:24:00,CARGA,CAPACIDAD_CARGA_LIMITADA,3,0.107
RST_00000289,2025-05-19 10:37:00,2025-05-19 13:59:00,LOGISTICA,FALTA_SLOT_TRANSPORTE,3,0.1437
RST_00000290,2025-05-19 19:52:00,2025-05-19 22:08:00,CARGA,AVERIA_CARGADOR,2,0.1417
RST_00000291,2025-05-19 15:45:00,2025-05-19 18:18:00,CARGA,CAPACIDAD_CARGA_LIMITADA,2,0.2077
RST_00000292,2025-05-19 18:13:00,2025-05-19 21:36:00,CARGA,MANTENIMIENTO_CARGA,3,0.2108
RST_00000293,2025-05-20 03:02:00,2025-05-20 07:34:00,LOGISTICA,LIMITACION_TRANSPORTISTA,4,0.2347
RST_00000294,2025-05-21 13:29:00,2025-05-21 16:52:00,PRODUCCION,BAJA_DOTACION,4,0.1846
RST_00000295,2025-05-21 15:46:00,2025-05-21 18:17:00,PATIO,BLOQUEO_POSICIONES,3,0.1585
RST_00000296,2025-05-21 14:30:00,2025-05-21 17:15:00,PATIO,SATURACION_ZONA,3,0.2152
RST_00000297,2025-05-22 04:18:00,2025-05-22 09:08:00,PATIO,REORGANIZACION_FLUJO,4,0.1745
RST_00000298,2025-05-22 03:01:00,2025-05-22 07:44:00,PATIO,BLOQUEO_POSICIONES,5,0.1801
RST_00000299,2025-05-22 07:47:00,2025-05-22 09:44:00,PRODUCCION,BAJA_DOTACION,2,0.1127
RST_00000300,2025-05-22 15:55:00,2025-05-22 19:24:00,PATIO,BLOQUEO_POSICIONES,3,0.1246
RST_00000301,2025-05-23 12:40:00,2025-05-23 16:15:00,CARGA,AVERIA_CARGADOR,3,0.1348
RST_00000302,2025-05-23 06:51:00,2025-05-23 10:40:00,PRODUCCION,MICROPARADAS_LINEA,3,0.1678
RST_00000303,2025-05-23 13:16:00,2025-05-23 16:00:00,LOGISTICA,FALTA_SLOT_TRANSPORTE,3,0.1737
RST_00000304,2025-05-23 11:09:00,2025-05-23 13:23:00,CARGA,CAPACIDAD_CARGA_LIMITADA,3,0.1367
RST_00000305,2025-05-24 01:53:00,2025-05-24 06:33:00,CARGA,CAPACIDAD_CARGA_LIMITADA,5,0.2603
RST_00000306,2025-05-24 01:15:00,2025-05-24 05:42:00,PATIO,SATURACION_ZONA,5,0.2366
RST_00000307,2025-05-24 09:45:00,2025-05-24 13:23:00,PRODUCCION,MICROPARADAS_LINEA,4,0.2018
RST_00000308,2025-05-24 13:04:00,2025-05-24 15:28:00,CARGA,MANTENIMIENTO_CARGA,2,0.1255
RST_00000309,2025-05-24 20:58:00,2025-05-24 23:25:00,LOGISTICA,FALTA_SLOT_TRANSPORTE,2,0.1387
RST_00000310,2025-05-25 18:18:00,2025-05-25 20:47:00,CARGA,CAPACIDAD_CARGA_LIMITADA,2,0.1443
RST_00000311,2025-05-25 19:13:00,2025-05-25 22:14:00,LOGISTICA,INCIDENCIA_DOCUMENTAL,3,0.1927
RST_00000312,2025-05-28 21:01:00,2025-05-29 00:05:00,PATIO,BLOQUEO_POSICIONES,3,0.2175
RST_00000313,2025-05-29 15:13:00,2025-05-29 16:33:00,ENERGIA,CURTAILMENT_REDES,2,0.1027
RST_00000314,2025-05-29 14:49:00,2025-05-29 19:33:00,PATIO,BLOQUEO_POSICIONES,5,0.2486
RST_00000315,2025-05-29 21:12:00,2025-05-30 01:09:00,LOGISTICA,INCIDENCIA_DOCUMENTAL,4,0.2368
RST_00000316,2025-05-30 00:20:00,2025-05-30 04:42:00,PRODUCCION,MICROPARADAS_LINEA,4,0.2139
RST_00000317,2025-05-29 22:31:00,2025-05-30 01:04:00,ENERGIA,RESTRICCION_POTENCIA,2,0.1536
RST_00000318,2025-05-30 21:39:00,2025-05-31 01:07:00,PRODUCCION,RETRABAJO_ELEVADO,4,0.2102
RST_00000319,2025-05-31 04:19:00,2025-05-31 07:31:00,LOGISTICA,INCIDENCIA_DOCUMENTAL,3,0.1728
RST_00000320,2025-05-31 01:02:00,2025-05-31 05:50:00,ENERGIA,CURTAILMENT_REDES,5,0.2592
RST_00000321,2025-05-30 23:19:00,2025-05-31 02:44:00,CARGA,AVERIA_CARGADOR,3,0.1322
RST_00000322,2025-05-31 08:19:00,2025-05-31 11:53:00,LOGISTICA,LIMITACION_TRANSPORTISTA,3,0.1511
RST_00000323,2025-06-01 01:02:00,2025-06-01 03:01:00,CARGA,AVERIA_CARGADOR,3,0.1817
RST_00000324,2025-06-01 11:58:00,2025-06-01 14:25:00,CARGA,AVERIA_CARGADOR,2,0.1077
RST_00000325,2025-06-01 23:16:00,2025-06-02 02:32:00,PATIO,SATURACION_ZONA,3,0.1463
RST_00000326,2025-06-02 05:02:00,2025-06-02 06:37:00,LOGISTICA,FALTA_SLOT_TRANSPORTE,1,0.1142
RST_00000327,2025-06-02 10:53:00,2025-06-02 14:17:00,PATIO,BLOQUEO_POSICIONES,3,0.1207
RST_00000328,2025-06-02 10:16:00,2025-06-02 14:07:00,CARGA,AVERIA_CARGADOR,3,0.1978
RST_00000329,2025-06-04 06:54:00,2025-06-04 08:53:00,CARGA,AVERIA_CARGADOR,1,0.1051
RST_00000330,2025-06-04 13:34:00,2025-06-04 17:39:00,PRODUCCION,BAJA_DOTACION,3,0.2375
RST_00000331,2025-06-05 01:04:00,2025-06-05 05:07:00,PATIO,SATURACION_ZONA,4,0.1893
RST_00000332,2025-06-05 06:57:00,2025-06-05 10:39:00,PRODUCCION,MICROPARADAS_LINEA,4,0.2449
RST_00000333,2025-06-05 15:13:00,2025-06-05 19:19:00,PRODUCCION,BAJA_DOTACION,5,0.2713
RST_00000334,2025-06-05 21:33:00,2025-06-05 23:39:00,PRODUCCION,RETRABAJO_ELEVADO,3,0.2631
RST_00000335,2025-06-06 11:44:00,2025-06-06 14:19:00,PATIO,REORGANIZACION_FLUJO,3,0.2291
RST_00000336,2025-06-06 19:00:00,2025-06-06 21:39:00,CARGA,AVERIA_CARGADOR,3,0.2034
RST_00000337,2025-06-06 21:29:00,2025-06-07 00:36:00,LOGISTICA,LIMITACION_TRANSPORTISTA,3,0.1639
RST_00000338,2025-06-06 20:24:00,2025-06-07 00:21:00,PATIO,SATURACION_ZONA,3,0.1764
RST_00000339,2025-06-06 18:16:00,2025-06-06 21:19:00,PRODUCCION,RETRABAJO_ELEVADO,2,0.2028
RST_00000340,2025-06-07 06:29:00,2025-06-07 10:06:00,CARGA,MANTENIMIENTO_CARGA,3,0.2182
RST_00000341,2025-06-07 14:05:00,2025-06-07 17:08:00,ENERGIA,ALERTA_TERMICA,3,0.1954
RST_00000342,2025-06-07 22:27:00,2025-06-08 03:25:00,PRODUCCION,MICROPARADAS_LINEA,5,0.2749
RST_00000343,2025-06-08 02:36:00,2025-06-08 06:24:00,LOGISTICA,LIMITACION_TRANSPORTISTA,3,0.2193
RST_00000344,2025-06-09 23:56:00,2025-06-10 03:46:00,PRODUCCION,BAJA_DOTACION,5,0.2054
RST_00000345,2025-06-10 08:08:00,2025-06-10 11:03:00,ENERGIA,RESTRICCION_POTENCIA,3,0.1785
RST_00000346,2025-06-11 00:02:00,2025-06-11 01:55:00,LOGISTICA,FALTA_SLOT_TRANSPORTE,1,0.05
RST_00000347,2025-06-11 18:29:00,2025-06-11 22:00:00,CARGA,MANTENIMIENTO_CARGA,3,0.1214
RST_00000348,2025-06-12 10:13:00,2025-06-12 13:15:00,PRODUCCION,BAJA_DOTACION,3,0.188
RST_00000349,2025-06-12 06:22:00,2025-06-12 08:53:00,PATIO,REORGANIZACION_FLUJO,3,0.2566
RST_00000350,2025-06-12 17:06:00,2025-06-12 20:57:00,PATIO,BLOQUEO_POSICIONES,5,0.2968
RST_00000351,2025-06-12 16:11:00,2025-06-12 18:25:00,LOGISTICA,FALTA_SLOT_TRANSPORTE,1,0.1235
RST_00000352,2025-06-13 01:52:00,2025-06-13 04:17:00,CARGA,MANTENIMIENTO_CARGA,2,0.1532
RST_00000353,2025-06-13 10:26:00,2025-06-13 12:45:00,LOGISTICA,LIMITACION_TRANSPORTISTA,2,0.2231
RST_00000354,2025-06-13 16:08:00,2025-06-13 19:42:00,LOGISTICA,FALTA_SLOT_TRANSPORTE,4,0.2226
RST_00000355,2025-06-13 14:11:00,2025-06-13 16:14:00,CARGA,AVERIA_CARGADOR,1,0.1099
RST_00000356,2025-06-14 00:51:00,2025-06-14 04:09:00,PATIO,REORGANIZACION_FLUJO,5,0.2462
RST_00000357,2025-06-15 05:51:00,2025-06-15 09:26:00,PRODUCCION,MICROPARADAS_LINEA,4,0.2334
RST_00000358,2025-06-15 04:46:00,2025-06-15 10:03:00,PRODUCCION,BAJA_DOTACION,5,0.2329
RST_00000359,2025-06-15 14:26:00,2025-06-15 16:39:00,PRODUCCION,BAJA_DOTACION,2,0.1431
RST_00000360,2025-06-16 03:59:00,2025-06-16 07:29:00,PRODUCCION,BAJA_DOTACION,3,0.0679
RST_00000361,2025-06-15 23:55:00,2025-06-16 04:22:00,LOGISTICA,INCIDENCIA_DOCUMENTAL,5,0.2322
RST_00000362,2025-06-16 17:03:00,2025-06-16 21:18:00,CARGA,AVERIA_CARGADOR,5,0.2326
RST_00000363,2025-06-17 00:28:00,2025-06-17 03:37:00,CARGA,CAPACIDAD_CARGA_LIMITADA,2,0.1268
RST_00000364,2025-06-17 10:39:00,2025-06-17 13:40:00,PRODUCCION,RETRABAJO_ELEVADO,3,0.2551
RST_00000365,2025-06-17 21:55:00,2025-06-18 00:08:00,LOGISTICA,INCIDENCIA_DOCUMENTAL,2,0.1732
RST_00000366,2025-06-17 22:31:00,2025-06-18 04:05:00,LOGISTICA,FALTA_SLOT_TRANSPORTE,5,0.2554
RST_00000367,2025-06-18 23:25:00,2025-06-19 02:10:00,PRODUCCION,BAJA_DOTACION,3,0.1859
RST_00000368,2025-06-19 13:50:00,2025-06-19 14:44:00,CARGA,CAPACIDAD_CARGA_LIMITADA,1,0.0949
RST_00000369,2025-06-19 23:41:00,2025-06-20 03:48:00,PATIO,SATURACION_ZONA,4,0.2329
RST_00000370,2025-06-20 03:31:00,2025-06-20 06:52:00,LOGISTICA,INCIDENCIA_DOCUMENTAL,4,0.2352
RST_00000371,2025-06-20 10:51:00,2025-06-20 15:04:00,PATIO,REORGANIZACION_FLUJO,5,0.2416
RST_00000372,2025-06-20 16:41:00,2025-06-20 19:31:00,ENERGIA,RESTRICCION_POTENCIA,3,0.1999
RST_00000373,2025-06-20 17:21:00,2025-06-20 19:19:00,ENERGIA,ALERTA_TERMICA,2,0.1684
RST_00000374,2025-06-21 03:29:00,2025-06-21 07:43:00,PATIO,SATURACION_ZONA,4,0.2254
RST_00000375,2025-06-21 04:20:00,2025-06-21 08:46:00,PRODUCCION,RETRABAJO_ELEVADO,4,0.298
RST_00000376,2025-06-21 04:59:00,2025-06-21 07:58:00,CARGA,MANTENIMIENTO_CARGA,3,0.1064
RST_00000377,2025-06-21 05:56:00,2025-06-21 09:16:00,LOGISTICA,FALTA_SLOT_TRANSPORTE,4,0.1843
RST_00000378,2025-06-21 08:54:00,2025-06-21 11:29:00,PRODUCCION,BAJA_DOTACION,3,0.2671
RST_00000379,2025-06-22 02:44:00,2025-06-22 06:14:00,CARGA,AVERIA_CARGADOR,4,0.1896
RST_00000380,2025-06-22 02:19:00,2025-06-22 05:01:00,PATIO,BLOQUEO_POSICIONES,3,0.2057
RST_00000381,2025-06-21 23:29:00,2025-06-22 01:51:00,LOGISTICA,INCIDENCIA_DOCUMENTAL,3,0.1726
RST_00000382,2025-06-22 20:26:00,2025-06-23 00:42:00,LOGISTICA,INCIDENCIA_DOCUMENTAL,5,0.2902
RST_00000383,2025-06-22 14:41:00,2025-06-22 17:39:00,CARGA,MANTENIMIENTO_CARGA,2,0.1338
RST_00000384,2025-06-23 17:56:00,2025-06-23 22:11:00,PATIO,REORGANIZACION_FLUJO,4,0.2322
RST_00000385,2025-06-24 19:58:00,2025-06-24 22:45:00,ENERGIA,RESTRICCION_POTENCIA,2,0.2525
RST_00000386,2025-06-25 05:21:00,2025-06-25 09:34:00,PRODUCCION,MICROPARADAS_LINEA,4,0.2038
RST_00000387,2025-06-25 11:24:00,2025-06-25 13:11:00,PATIO,REORGANIZACION_FLUJO,2,0.1035
RST_00000388,2025-06-25 19:49:00,2025-06-26 00:35:00,CARGA,MANTENIMIENTO_CARGA,4,0.2131
RST_00000389,2025-06-26 04:11:00,2025-06-26 07:34:00,CARGA,AVERIA_CARGADOR,3,0.2214
RST_00000390,2025-06-26 07:55:00,2025-06-26 10:29:00,LOGISTICA,INCIDENCIA_DOCUMENTAL,2,0.1094
RST_00000391,2025-06-26 21:53:00,2025-06-27 02:21:00,ENERGIA,ALERTA_TERMICA,4,0.2746
RST_00000392,2025-06-26 14:27:00,2025-06-26 16:58:00,ENERGIA,ALERTA_TERMICA,3,0.1883
RST_00000393,2025-06-26 20:17:00,2025-06-26 23:58:00,PATIO,BLOQUEO_POSICIONES,3,0.128
RST_00000394,2025-06-26 14:51:00,2025-06-26 18:44:00,PATIO,REORGANIZACION_FLUJO,3,0.1501
RST_00000395,2025-06-26 22:12:00,2025-06-27 02:24:00,LOGISTICA,FALTA_SLOT_TRANSPORTE,4,0.2058
RST_00000396,2025-06-27 02:32:00,2025-06-27 07:48:00,PRODUCCION,RETRABAJO_ELEVADO,5,0.247
RST_00000397,2025-06-27 02:56:00,2025-06-27 06:49:00,PATIO,BLOQUEO_POSICIONES,4,0.212
RST_00000398,2025-06-27 06:07:00,2025-06-27 10:05:00,PATIO,REORGANIZACION_FLUJO,4,0.2055
RST_00000399,2025-06-28 04:38:00,2025-06-28 08:45:00,LOGISTICA,FALTA_SLOT_TRANSPORTE,4,0.2226
RST_00000400,2025-06-27 22:52:00,2025-06-28 02:10:00,PATIO,REORGANIZACION_FLUJO,3,0.2109
RST_00000401,2025-06-28 14:25:00,2025-06-28 17:21:00,LOGISTICA,LIMITACION_TRANSPORTISTA,2,0.1169
RST_00000402,2025-06-28 21:49:00,2025-06-29 01:35:00,LOGISTICA,FALTA_SLOT_TRANSPORTE,3,0.1918
RST_00000403,2025-06-29 04:15:00,2025-06-29 07:11:00,CARGA,CAPACIDAD_CARGA_LIMITADA,3,0.199
RST_00000404,2025-06-29 05:03:00,2025-06-29 08:57:00,PRODUCCION,BAJA_DOTACION,4,0.1836
RST_00000405,2025-06-29 07:20:00,2025-06-29 10:26:00,CARGA,MANTENIMIENTO_CARGA,5,0.1915
RST_00000406,2025-06-29 12:33:00,2025-06-29 16:27:00,CARGA,MANTENIMIENTO_CARGA,4,0.2886
RST_00000407,2025-06-29 18:02:00,2025-06-29 21:09:00,PATIO,SATURACION_ZONA,3,0.2066
RST_00000408,2025-06-29 15:36:00,2025-06-29 18:59:00,PATIO,REORGANIZACION_FLUJO,3,0.1595
RST_00000409,2025-06-30 01:22:00,2025-06-30 03:14:00,CARGA,MANTENIMIENTO_CARGA,1,0.05
RST_00000410,2025-06-30 18:11:00,2025-06-30 21:22:00,LOGISTICA,LIMITACION_TRANSPORTISTA,4,0.3263
RST_00000411,2025-07-01 05:05:00,2025-07-01 09:19:00,CARGA,AVERIA_CARGADOR,4,0.2058
RST_00000412,2025-06-30 22:57:00,2025-07-01 00:49:00,PRODUCCION,BAJA_DOTACION,2,0.0938
RST_00000413,2025-07-01 12:34:00,2025-07-01 15:17:00,PRODUCCION,RETRABAJO_ELEVADO,2,0.1113
RST_00000414,2025-07-01 14:12:00,2025-07-01 16:34:00,PRODUCCION,MICROPARADAS_LINEA,2,0.1007
RST_00000415,2025-07-01 17:50:00,2025-07-01 21:20:00,PATIO,REORGANIZACION_FLUJO,3,0.1964
RST_00000416,2025-07-01 21:25:00,2025-07-02 01:19:00,LOGISTICA,INCIDENCIA_DOCUMENTAL,5,0.2712
RST_00000417,2025-07-02 05:15:00,2025-07-02 07:16:00,PATIO,SATURACION_ZONA,3,0.2319
RST_00000418,2025-07-02 08:50:00,2025-07-02 12:32:00,LOGISTICA,LIMITACION_TRANSPORTISTA,3,0.1757
RST_00000419,2025-07-02 11:56:00,2025-07-02 14:22:00,ENERGIA,ALERTA_TERMICA,3,0.2351
RST_00000420,2025-07-03 00:27:00,2025-07-03 04:07:00,PRODUCCION,RETRABAJO_ELEVADO,4,0.1685
RST_00000421,2025-07-03 14:19:00,2025-07-03 17:54:00,PRODUCCION,BAJA_DOTACION,4,0.2234
RST_00000422,2025-07-03 18:56:00,2025-07-03 22:21:00,CARGA,CAPACIDAD_CARGA_LIMITADA,4,0.2036
RST_00000423,2025-07-04 01:05:00,2025-07-04 03:30:00,PATIO,SATURACION_ZONA,2,0.1413
RST_00000424,2025-07-03 23:04:00,2025-07-04 02:00:00,LOGISTICA,INCIDENCIA_DOCUMENTAL,3,0.1708
RST_00000425,2025-07-04 19:12:00,2025-07-04 23:38:00,PRODUCCION,BAJA_DOTACION,5,0.2491
RST_00000426,2025-07-04 21:38:00,2025-07-05 00:54:00,PRODUCCION,BAJA_DOTACION,3,0.2079
RST_00000427,2025-07-05 01:17:00,2025-07-05 05:45:00,ENERGIA,ALERTA_TERMICA,4,0.1945
RST_00000428,2025-07-05 15:07:00,2025-07-05 18:29:00,PATIO,BLOQUEO_POSICIONES,5,0.1985
RST_00000429,2025-07-07 05:17:00,2025-07-07 08:10:00,PRODUCCION,MICROPARADAS_LINEA,4,0.1621
RST_00000430,2025-07-07 05:54:00,2025-07-07 09:59:00,CARGA,CAPACIDAD_CARGA_LIMITADA,4,0.2304
RST_00000431,2025-07-07 07:17:00,2025-07-07 11:25:00,PRODUCCION,BAJA_DOTACION,4,0.2201
RST_00000432,2025-07-07 14:47:00,2025-07-07 16:10:00,PATIO,REORGANIZACION_FLUJO,1,0.0656
RST_00000433,2025-07-07 14:09:00,2025-07-07 17:17:00,PRODUCCION,MICROPARADAS_LINEA,4,0.2206
RST_00000434,2025-07-08 08:30:00,2025-07-08 10:55:00,CARGA,AVERIA_CARGADOR,3,0.0866
RST_00000435,2025-07-08 06:17:00,2025-07-08 10:15:00,LOGISTICA,INCIDENCIA_DOCUMENTAL,4,0.1813
RST_00000436,2025-07-08 13:32:00,2025-07-08 15:36:00,PRODUCCION,RETRABAJO_ELEVADO,2,0.1297
RST_00000437,2025-07-08 17:40:00,2025-07-08 20:59:00,PRODUCCION,BAJA_DOTACION,4,0.2146
RST_00000438,2025-07-09 01:38:00,2025-07-09 03:43:00,PATIO,REORGANIZACION_FLUJO,3,0.1066
RST_00000439,2025-07-10 20:46:00,2025-07-11 00:13:00,PRODUCCION,RETRABAJO_ELEVADO,4,0.1866
RST_00000440,2025-07-11 07:20:00,2025-07-11 09:46:00,LOGISTICA,FALTA_SLOT_TRANSPORTE,3,0.1553
RST_00000441,2025-07-11 18:40:00,2025-07-11 20:31:00,CARGA,CAPACIDAD_CARGA_LIMITADA,1,0.0891
RST_00000442,2025-07-12 05:01:00,2025-07-12 08:34:00,PRODUCCION,RETRABAJO_ELEVADO,3,0.1795
RST_00000443,2025-07-12 10:31:00,2025-07-12 12:46:00,LOGISTICA,LIMITACION_TRANSPORTISTA,3,0.1584
RST_00000444,2025-07-12 16:36:00,2025-07-12 19:58:00,PATIO,BLOQUEO_POSICIONES,4,0.1891
RST_00000445,2025-07-12 14:12:00,2025-07-12 18:21:00,CARGA,MANTENIMIENTO_CARGA,4,0.2059
RST_00000446,2025-07-13 06:22:00,2025-07-13 09:21:00,LOGISTICA,INCIDENCIA_DOCUMENTAL,4,0.1939
RST_00000447,2025-07-13 09:47:00,2025-07-13 12:35:00,PATIO,SATURACION_ZONA,3,0.2089
RST_00000448,2025-07-14 07:42:00,2025-07-14 09:40:00,ENERGIA,RESTRICCION_POTENCIA,1,0.1074
RST_00000449,2025-07-14 13:26:00,2025-07-14 16:51:00,PATIO,BLOQUEO_POSICIONES,4,0.2551
RST_00000450,2025-07-14 18:48:00,2025-07-14 21:59:00,PATIO,BLOQUEO_POSICIONES,2,0.1081
RST_00000451,2025-07-15 02:05:00,2025-07-15 06:07:00,LOGISTICA,LIMITACION_TRANSPORTISTA,4,0.3009
RST_00000452,2025-07-14 22:37:00,2025-07-15 02:03:00,CARGA,CAPACIDAD_CARGA_LIMITADA,3,0.1721
RST_00000453,2025-07-15 09:17:00,2025-07-15 11:07:00,CARGA,MANTENIMIENTO_CARGA,2,0.1247
RST_00000454,2025-07-15 06:31:00,2025-07-15 09:50:00,CARGA,AVERIA_CARGADOR,4,0.2335
RST_00000455,2025-07-15 14:03:00,2025-07-15 18:23:00,CARGA,AVERIA_CARGADOR,4,0.1794
RST_00000456,2025-07-16 00:04:00,2025-07-16 03:33:00,ENERGIA,ALERTA_TERMICA,3,0.2723
RST_00000457,2025-07-16 21:28:00,2025-07-16 23:35:00,PATIO,SATURACION_ZONA,2,0.1602
RST_00000458,2025-07-17 02:22:00,2025-07-17 04:53:00,PRODUCCION,RETRABAJO_ELEVADO,3,0.1924
RST_00000459,2025-07-17 13:33:00,2025-07-17 16:51:00,CARGA,MANTENIMIENTO_CARGA,3,0.2056
RST_00000460,2025-07-18 03:04:00,2025-07-18 08:05:00,ENERGIA,RESTRICCION_POTENCIA,5,0.298
RST_00000461,2025-07-18 09:12:00,2025-07-18 12:00:00,PRODUCCION,BAJA_DOTACION,2,0.098
RST_00000462,2025-07-18 06:05:00,2025-07-18 09:24:00,LOGISTICA,LIMITACION_TRANSPORTISTA,3,0.1993
RST_00000463,2025-07-18 20:39:00,2025-07-19 00:37:00,ENERGIA,ALERTA_TERMICA,5,0.3072
RST_00000464,2025-07-18 15:34:00,2025-07-18 18:48:00,PATIO,REORGANIZACION_FLUJO,3,0.1675
RST_00000465,2025-07-18 23:40:00,2025-07-19 03:21:00,CARGA,AVERIA_CARGADOR,3,0.2674
RST_00000466,2025-07-18 23:04:00,2025-07-19 02:51:00,CARGA,MANTENIMIENTO_CARGA,3,0.1483
RST_00000467,2025-07-19 08:51:00,2025-07-19 12:26:00,CARGA,CAPACIDAD_CARGA_LIMITADA,3,0.1052
RST_00000468,2025-07-19 10:16:00,2025-07-19 13:44:00,PATIO,REORGANIZACION_FLUJO,4,0.2635
RST_00000469,2025-07-19 16:37:00,2025-07-19 19:25:00,PRODUCCION,MICROPARADAS_LINEA,4,0.2876
RST_00000470,2025-07-20 00:05:00,2025-07-20 03:52:00,LOGISTICA,INCIDENCIA_DOCUMENTAL,3,0.0894
RST_00000471,2025-07-20 04:39:00,2025-07-20 07:32:00,PATIO,REORGANIZACION_FLUJO,2,0.1343
RST_00000472,2025-07-20 02:17:00,2025-07-20 05:28:00,CARGA,CAPACIDAD_CARGA_LIMITADA,3,0.1324
RST_00000473,2025-07-20 05:24:00,2025-07-20 09:52:00,CARGA,CAPACIDAD_CARGA_LIMITADA,5,0.3175
RST_00000474,2025-07-21 09:18:00,2025-07-21 11:54:00,PRODUCCION,BAJA_DOTACION,2,0.2185
RST_00000475,2025-07-21 16:32:00,2025-07-21 20:34:00,CARGA,CAPACIDAD_CARGA_LIMITADA,4,0.2415
RST_00000476,2025-07-22 03:06:00,2025-07-22 06:49:00,PRODUCCION,RETRABAJO_ELEVADO,4,0.209
RST_00000477,2025-07-22 06:08:00,2025-07-22 09:08:00,PRODUCCION,BAJA_DOTACION,3,0.1491
RST_00000478,2025-07-22 15:04:00,2025-07-22 19:18:00,LOGISTICA,LIMITACION_TRANSPORTISTA,4,0.2047
RST_00000479,2025-07-22 23:05:00,2025-07-23 02:38:00,CARGA,CAPACIDAD_CARGA_LIMITADA,4,0.2592
RST_00000480,2025-07-23 05:24:00,2025-07-23 09:10:00,PRODUCCION,MICROPARADAS_LINEA,4,0.222
RST_00000481,2025-07-23 08:53:00,2025-07-23 12:30:00,CARGA,CAPACIDAD_CARGA_LIMITADA,4,0.2348
RST_00000482,2025-07-23 21:06:00,2025-07-24 01:29:00,PRODUCCION,MICROPARADAS_LINEA,4,0.2181
RST_00000483,2025-07-23 19:51:00,2025-07-23 22:30:00,PRODUCCION,MICROPARADAS_LINEA,3,0.2777
RST_00000484,2025-07-24 12:25:00,2025-07-24 16:27:00,PATIO,BLOQUEO_POSICIONES,4,0.2359
RST_00000485,2025-07-25 03:52:00,2025-07-25 08:23:00,PATIO,REORGANIZACION_FLUJO,5,0.2834
RST_00000486,2025-07-25 04:03:00,2025-07-25 06:25:00,CARGA,CAPACIDAD_CARGA_LIMITADA,2,0.0995
RST_00000487,2025-07-25 07:32:00,2025-07-25 10:59:00,PRODUCCION,BAJA_DOTACION,3,0.1212
RST_00000488,2025-07-25 12:41:00,2025-07-25 14:21:00,CARGA,CAPACIDAD_CARGA_LIMITADA,2,0.1141
RST_00000489,2025-07-25 20:12:00,2025-07-26 00:16:00,PRODUCCION,RETRABAJO_ELEVADO,4,0.1786
RST_00000490,2025-07-26 03:23:00,2025-07-26 04:37:00,PATIO,BLOQUEO_POSICIONES,1,0.061
RST_00000491,2025-07-26 11:38:00,2025-07-26 14:15:00,PATIO,SATURACION_ZONA,3,0.2775
RST_00000492,2025-07-26 19:48:00,2025-07-26 21:58:00,LOGISTICA,FALTA_SLOT_TRANSPORTE,2,0.1802
RST_00000493,2025-07-26 23:13:00,2025-07-27 03:51:00,LOGISTICA,FALTA_SLOT_TRANSPORTE,4,0.1928
RST_00000494,2025-07-27 10:06:00,2025-07-27 14:39:00,CARGA,AVERIA_CARGADOR,5,0.2801
RST_00000495,2025-07-27 17:56:00,2025-07-27 22:50:00,PRODUCCION,MICROPARADAS_LINEA,5,0.3023
RST_00000496,2025-07-28 04:03:00,2025-07-28 08:16:00,PRODUCCION,MICROPARADAS_LINEA,5,0.2994
RST_00000497,2025-07-29 12:49:00,2025-07-29 16:36:00,ENERGIA,CURTAILMENT_REDES,4,0.2589
RST_00000498,2025-07-30 02:43:00,2025-07-30 06:42:00,PRODUCCION,RETRABAJO_ELEVADO,4,0.1432
RST_00000499,2025-07-30 01:43:00,2025-07-30 05:06:00,LOGISTICA,FALTA_SLOT_TRANSPORTE,4,0.2637
RST_00000500,2025-07-30 13:29:00,2025-07-30 16:44:00,LOGISTICA,FALTA_SLOT_TRANSPORTE,3,0.2029
RST_00000501,2025-07-30 09:44:00,2025-07-30 12:32:00,LOGISTICA,LIMITACION_TRANSPORTISTA,3,0.2487
RST_00000502,2025-07-31 01:34:00,2025-07-31 04:45:00,CARGA,CAPACIDAD_CARGA_LIMITADA,3,0.136
RST_00000503,2025-07-31 02:03:00,2025-07-31 06:11:00,PATIO,REORGANIZACION_FLUJO,5,0.2258
RST_00000504,2025-07-31 10:31:00,2025-07-31 13:26:00,PATIO,REORGANIZACION_FLUJO,2,0.0888
RST_00000505,2025-07-31 12:39:00,2025-07-31 15:39:00,PATIO,REORGANIZACION_FLUJO,3,0.1254
RST_00000506,2025-08-01 05:58:00,2025-08-01 10:46:00,PATIO,REORGANIZACION_FLUJO,4,0.2761
RST_00000507,2025-08-01 01:06:00,2025-08-01 05:14:00,LOGISTICA,FALTA_SLOT_TRANSPORTE,4,0.1831
RST_00000508,2025-08-01 08:26:00,2025-08-01 12:42:00,PATIO,BLOQUEO_POSICIONES,4,0.2785
RST_00000509,2025-08-02 04:53:00,2025-08-02 07:42:00,CARGA,CAPACIDAD_CARGA_LIMITADA,2,0.1155
RST_00000510,2025-08-02 13:59:00,2025-08-02 17:53:00,PATIO,REORGANIZACION_FLUJO,4,0.1701
RST_00000511,2025-08-02 16:41:00,2025-08-02 20:00:00,PRODUCCION,RETRABAJO_ELEVADO,3,0.1276
RST_00000512,2025-08-03 14:17:00,2025-08-03 16:50:00,PATIO,REORGANIZACION_FLUJO,3,0.2537
RST_00000513,2025-08-04 00:30:00,2025-08-04 02:17:00,PRODUCCION,RETRABAJO_ELEVADO,1,0.05
RST_00000514,2025-08-04 04:21:00,2025-08-04 08:02:00,PRODUCCION,MICROPARADAS_LINEA,4,0.2225
RST_00000515,2025-08-04 00:53:00,2025-08-04 05:57:00,PRODUCCION,RETRABAJO_ELEVADO,5,0.2008
RST_00000516,2025-08-04 02:43:00,2025-08-04 05:35:00,CARGA,AVERIA_CARGADOR,3,0.1115
RST_00000517,2025-08-03 23:35:00,2025-08-04 01:14:00,PRODUCCION,BAJA_DOTACION,1,0.1405
RST_00000518,2025-08-05 02:56:00,2025-08-05 07:37:00,CARGA,MANTENIMIENTO_CARGA,5,0.3292
RST_00000519,2025-08-05 03:43:00,2025-08-05 07:21:00,LOGISTICA,INCIDENCIA_DOCUMENTAL,4,0.2514
RST_00000520,2025-08-05 11:40:00,2025-08-05 14:29:00,LOGISTICA,FALTA_SLOT_TRANSPORTE,3,0.1882
RST_00000521,2025-08-05 14:07:00,2025-08-05 18:04:00,LOGISTICA,INCIDENCIA_DOCUMENTAL,4,0.2451
RST_00000522,2025-08-06 02:01:00,2025-08-06 05:48:00,PRODUCCION,RETRABAJO_ELEVADO,4,0.1422
RST_00000523,2025-08-06 22:37:00,2025-08-07 03:11:00,CARGA,CAPACIDAD_CARGA_LIMITADA,5,0.3049
RST_00000524,2025-08-07 10:58:00,2025-08-07 15:24:00,PRODUCCION,MICROPARADAS_LINEA,4,0.1474
RST_00000525,2025-08-07 16:24:00,2025-08-07 19:35:00,PRODUCCION,RETRABAJO_ELEVADO,4,0.2458
RST_00000526,2025-08-08 02:33:00,2025-08-08 06:26:00,PATIO,BLOQUEO_POSICIONES,3,0.1735
RST_00000527,2025-08-08 02:32:00,2025-08-08 05:23:00,PATIO,SATURACION_ZONA,3,0.1829
RST_00000528,2025-08-08 05:14:00,2025-08-08 09:35:00,PRODUCCION,MICROPARADAS_LINEA,5,0.2053
RST_00000529,2025-08-08 14:29:00,2025-08-08 17:49:00,PATIO,BLOQUEO_POSICIONES,4,0.2385
RST_00000530,2025-08-09 13:03:00,2025-08-09 15:39:00,CARGA,CAPACIDAD_CARGA_LIMITADA,2,0.1274
RST_00000531,2025-08-09 13:16:00,2025-08-09 15:08:00,CARGA,AVERIA_CARGADOR,2,0.0745
RST_00000532,2025-08-09 19:28:00,2025-08-09 22:54:00,PRODUCCION,MICROPARADAS_LINEA,3,0.2417
RST_00000533,2025-08-10 01:06:00,2025-08-10 05:38:00,CARGA,MANTENIMIENTO_CARGA,4,0.206
RST_00000534,2025-08-10 21:14:00,2025-08-11 00:27:00,CARGA,MANTENIMIENTO_CARGA,3,0.1243
RST_00000535,2025-08-10 20:33:00,2025-08-10 22:41:00,PATIO,SATURACION_ZONA,3,0.1911
RST_00000536,2025-08-11 01:00:00,2025-08-11 03:09:00,CARGA,CAPACIDAD_CARGA_LIMITADA,2,0.1505
RST_00000537,2025-08-11 15:07:00,2025-08-11 20:10:00,CARGA,MANTENIMIENTO_CARGA,5,0.3141
RST_00000538,2025-08-12 07:20:00,2025-08-12 10:37:00,CARGA,AVERIA_CARGADOR,3,0.1951
RST_00000539,2025-08-12 14:36:00,2025-08-12 18:34:00,PATIO,SATURACION_ZONA,5,0.2652
RST_00000540,2025-08-13 05:17:00,2025-08-13 07:16:00,CARGA,AVERIA_CARGADOR,2,0.1289
RST_00000541,2025-08-13 22:37:00,2025-08-14 01:20:00,PRODUCCION,BAJA_DOTACION,3,0.2011
RST_00000542,2025-08-14 08:13:00,2025-08-14 10:46:00,LOGISTICA,LIMITACION_TRANSPORTISTA,3,0.2083
RST_00000543,2025-08-14 15:24:00,2025-08-14 18:09:00,CARGA,CAPACIDAD_CARGA_LIMITADA,4,0.2131
RST_00000544,2025-08-14 19:16:00,2025-08-14 22:54:00,ENERGIA,ALERTA_TERMICA,4,0.1851
RST_00000545,2025-08-14 23:29:00,2025-08-15 02:52:00,CARGA,MANTENIMIENTO_CARGA,3,0.197
RST_00000546,2025-08-15 00:21:00,2025-08-15 03:34:00,CARGA,AVERIA_CARGADOR,3,0.1996
RST_00000547,2025-08-15 02:00:00,2025-08-15 04:29:00,PATIO,REORGANIZACION_FLUJO,2,0.1648
RST_00000548,2025-08-15 11:46:00,2025-08-15 14:12:00,CARGA,CAPACIDAD_CARGA_LIMITADA,1,0.0968
RST_00000549,2025-08-15 08:22:00,2025-08-15 12:04:00,PRODUCCION,RETRABAJO_ELEVADO,4,0.1738
RST_00000550,2025-08-15 14:35:00,2025-08-15 17:02:00,LOGISTICA,LIMITACION_TRANSPORTISTA,2,0.2008
RST_00000551,2025-08-15 17:36:00,2025-08-15 21:03:00,LOGISTICA,FALTA_SLOT_TRANSPORTE,3,0.1732
RST_00000552,2025-08-16 03:35:00,2025-08-16 06:18:00,PATIO,REORGANIZACION_FLUJO,2,0.1293
RST_00000553,2025-08-16 02:06:00,2025-08-16 05:46:00,LOGISTICA,FALTA_SLOT_TRANSPORTE,3,0.1356
RST_00000554,2025-08-16 10:09:00,2025-08-16 13:25:00,PATIO,BLOQUEO_POSICIONES,2,0.1836
RST_00000555,2025-08-16 19:53:00,2025-08-16 22:38:00,PATIO,SATURACION_ZONA,3,0.2852
RST_00000556,2025-08-17 02:01:00,2025-08-17 04:06:00,CARGA,MANTENIMIENTO_CARGA,2,0.1379
RST_00000557,2025-08-17 11:50:00,2025-08-17 17:02:00,ENERGIA,CURTAILMENT_REDES,5,0.3198
RST_00000558,2025-08-17 15:00:00,2025-08-17 17:50:00,LOGISTICA,INCIDENCIA_DOCUMENTAL,3,0.2437
RST_00000559,2025-08-18 21:56:00,2025-08-19 02:48:00,LOGISTICA,FALTA_SLOT_TRANSPORTE,4,0.2092
RST_00000560,2025-08-19 06:41:00,2025-08-19 10:38:00,CARGA,MANTENIMIENTO_CARGA,3,0.2102
RST_00000561,2025-08-19 18:11:00,2025-08-19 21:52:00,PATIO,BLOQUEO_POSICIONES,4,0.2417
RST_00000562,2025-08-19 23:24:00,2025-08-20 02:27:00,PRODUCCION,RETRABAJO_ELEVADO,2,0.079
RST_00000563,2025-08-20 08:31:00,2025-08-20 11:51:00,LOGISTICA,LIMITACION_TRANSPORTISTA,3,0.1925
RST_00000564,2025-08-20 07:53:00,2025-08-20 11:18:00,CARGA,CAPACIDAD_CARGA_LIMITADA,3,0.176
RST_00000565,2025-08-21 08:45:00,2025-08-21 09:53:00,CARGA,AVERIA_CARGADOR,1,0.1057
RST_00000566,2025-08-21 12:50:00,2025-08-21 16:37:00,ENERGIA,CURTAILMENT_REDES,4,0.2667
RST_00000567,2025-08-21 19:20:00,2025-08-21 22:43:00,PATIO,BLOQUEO_POSICIONES,4,0.1968
RST_00000568,2025-08-21 21:34:00,2025-08-21 22:57:00,CARGA,AVERIA_CARGADOR,2,0.1375
RST_00000569,2025-08-23 02:45:00,2025-08-23 06:48:00,LOGISTICA,INCIDENCIA_DOCUMENTAL,4,0.254
RST_00000570,2025-08-24 01:42:00,2025-08-24 06:01:00,PRODUCCION,RETRABAJO_ELEVADO,3,0.1867
RST_00000571,2025-08-24 02:19:00,2025-08-24 05:29:00,PATIO,SATURACION_ZONA,3,0.1823
RST_00000572,2025-08-24 16:21:00,2025-08-24 19:00:00,PATIO,SATURACION_ZONA,4,0.1742
RST_00000573,2025-08-24 20:10:00,2025-08-25 00:47:00,PRODUCCION,BAJA_DOTACION,5,0.2944
RST_00000574,2025-08-25 03:04:00,2025-08-25 08:11:00,PATIO,BLOQUEO_POSICIONES,5,0.2516
RST_00000575,2025-08-25 13:28:00,2025-08-25 18:22:00,PRODUCCION,MICROPARADAS_LINEA,5,0.2869
RST_00000576,2025-08-26 04:09:00,2025-08-26 08:12:00,PRODUCCION,RETRABAJO_ELEVADO,4,0.2865
RST_00000577,2025-08-26 10:01:00,2025-08-26 12:06:00,PRODUCCION,MICROPARADAS_LINEA,2,0.1173
RST_00000578,2025-08-26 06:54:00,2025-08-26 09:53:00,PATIO,SATURACION_ZONA,3,0.1528
RST_00000579,2025-08-26 06:12:00,2025-08-26 08:12:00,PATIO,REORGANIZACION_FLUJO,2,0.1791
RST_00000580,2025-08-26 17:32:00,2025-08-26 19:42:00,PATIO,REORGANIZACION_FLUJO,2,0.1351
RST_00000581,2025-08-26 14:50:00,2025-08-26 19:46:00,PATIO,REORGANIZACION_FLUJO,5,0.3207
RST_00000582,2025-08-27 10:33:00,2025-08-27 14:23:00,PRODUCCION,BAJA_DOTACION,4,0.1641
RST_00000583,2025-08-27 21:40:00,2025-08-27 23:43:00,PRODUCCION,MICROPARADAS_LINEA,2,0.1537
RST_00000584,2025-08-28 02:58:00,2025-08-28 07:37:00,PATIO,REORGANIZACION_FLUJO,5,0.2773
RST_00000585,2025-08-28 13:47:00,2025-08-28 17:36:00,LOGISTICA,FALTA_SLOT_TRANSPORTE,4,0.1327
RST_00000586,2025-08-28 13:24:00,2025-08-28 16:32:00,PATIO,SATURACION_ZONA,4,0.249
RST_00000587,2025-08-28 19:51:00,2025-08-28 22:08:00,LOGISTICA,LIMITACION_TRANSPORTISTA,2,0.1768
RST_00000588,2025-08-28 14:19:00,2025-08-28 16:34:00,LOGISTICA,INCIDENCIA_DOCUMENTAL,2,0.106
RST_00000589,2025-08-28 23:32:00,2025-08-29 04:09:00,CARGA,MANTENIMIENTO_CARGA,5,0.2889
RST_00000590,2025-08-29 05:47:00,2025-08-29 09:15:00,PRODUCCION,MICROPARADAS_LINEA,4,0.2759
RST_00000591,2025-08-29 05:16:00,2025-08-29 08:30:00,PATIO,REORGANIZACION_FLUJO,3,0.1801
RST_00000592,2025-08-30 10:52:00,2025-08-30 13:50:00,PATIO,SATURACION_ZONA,3,0.1568
RST_00000593,2025-08-31 03:19:00,2025-08-31 05:44:00,PRODUCCION,MICROPARADAS_LINEA,2,0.1045
RST_00000594,2025-08-31 16:59:00,2025-08-31 19:27:00,CARGA,MANTENIMIENTO_CARGA,2,0.1617
RST_00000595,2025-08-31 15:56:00,2025-08-31 18:06:00,ENERGIA,ALERTA_TERMICA,1,0.05
RST_00000596,2025-09-02 03:59:00,2025-09-02 07:04:00,PRODUCCION,BAJA_DOTACION,3,0.1551
RST_00000597,2025-09-01 23:41:00,2025-09-02 02:40:00,CARGA,AVERIA_CARGADOR,4,0.1948
RST_00000598,2025-09-02 08:26:00,2025-09-02 12:01:00,PATIO,BLOQUEO_POSICIONES,4,0.2053
RST_00000599,2025-09-02 10:24:00,2025-09-02 13:01:00,PRODUCCION,BAJA_DOTACION,2,0.1131
RST_00000600,2025-09-03 01:08:00,2025-09-03 03:30:00,CARGA,CAPACIDAD_CARGA_LIMITADA,2,0.113
RST_00000601,2025-09-04 04:10:00,2025-09-04 06:56:00,CARGA,AVERIA_CARGADOR,2,0.1118
RST_00000602,2025-09-04 17:40:00,2025-09-04 21:13:00,PATIO,REORGANIZACION_FLUJO,3,0.2242
RST_00000603,2025-09-05 11:54:00,2025-09-05 13:52:00,LOGISTICA,LIMITACION_TRANSPORTISTA,2,0.1445
RST_00000604,2025-09-05 10:34:00,2025-09-05 14:35:00,PRODUCCION,MICROPARADAS_LINEA,3,0.125
RST_00000605,2025-09-05 12:33:00,2025-09-05 14:51:00,CARGA,CAPACIDAD_CARGA_LIMITADA,3,0.1403
RST_00000606,2025-09-05 17:38:00,2025-09-05 21:46:00,PATIO,REORGANIZACION_FLUJO,4,0.1554
RST_00000607,2025-09-05 18:10:00,2025-09-05 21:37:00,ENERGIA,RESTRICCION_POTENCIA,3,0.2149
RST_00000608,2025-09-05 19:58:00,2025-09-05 21:32:00,LOGISTICA,INCIDENCIA_DOCUMENTAL,1,0.1167
RST_00000609,2025-09-06 02:35:00,2025-09-06 05:51:00,LOGISTICA,INCIDENCIA_DOCUMENTAL,3,0.1582
RST_00000610,2025-09-06 02:32:00,2025-09-06 05:37:00,PRODUCCION,RETRABAJO_ELEVADO,3,0.1799
RST_00000611,2025-09-06 01:30:00,2025-09-06 05:23:00,CARGA,AVERIA_CARGADOR,5,0.2722
RST_00000612,2025-09-07 03:42:00,2025-09-07 05:54:00,ENERGIA,RESTRICCION_POTENCIA,2,0.1813
RST_00000613,2025-09-07 09:16:00,2025-09-07 13:04:00,PATIO,SATURACION_ZONA,3,0.1939
RST_00000614,2025-09-07 06:45:00,2025-09-07 10:11:00,ENERGIA,ALERTA_TERMICA,4,0.2716
RST_00000615,2025-09-08 02:34:00,2025-09-08 05:32:00,PRODUCCION,MICROPARADAS_LINEA,3,0.097
RST_00000616,2025-09-08 03:57:00,2025-09-08 07:08:00,PATIO,SATURACION_ZONA,3,0.1904
RST_00000617,2025-09-09 00:40:00,2025-09-09 05:12:00,LOGISTICA,FALTA_SLOT_TRANSPORTE,4,0.2084
RST_00000618,2025-09-09 19:41:00,2025-09-10 00:05:00,PATIO,REORGANIZACION_FLUJO,4,0.2297
RST_00000619,2025-09-09 22:00:00,2025-09-10 01:11:00,PRODUCCION,RETRABAJO_ELEVADO,3,0.205
RST_00000620,2025-09-10 11:50:00,2025-09-10 15:43:00,LOGISTICA,INCIDENCIA_DOCUMENTAL,3,0.1753
RST_00000621,2025-09-10 06:52:00,2025-09-10 11:22:00,LOGISTICA,FALTA_SLOT_TRANSPORTE,4,0.2105
RST_00000622,2025-09-10 17:30:00,2025-09-10 21:55:00,LOGISTICA,FALTA_SLOT_TRANSPORTE,4,0.1821
RST_00000623,2025-09-10 16:23:00,2025-09-10 19:13:00,PATIO,SATURACION_ZONA,2,0.0728
RST_00000624,2025-09-11 07:34:00,2025-09-11 11:54:00,LOGISTICA,FALTA_SLOT_TRANSPORTE,5,0.2292
RST_00000625,2025-09-11 09:00:00,2025-09-11 11:11:00,LOGISTICA,LIMITACION_TRANSPORTISTA,2,0.1234
RST_00000626,2025-09-12 18:18:00,2025-09-12 21:06:00,PATIO,BLOQUEO_POSICIONES,2,0.1855
RST_00000627,2025-09-12 16:00:00,2025-09-12 20:19:00,ENERGIA,RESTRICCION_POTENCIA,4,0.2789
RST_00000628,2025-09-13 05:04:00,2025-09-13 10:17:00,PRODUCCION,BAJA_DOTACION,5,0.2373
RST_00000629,2025-09-13 18:49:00,2025-09-13 23:01:00,PRODUCCION,MICROPARADAS_LINEA,5,0.2835
RST_00000630,2025-09-13 16:56:00,2025-09-13 18:53:00,CARGA,MANTENIMIENTO_CARGA,1,0.05
RST_00000631,2025-09-14 00:25:00,2025-09-14 03:56:00,LOGISTICA,FALTA_SLOT_TRANSPORTE,4,0.2079
RST_00000632,2025-09-14 08:22:00,2025-09-14 10:31:00,PRODUCCION,MICROPARADAS_LINEA,2,0.2123
RST_00000633,2025-09-14 06:57:00,2025-09-14 10:18:00,CARGA,AVERIA_CARGADOR,3,0.2055
RST_00000634,2025-09-14 20:17:00,2025-09-14 21:28:00,CARGA,AVERIA_CARGADOR,2,0.0681
RST_00000635,2025-09-15 05:45:00,2025-09-15 09:50:00,CARGA,CAPACIDAD_CARGA_LIMITADA,4,0.2084
RST_00000636,2025-09-16 02:33:00,2025-09-16 05:05:00,CARGA,AVERIA_CARGADOR,3,0.2524
RST_00000637,2025-09-16 10:44:00,2025-09-16 12:37:00,ENERGIA,RESTRICCION_POTENCIA,2,0.1218
RST_00000638,2025-09-16 17:08:00,2025-09-16 18:59:00,PRODUCCION,RETRABAJO_ELEVADO,2,0.1186
RST_00000639,2025-09-16 23:35:00,2025-09-17 03:30:00,LOGISTICA,FALTA_SLOT_TRANSPORTE,5,0.2389
RST_00000640,2025-09-17 08:52:00,2025-09-17 12:53:00,PATIO,BLOQUEO_POSICIONES,3,0.1112
RST_00000641,2025-09-17 11:54:00,2025-09-17 14:48:00,CARGA,MANTENIMIENTO_CARGA,3,0.1295
RST_00000642,2025-09-17 12:39:00,2025-09-17 16:51:00,ENERGIA,CURTAILMENT_REDES,4,0.1958
RST_00000643,2025-09-18 01:09:00,2025-09-18 03:32:00,PATIO,SATURACION_ZONA,2,0.1335
RST_00000644,2025-09-18 13:22:00,2025-09-18 15:18:00,PATIO,BLOQUEO_POSICIONES,1,0.0898
RST_00000645,2025-09-18 13:54:00,2025-09-18 17:12:00,PRODUCCION,RETRABAJO_ELEVADO,3,0.1608
RST_00000646,2025-09-18 17:45:00,2025-09-18 20:08:00,PATIO,BLOQUEO_POSICIONES,2,0.159
RST_00000647,2025-09-19 00:44:00,2025-09-19 04:09:00,PRODUCCION,BAJA_DOTACION,3,0.1328
RST_00000648,2025-09-19 11:24:00,2025-09-19 15:33:00,CARGA,MANTENIMIENTO_CARGA,4,0.2015
RST_00000649,2025-09-19 09:38:00,2025-09-19 12:40:00,PRODUCCION,BAJA_DOTACION,3,0.1896
RST_00000650,2025-09-19 09:36:00,2025-09-19 12:21:00,PATIO,SATURACION_ZONA,3,0.1822
RST_00000651,2025-09-19 18:38:00,2025-09-19 21:50:00,PRODUCCION,RETRABAJO_ELEVADO,4,0.1525
RST_00000652,2025-09-19 16:03:00,2025-09-19 17:31:00,PATIO,SATURACION_ZONA,1,0.0625
RST_00000653,2025-09-20 04:02:00,2025-09-20 07:08:00,CARGA,CAPACIDAD_CARGA_LIMITADA,4,0.2412
RST_00000654,2025-09-20 05:54:00,2025-09-20 08:02:00,CARGA,AVERIA_CARGADOR,2,0.1534
RST_00000655,2025-09-20 07:18:00,2025-09-20 11:13:00,ENERGIA,ALERTA_TERMICA,3,0.1253
RST_00000656,2025-09-20 07:09:00,2025-09-20 10:22:00,PRODUCCION,MICROPARADAS_LINEA,2,0.0589
RST_00000657,2025-09-20 07:10:00,2025-09-20 10:12:00,LOGISTICA,INCIDENCIA_DOCUMENTAL,2,0.063
RST_00000658,2025-09-20 10:55:00,2025-09-20 15:18:00,CARGA,AVERIA_CARGADOR,5,0.2815
RST_00000659,2025-09-21 03:31:00,2025-09-21 07:05:00,PRODUCCION,RETRABAJO_ELEVADO,4,0.174
RST_00000660,2025-09-21 04:22:00,2025-09-21 07:02:00,PRODUCCION,RETRABAJO_ELEVADO,3,0.2066
RST_00000661,2025-09-21 13:56:00,2025-09-21 17:02:00,PRODUCCION,RETRABAJO_ELEVADO,4,0.1495
RST_00000662,2025-09-21 11:19:00,2025-09-21 15:19:00,PATIO,REORGANIZACION_FLUJO,4,0.1178
RST_00000663,2025-09-21 17:04:00,2025-09-21 19:47:00,PATIO,BLOQUEO_POSICIONES,2,0.1609
RST_00000664,2025-09-21 20:41:00,2025-09-22 01:40:00,LOGISTICA,FALTA_SLOT_TRANSPORTE,5,0.2652
RST_00000665,2025-09-21 20:44:00,2025-09-22 00:24:00,LOGISTICA,LIMITACION_TRANSPORTISTA,3,0.1815
RST_00000666,2025-09-22 02:53:00,2025-09-22 04:14:00,PATIO,SATURACION_ZONA,1,0.1708
RST_00000667,2025-09-22 04:58:00,2025-09-22 09:23:00,PRODUCCION,MICROPARADAS_LINEA,4,0.2401
RST_00000668,2025-09-21 23:55:00,2025-09-22 01:10:00,LOGISTICA,INCIDENCIA_DOCUMENTAL,1,0.0714
RST_00000669,2025-09-22 13:19:00,2025-09-22 16:54:00,LOGISTICA,FALTA_SLOT_TRANSPORTE,4,0.184
RST_00000670,2025-09-23 01:35:00,2025-09-23 04:33:00,PRODUCCION,BAJA_DOTACION,2,0.1457
RST_00000671,2025-09-23 06:58:00,2025-09-23 08:43:00,CARGA,AVERIA_CARGADOR,1,0.147
RST_00000672,2025-09-23 17:20:00,2025-09-23 21:14:00,LOGISTICA,INCIDENCIA_DOCUMENTAL,4,0.1686
RST_00000673,2025-09-24 14:27:00,2025-09-24 16:52:00,LOGISTICA,FALTA_SLOT_TRANSPORTE,3,0.2218
RST_00000674,2025-09-25 04:51:00,2025-09-25 09:55:00,PATIO,REORGANIZACION_FLUJO,5,0.2435
RST_00000675,2025-09-25 05:45:00,2025-09-25 08:09:00,PATIO,BLOQUEO_POSICIONES,2,0.1686
RST_00000676,2025-09-25 07:43:00,2025-09-25 12:01:00,PATIO,BLOQUEO_POSICIONES,4,0.2568
RST_00000677,2025-09-25 07:42:00,2025-09-25 11:38:00,CARGA,MANTENIMIENTO_CARGA,4,0.2131
RST_00000678,2025-09-25 19:44:00,2025-09-25 22:08:00,PATIO,BLOQUEO_POSICIONES,2,0.2068
RST_00000679,2025-09-25 18:51:00,2025-09-25 21:28:00,PATIO,REORGANIZACION_FLUJO,2,0.2025
RST_00000680,2025-09-26 10:19:00,2025-09-26 12:59:00,PATIO,BLOQUEO_POSICIONES,2,0.1406
RST_00000681,2025-09-26 18:14:00,2025-09-26 20:35:00,LOGISTICA,LIMITACION_TRANSPORTISTA,2,0.1447
RST_00000682,2025-09-26 18:01:00,2025-09-26 21:08:00,PRODUCCION,BAJA_DOTACION,3,0.2443
RST_00000683,2025-09-26 21:02:00,2025-09-26 23:56:00,PRODUCCION,RETRABAJO_ELEVADO,3,0.1808
RST_00000684,2025-09-27 00:37:00,2025-09-27 03:34:00,PATIO,SATURACION_ZONA,3,0.1724
RST_00000685,2025-09-27 06:41:00,2025-09-27 10:57:00,PRODUCCION,MICROPARADAS_LINEA,4,0.2422
RST_00000686,2025-09-27 17:14:00,2025-09-27 20:39:00,PRODUCCION,MICROPARADAS_LINEA,3,0.1452
RST_00000687,2025-09-28 01:42:00,2025-09-28 05:53:00,PATIO,SATURACION_ZONA,4,0.2056
RST_00000688,2025-09-28 05:17:00,2025-09-28 09:07:00,LOGISTICA,LIMITACION_TRANSPORTISTA,4,0.2346
RST_00000689,2025-09-28 13:43:00,2025-09-28 16:22:00,ENERGIA,ALERTA_TERMICA,2,0.1819
RST_00000690,2025-09-28 10:48:00,2025-09-28 14:07:00,CARGA,MANTENIMIENTO_CARGA,3,0.2427
RST_00000691,2025-09-28 08:39:00,2025-09-28 11:40:00,PRODUCCION,MICROPARADAS_LINEA,3,0.1476
RST_00000692,2025-09-29 03:50:00,2025-09-29 08:38:00,CARGA,MANTENIMIENTO_CARGA,5,0.2051
RST_00000693,2025-09-30 04:04:00,2025-09-30 07:40:00,CARGA,MANTENIMIENTO_CARGA,3,0.1945
RST_00000694,2025-09-30 13:28:00,2025-09-30 18:56:00,ENERGIA,RESTRICCION_POTENCIA,5,0.2204
RST_00000695,2025-09-30 21:28:00,2025-09-30 23:46:00,CARGA,CAPACIDAD_CARGA_LIMITADA,3,0.1964
