dispatch_event_id,order_id,tipo_propulsion,destino,prioridad_cliente,ts_ready_expedicion,ts_salida_real,modo_salida,sla_horas,espera_expedicion_min,cumple_sla_flag
DSP00000001,ORD000032,EV,Italia,2,2025-01-01 17:09:00,2025-01-01 18:26:00,TREN,48.0,77,1
DSP00000002,ORD000012,ICE,Benelux,3,2025-01-01 17:07:00,2025-01-01 20:43:00,CAMION,36.0,216,1
DSP00000003,ORD000020,ICE,Iberia,2,2025-01-01 23:56:00,2025-01-02 03:32:00,CAMION,24.0,216,1
DSP00000004,ORD000028,ICE,Iberia,1,2025-01-01 20:57:00,2025-01-01 21:31:00,CAMION,24.0,34,1
DSP00000005,ORD000033,ICE,Alemania,1,2025-01-01 20:50:00,2025-01-01 23:27:00,TREN,42.0,157,1
DSP00000006,ORD000013,ICE,Italia,2,2025-01-02 00:54:00,2025-01-02 04:26:00,CAMION,48.0,212,1
DSP00000007,ORD000007,ICE,Alemania,2,2025-01-01 23:53:00,2025-01-02 00:46:00,CAMION,42.0,53,1
DSP00000008,ORD000017,ICE,Alemania,2,2025-01-01 23:08:00,2025-01-01 23:56:00,CAMION,42.0,48,1
DSP00000009,ORD000005,ICE,Iberia,2,2025-01-02 00:41:00,2025-01-02 02:00:00,CAMION,24.0,79,1
DSP00000010,ORD000022,ICE,Alemania,2,2025-01-01 23:47:00,2025-01-02 04:22:00,CAMION,42.0,275,1
DSP00000011,ORD000010,ICE,Iberia,2,2025-01-02 02:27:00,2025-01-02 04:57:00,CAMION,24.0,150,1
DSP00000012,ORD000031,EV,Iberia,2,2025-01-02 02:08:00,2025-01-02 05:32:00,CAMION,24.0,204,1
DSP00000013,ORD000025,ICE,Italia,2,2025-01-02 02:33:00,2025-01-02 06:24:00,CAMION,48.0,231,1
DSP00000014,ORD000018,ICE,Italia,1,2025-01-02 04:07:00,2025-01-02 05:05:00,CAMION,48.0,58,1
DSP00000015,ORD000004,ICE,Francia,3,2025-01-02 03:20:00,2025-01-02 05:15:00,CAMION,30.0,115,1
DSP00000016,ORD000023,ICE,Benelux,2,2025-01-02 03:05:00,2025-01-02 03:46:00,TREN,36.0,41,1
DSP00000017,ORD000008,EV,Alemania,1,2025-01-02 10:19:00,2025-01-02 12:09:00,CAMION,42.0,110,1
DSP00000018,ORD000016,EV,Alemania,2,2025-01-02 10:47:00,2025-01-02 17:08:00,TREN,42.0,381,1
DSP00000019,ORD000021,ICE,Alemania,2,2025-01-02 07:07:00,2025-01-02 10:14:00,TREN,42.0,187,1
DSP00000020,ORD000024,ICE,Italia,2,2025-01-02 09:45:00,2025-01-02 10:49:00,CAMION,48.0,64,1
DSP00000021,ORD000003,ICE,Iberia,1,2025-01-02 11:07:00,2025-01-02 11:27:00,CAMION,24.0,20,1
DSP00000022,ORD000006,ICE,Benelux,1,2025-01-02 08:50:00,2025-01-02 12:35:00,CAMION,36.0,225,1
DSP00000023,ORD000015,EV,Francia,3,2025-01-02 11:40:00,2025-01-02 12:04:00,TREN,30.0,24,1
DSP00000024,ORD000035,EV,Benelux,1,2025-01-02 12:38:00,2025-01-02 15:35:00,TREN,36.0,177,1
DSP00000025,ORD000002,ICE,Francia,2,2025-01-02 14:07:00,2025-01-02 16:18:00,TREN,30.0,131,1
DSP00000026,ORD000026,ICE,Italia,3,2025-01-02 15:11:00,2025-01-02 17:02:00,CAMION,48.0,111,1
DSP00000027,ORD000029,ICE,Iberia,3,2025-01-02 13:12:00,2025-01-02 18:30:00,CAMION,24.0,318,1
DSP00000028,ORD000027,EV,Alemania,2,2025-01-02 14:54:00,2025-01-02 18:12:00,CAMION,42.0,198,1
DSP00000029,ORD000011,EV,Iberia,2,2025-01-02 14:37:00,2025-01-02 19:30:00,CAMION,24.0,293,1
DSP00000030,ORD000014,EV,Francia,2,2025-01-02 14:50:00,2025-01-02 18:24:00,CAMION,30.0,214,1
DSP00000031,ORD000009,ICE,Francia,3,2025-01-02 16:27:00,2025-01-02 21:35:00,CAMION,30.0,308,1
DSP00000032,ORD000001,ICE,Benelux,2,2025-01-02 14:03:00,2025-01-02 15:48:00,TREN,36.0,105,1
DSP00000033,ORD000030,ICE,Iberia,1,2025-01-02 18:30:00,2025-01-02 22:04:00,CAMION,24.0,214,1
DSP00000034,ORD000069,ICE,Benelux,1,2025-01-02 17:40:00,2025-01-02 20:25:00,TREN,36.0,165,1
DSP00000035,ORD000019,ICE,Benelux,1,2025-01-02 15:39:00,2025-01-02 18:43:00,CAMION,36.0,184,1
DSP00000036,ORD000070,ICE,Francia,2,2025-01-02 19:11:00,2025-01-02 21:01:00,TREN,30.0,110,1
DSP00000037,ORD000034,ICE,Francia,2,2025-01-02 19:25:00,2025-01-02 20:22:00,CAMION,30.0,57,1
DSP00000038,ORD000040,ICE,Iberia,2,2025-01-02 18:44:00,2025-01-02 21:17:00,CAMION,24.0,153,1
DSP00000039,ORD000068,ICE,Iberia,3,2025-01-02 21:20:00,2025-01-03 01:44:00,CAMION,24.0,264,1
DSP00000040,ORD000046,ICE,Benelux,3,2025-01-02 22:08:00,2025-01-03 00:45:00,TREN,36.0,157,1
DSP00000041,ORD000067,ICE,Alemania,2,2025-01-02 19:49:00,2025-01-02 22:49:00,CAMION,42.0,180,1
DSP00000042,ORD000037,ICE,Italia,1,2025-01-02 22:57:00,2025-01-03 03:47:00,CAMION,48.0,290,1
DSP00000043,ORD000053,ICE,Francia,3,2025-01-03 02:46:00,2025-01-03 06:26:00,TREN,30.0,220,1
DSP00000044,ORD000036,ICE,Alemania,3,2025-01-03 01:26:00,2025-01-03 02:52:00,CAMION,42.0,86,1
DSP00000045,ORD000065,EV,Alemania,3,2025-01-03 00:58:00,2025-01-03 07:26:00,TREN,42.0,388,1
DSP00000046,ORD000047,EV,Italia,3,2025-01-03 02:21:00,2025-01-03 05:51:00,TREN,48.0,210,1
DSP00000047,ORD000062,EV,Benelux,3,2025-01-03 00:51:00,2025-01-03 04:43:00,CAMION,36.0,232,1
DSP00000048,ORD000049,ICE,Francia,1,2025-01-03 01:23:00,2025-01-03 03:52:00,CAMION,30.0,149,1
DSP00000049,ORD000066,ICE,Italia,2,2025-01-03 04:10:00,2025-01-03 07:32:00,CAMION,48.0,202,1
DSP00000050,ORD000051,ICE,Benelux,3,2025-01-03 05:17:00,2025-01-03 09:11:00,TREN,36.0,234,1
DSP00000051,ORD000041,ICE,Alemania,2,2025-01-03 05:50:00,2025-01-03 08:25:00,CAMION,42.0,155,1
DSP00000052,ORD000059,ICE,Iberia,1,2025-01-03 07:51:00,2025-01-03 12:20:00,CAMION,24.0,269,1
DSP00000053,ORD000050,ICE,Alemania,2,2025-01-03 07:37:00,2025-01-03 09:41:00,TREN,42.0,124,1
DSP00000054,ORD000061,ICE,Francia,2,2025-01-03 07:42:00,2025-01-03 10:26:00,TREN,30.0,164,1
DSP00000055,ORD000038,EV,Italia,2,2025-01-03 11:39:00,2025-01-03 13:31:00,TREN,48.0,112,1
DSP00000056,ORD000039,EV,Iberia,2,2025-01-03 10:16:00,2025-01-03 14:07:00,CAMION,24.0,231,1
DSP00000057,ORD000058,EV,Alemania,2,2025-01-03 10:16:00,2025-01-03 12:43:00,CAMION,42.0,147,1
DSP00000058,ORD000064,ICE,Francia,3,2025-01-03 09:18:00,2025-01-03 16:32:00,TREN,30.0,434,1
DSP00000059,ORD000056,ICE,Iberia,1,2025-01-03 12:54:00,2025-01-03 14:44:00,CAMION,24.0,110,1
DSP00000060,ORD000055,ICE,Iberia,3,2025-01-03 10:33:00,2025-01-03 13:05:00,CAMION,24.0,152,1
DSP00000061,ORD000057,EV,Benelux,2,2025-01-03 13:55:00,2025-01-03 17:34:00,CAMION,36.0,219,1
DSP00000062,ORD000048,ICE,Iberia,3,2025-01-03 12:57:00,2025-01-03 17:02:00,CAMION,24.0,245,1
DSP00000063,ORD000063,ICE,Francia,1,2025-01-03 12:39:00,2025-01-03 15:37:00,CAMION,30.0,178,1
DSP00000064,ORD000044,ICE,Iberia,2,2025-01-03 15:30:00,2025-01-03 19:47:00,CAMION,24.0,257,1
DSP00000065,ORD000045,ICE,Iberia,2,2025-01-03 14:12:00,2025-01-03 17:12:00,CAMION,24.0,180,1
DSP00000066,ORD000060,EV,Italia,2,2025-01-03 14:38:00,2025-01-03 17:56:00,CAMION,48.0,198,1
DSP00000067,ORD000043,ICE,Alemania,2,2025-01-03 17:33:00,2025-01-03 23:33:00,TREN,42.0,360,1
DSP00000068,ORD000054,EV,Francia,1,2025-01-03 16:46:00,2025-01-03 20:36:00,CAMION,30.0,230,1
DSP00000069,ORD000085,ICE,Francia,2,2025-01-03 17:02:00,2025-01-03 21:42:00,CAMION,30.0,280,1
DSP00000070,ORD000071,ICE,Iberia,2,2025-01-03 15:26:00,2025-01-03 19:46:00,CAMION,24.0,260,1
DSP00000071,ORD000052,EV,Iberia,1,2025-01-03 19:28:00,2025-01-03 20:56:00,CAMION,24.0,88,1
DSP00000072,ORD000042,EV,Iberia,1,2025-01-03 20:29:00,2025-01-04 03:08:00,CAMION,24.0,399,1
DSP00000073,ORD000100,EV,Iberia,3,2025-01-03 17:55:00,2025-01-03 21:43:00,CAMION,24.0,228,1
DSP00000074,ORD000095,ICE,Alemania,2,2025-01-03 21:46:00,2025-01-04 01:10:00,TREN,42.0,204,1
DSP00000075,ORD000090,ICE,Francia,1,2025-01-03 21:55:00,2025-01-04 02:39:00,CAMION,30.0,284,1
DSP00000076,ORD000103,ICE,Iberia,3,2025-01-03 19:09:00,2025-01-03 20:56:00,CAMION,24.0,107,1
DSP00000077,ORD000072,ICE,Francia,2,2025-01-03 21:08:00,2025-01-04 00:03:00,TREN,30.0,175,1
DSP00000078,ORD000081,ICE,Francia,2,2025-01-03 20:54:00,2025-01-03 23:53:00,CAMION,30.0,179,1
DSP00000079,ORD000091,ICE,Iberia,2,2025-01-04 00:11:00,2025-01-04 07:09:00,CAMION,24.0,418,1
DSP00000080,ORD000078,ICE,Alemania,3,2025-01-03 21:16:00,2025-01-03 23:31:00,CAMION,42.0,135,1
DSP00000081,ORD000089,ICE,Iberia,2,2025-01-03 20:19:00,2025-01-04 00:06:00,CAMION,24.0,227,1
DSP00000082,ORD000097,ICE,Francia,1,2025-01-03 23:16:00,2025-01-04 00:58:00,CAMION,30.0,102,1
DSP00000083,ORD000074,ICE,Francia,2,2025-01-04 00:04:00,2025-01-04 05:02:00,CAMION,30.0,298,1
DSP00000084,ORD000084,ICE,Francia,2,2025-01-04 02:01:00,2025-01-04 06:42:00,CAMION,30.0,281,1
DSP00000085,ORD000098,EV,Italia,2,2025-01-04 02:35:00,2025-01-04 05:56:00,CAMION,48.0,201,1
DSP00000086,ORD000080,EV,Iberia,2,2025-01-04 10:51:00,2025-01-04 12:06:00,CAMION,24.0,75,1
DSP00000087,ORD000092,ICE,Italia,3,2025-01-04 03:18:00,2025-01-04 08:02:00,TREN,48.0,284,1
DSP00000088,ORD000099,ICE,Iberia,3,2025-01-04 02:07:00,2025-01-04 06:10:00,CAMION,24.0,243,1
DSP00000089,ORD000076,EV,Alemania,2,2025-01-04 11:24:00,2025-01-04 13:39:00,CAMION,42.0,135,1
DSP00000090,ORD000083,ICE,Alemania,2,2025-01-04 06:51:00,2025-01-04 11:25:00,CAMION,42.0,274,1
DSP00000091,ORD000086,EV,Iberia,2,2025-01-04 10:39:00,2025-01-04 17:19:00,CAMION,24.0,400,1
DSP00000092,ORD000079,ICE,Francia,2,2025-01-04 03:02:00,2025-01-04 05:04:00,CAMION,30.0,122,1
DSP00000093,ORD000075,ICE,Francia,2,2025-01-04 04:37:00,2025-01-04 06:42:00,TREN,30.0,125,1
DSP00000094,ORD000082,ICE,Benelux,1,2025-01-04 06:39:00,2025-01-04 11:47:00,CAMION,36.0,308,1
DSP00000095,ORD000101,EV,Iberia,2,2025-01-04 11:31:00,2025-01-04 12:25:00,CAMION,24.0,54,1
DSP00000096,ORD000105,EV,Benelux,2,2025-01-04 11:25:00,2025-01-04 15:50:00,CAMION,36.0,265,1
DSP00000097,ORD000104,ICE,Alemania,2,2025-01-04 07:06:00,2025-01-04 11:37:00,CAMION,42.0,271,1
DSP00000098,ORD000094,ICE,Iberia,3,2025-01-04 07:29:00,2025-01-04 12:17:00,CAMION,24.0,288,1
DSP00000099,ORD000073,ICE,Alemania,2,2025-01-04 10:17:00,2025-01-04 12:20:00,CAMION,42.0,123,1
DSP00000100,ORD000102,EV,Benelux,2,2025-01-04 11:36:00,2025-01-04 15:30:00,CAMION,36.0,234,1
DSP00000101,ORD000096,ICE,Iberia,2,2025-01-04 11:37:00,2025-01-04 12:46:00,CAMION,24.0,69,1
DSP00000102,ORD000077,ICE,Iberia,2,2025-01-04 09:31:00,2025-01-04 13:10:00,CAMION,24.0,219,1
DSP00000103,ORD000087,ICE,Alemania,3,2025-01-04 12:41:00,2025-01-04 14:03:00,CAMION,42.0,82,1
DSP00000104,ORD000088,ICE,Francia,1,2025-01-04 13:11:00,2025-01-04 15:44:00,CAMION,30.0,153,1
DSP00000105,ORD000093,ICE,Benelux,2,2025-01-04 19:33:00,2025-01-04 21:13:00,TREN,36.0,100,1
DSP00000106,ORD000119,ICE,Italia,3,2025-01-04 18:33:00,2025-01-05 00:06:00,TREN,48.0,333,1
DSP00000107,ORD000123,EV,Francia,3,2025-01-04 17:29:00,2025-01-04 22:22:00,TREN,30.0,293,1
DSP00000108,ORD000127,EV,Italia,2,2025-01-04 19:17:00,2025-01-04 22:55:00,CAMION,48.0,218,1
DSP00000109,ORD000112,EV,Alemania,2,2025-01-04 18:30:00,2025-01-04 22:03:00,TREN,42.0,213,1
DSP00000110,ORD000115,ICE,Francia,2,2025-01-04 22:11:00,2025-01-05 02:29:00,TREN,30.0,258,1
DSP00000111,ORD000109,ICE,Benelux,1,2025-01-04 19:43:00,2025-01-04 23:07:00,TREN,36.0,204,1
DSP00000112,ORD000120,EV,Iberia,3,2025-01-05 00:12:00,2025-01-05 03:16:00,CAMION,24.0,184,1
DSP00000113,ORD000107,EV,Italia,2,2025-01-04 23:06:00,2025-01-05 04:34:00,CAMION,48.0,328,1
DSP00000114,ORD000139,ICE,Francia,1,2025-01-05 01:43:00,2025-01-05 05:47:00,CAMION,30.0,244,1
DSP00000115,ORD000135,ICE,Iberia,2,2025-01-05 01:40:00,2025-01-05 03:42:00,CAMION,24.0,122,1
DSP00000116,ORD000130,ICE,Italia,2,2025-01-05 01:40:00,2025-01-05 07:18:00,CAMION,48.0,338,1
DSP00000117,ORD000108,ICE,Italia,2,2025-01-05 02:39:00,2025-01-05 07:55:00,CAMION,48.0,316,1
DSP00000118,ORD000138,ICE,Italia,1,2025-01-05 03:08:00,2025-01-05 07:33:00,CAMION,48.0,265,1
DSP00000119,ORD000126,ICE,Iberia,3,2025-01-05 04:20:00,2025-01-05 07:44:00,CAMION,24.0,204,1
DSP00000120,ORD000125,EV,Iberia,2,2025-01-05 10:17:00,2025-01-05 12:27:00,CAMION,24.0,130,1
DSP00000121,ORD000133,ICE,Iberia,2,2025-01-05 07:01:00,2025-01-05 10:36:00,CAMION,24.0,215,1
DSP00000122,ORD000121,EV,Iberia,2,2025-01-05 12:06:00,2025-01-05 15:49:00,CAMION,24.0,223,1
DSP00000123,ORD000114,ICE,Benelux,1,2025-01-05 03:44:00,2025-01-05 08:49:00,TREN,36.0,305,1
DSP00000124,ORD000116,ICE,Italia,1,2025-01-05 06:38:00,2025-01-05 08:27:00,CAMION,48.0,109,1
DSP00000125,ORD000118,EV,Francia,2,2025-01-05 09:39:00,2025-01-05 10:05:00,TREN,30.0,26,1
DSP00000126,ORD000113,EV,Alemania,2,2025-01-05 10:08:00,2025-01-05 14:03:00,CAMION,42.0,235,1
DSP00000127,ORD000137,ICE,Iberia,2,2025-01-05 08:47:00,2025-01-05 12:30:00,CAMION,24.0,223,1
DSP00000128,ORD000136,ICE,Alemania,1,2025-01-05 11:17:00,2025-01-05 14:51:00,TREN,42.0,214,1
DSP00000129,ORD000134,ICE,Iberia,1,2025-01-05 08:51:00,2025-01-05 11:30:00,CAMION,24.0,159,1
DSP00000130,ORD000124,ICE,Benelux,2,2025-01-05 08:18:00,2025-01-05 12:14:00,CAMION,36.0,236,1
DSP00000131,ORD000110,ICE,Iberia,3,2025-01-05 08:53:00,2025-01-05 12:00:00,CAMION,24.0,187,1
DSP00000132,ORD000131,ICE,Francia,2,2025-01-05 10:10:00,2025-01-05 13:41:00,CAMION,30.0,211,1
DSP00000133,ORD000140,EV,Iberia,1,2025-01-05 12:24:00,2025-01-05 15:15:00,CAMION,24.0,171,1
DSP00000134,ORD000117,EV,Iberia,2,2025-01-05 11:20:00,2025-01-05 13:48:00,CAMION,24.0,148,1
DSP00000135,ORD000111,ICE,Iberia,2,2025-01-05 11:07:00,2025-01-05 13:31:00,CAMION,24.0,144,1
DSP00000136,ORD000106,ICE,Iberia,2,2025-01-05 10:27:00,2025-01-05 14:02:00,CAMION,24.0,215,1
DSP00000137,ORD000132,ICE,Benelux,2,2025-01-05 17:30:00,2025-01-05 20:39:00,TREN,36.0,189,1
DSP00000138,ORD000129,ICE,Benelux,3,2025-01-05 17:14:00,2025-01-05 22:28:00,CAMION,36.0,314,1
DSP00000139,ORD000148,ICE,Iberia,2,2025-01-05 16:37:00,2025-01-05 21:09:00,CAMION,24.0,272,1
DSP00000140,ORD000128,EV,Benelux,2,2025-01-05 17:49:00,2025-01-05 21:33:00,CAMION,36.0,224,1
DSP00000141,ORD000155,EV,Iberia,2,2025-01-05 17:33:00,2025-01-05 20:15:00,CAMION,24.0,162,1
DSP00000142,ORD000151,EV,Italia,3,2025-01-05 18:29:00,2025-01-05 22:06:00,CAMION,48.0,217,1
DSP00000143,ORD000122,EV,Francia,2,2025-01-05 20:38:00,2025-01-05 23:13:00,CAMION,30.0,155,1
DSP00000144,ORD000172,ICE,Italia,2,2025-01-05 22:10:00,2025-01-06 01:41:00,CAMION,48.0,211,1
DSP00000145,ORD000147,ICE,Italia,2,2025-01-05 20:36:00,2025-01-06 00:11:00,TREN,48.0,215,1
DSP00000146,ORD000167,EV,Francia,1,2025-01-05 22:59:00,2025-01-06 02:35:00,CAMION,30.0,216,1
DSP00000147,ORD000171,ICE,Alemania,2,2025-01-05 22:53:00,2025-01-06 04:46:00,CAMION,42.0,353,1
DSP00000148,ORD000152,EV,Alemania,2,2025-01-05 22:10:00,2025-01-06 04:34:00,CAMION,42.0,384,1
DSP00000149,ORD000163,EV,Iberia,2,2025-01-05 23:27:00,2025-01-06 00:49:00,CAMION,24.0,82,1
DSP00000150,ORD000156,EV,Francia,3,2025-01-06 00:48:00,2025-01-06 03:08:00,CAMION,30.0,140,1
DSP00000151,ORD000166,EV,Italia,1,2025-01-06 10:25:00,2025-01-06 13:11:00,CAMION,48.0,166,1
DSP00000152,ORD000154,ICE,Alemania,1,2025-01-06 02:28:00,2025-01-06 05:53:00,CAMION,42.0,205,1
DSP00000153,ORD000170,ICE,Alemania,2,2025-01-06 03:38:00,2025-01-06 07:09:00,CAMION,42.0,211,1
DSP00000154,ORD000173,ICE,Iberia,3,2025-01-06 06:42:00,2025-01-06 09:44:00,CAMION,24.0,182,1
DSP00000155,ORD000169,ICE,Iberia,2,2025-01-06 04:53:00,2025-01-06 10:27:00,CAMION,24.0,334,1
DSP00000156,ORD000153,EV,Iberia,2,2025-01-06 10:59:00,2025-01-06 12:51:00,CAMION,24.0,112,1
DSP00000157,ORD000168,ICE,Alemania,2,2025-01-06 04:55:00,2025-01-06 09:29:00,CAMION,42.0,274,1
DSP00000158,ORD000144,EV,Alemania,1,2025-01-06 10:47:00,2025-01-06 12:53:00,TREN,42.0,126,1
DSP00000159,ORD000175,ICE,Italia,2,2025-01-06 08:37:00,2025-01-06 11:28:00,CAMION,48.0,171,1
DSP00000160,ORD000160,ICE,Benelux,3,2025-01-06 08:57:00,2025-01-06 12:10:00,CAMION,36.0,193,1
DSP00000161,ORD000143,EV,Francia,2,2025-01-06 10:50:00,2025-01-06 13:58:00,TREN,30.0,188,1
DSP00000162,ORD000158,EV,Francia,1,2025-01-06 11:57:00,2025-01-06 16:21:00,CAMION,30.0,264,1
DSP00000163,ORD000145,EV,Alemania,1,2025-01-06 10:21:00,2025-01-06 16:04:00,CAMION,42.0,343,1
DSP00000164,ORD000159,EV,Italia,3,2025-01-06 13:37:00,2025-01-06 17:29:00,CAMION,48.0,232,1
DSP00000165,ORD000149,EV,Italia,2,2025-01-06 13:13:00,2025-01-06 15:51:00,CAMION,48.0,158,1
DSP00000166,ORD000146,ICE,Benelux,3,2025-01-06 13:43:00,2025-01-06 15:42:00,CAMION,36.0,119,1
DSP00000167,ORD000141,EV,Italia,3,2025-01-06 16:30:00,2025-01-06 20:44:00,TREN,48.0,254,1
DSP00000168,ORD000157,EV,Alemania,3,2025-01-06 15:07:00,2025-01-06 20:09:00,CAMION,42.0,302,1
DSP00000169,ORD000208,ICE,Benelux,2,2025-01-06 16:18:00,2025-01-06 17:43:00,TREN,36.0,85,1
DSP00000170,ORD000165,EV,Alemania,1,2025-01-06 16:47:00,2025-01-06 19:29:00,CAMION,42.0,162,1
DSP00000171,ORD000199,ICE,Francia,1,2025-01-06 19:19:00,2025-01-07 00:54:00,CAMION,30.0,335,1
DSP00000172,ORD000162,EV,Iberia,2,2025-01-06 16:37:00,2025-01-06 20:37:00,CAMION,24.0,240,1
DSP00000173,ORD000164,EV,Iberia,2,2025-01-06 17:38:00,2025-01-06 20:28:00,CAMION,24.0,170,1
DSP00000174,ORD000150,EV,Italia,2,2025-01-06 20:25:00,2025-01-06 23:33:00,CAMION,48.0,188,1
DSP00000175,ORD000142,ICE,Iberia,1,2025-01-06 17:10:00,2025-01-06 21:14:00,CAMION,24.0,244,1
DSP00000176,ORD000161,ICE,Iberia,1,2025-01-06 20:34:00,2025-01-06 23:16:00,CAMION,24.0,162,1
DSP00000177,ORD000204,ICE,Francia,2,2025-01-06 19:20:00,2025-01-07 01:03:00,TREN,30.0,343,1
DSP00000178,ORD000174,ICE,Alemania,2,2025-01-06 21:07:00,2025-01-06 23:32:00,TREN,42.0,145,1
DSP00000179,ORD000210,EV,Francia,2,2025-01-06 18:55:00,2025-01-07 00:05:00,CAMION,30.0,310,1
DSP00000180,ORD000185,ICE,Alemania,3,2025-01-06 20:31:00,2025-01-07 01:29:00,CAMION,42.0,298,1
DSP00000181,ORD000190,ICE,Francia,2,2025-01-06 20:12:00,2025-01-07 00:27:00,TREN,30.0,255,1
DSP00000182,ORD000177,ICE,Iberia,3,2025-01-07 00:45:00,2025-01-07 03:09:00,CAMION,24.0,144,1
DSP00000183,ORD000183,ICE,Iberia,2,2025-01-07 01:06:00,2025-01-07 07:42:00,CAMION,24.0,396,1
DSP00000184,ORD000182,ICE,Benelux,2,2025-01-07 04:24:00,2025-01-07 10:12:00,CAMION,36.0,348,1
DSP00000185,ORD000198,EV,Italia,2,2025-01-07 01:04:00,2025-01-07 05:16:00,TREN,48.0,252,1
DSP00000186,ORD000197,ICE,Francia,2,2025-01-07 03:19:00,2025-01-07 08:57:00,CAMION,30.0,338,1
DSP00000187,ORD000195,ICE,Benelux,2,2025-01-07 02:51:00,2025-01-07 04:04:00,TREN,36.0,73,1
DSP00000188,ORD000176,EV,Alemania,2,2025-01-07 11:06:00,2025-01-07 15:41:00,TREN,42.0,275,1
DSP00000189,ORD000186,ICE,Italia,2,2025-01-07 06:17:00,2025-01-07 12:26:00,CAMION,48.0,369,1
DSP00000190,ORD000206,EV,Benelux,2,2025-01-07 12:42:00,2025-01-07 19:03:00,TREN,36.0,381,1
DSP00000191,ORD000184,ICE,Francia,2,2025-01-07 06:45:00,2025-01-07 10:51:00,CAMION,30.0,246,1
DSP00000192,ORD000192,ICE,Iberia,1,2025-01-07 08:37:00,2025-01-07 13:11:00,CAMION,24.0,274,1
DSP00000193,ORD000178,ICE,Alemania,2,2025-01-07 07:25:00,2025-01-07 13:23:00,CAMION,42.0,358,1
DSP00000194,ORD000196,EV,Alemania,2,2025-01-07 12:29:00,2025-01-07 17:57:00,TREN,42.0,328,1
DSP00000195,ORD000202,ICE,Benelux,2,2025-01-07 09:30:00,2025-01-07 13:55:00,CAMION,36.0,265,1
DSP00000196,ORD000207,ICE,Francia,2,2025-01-07 11:27:00,2025-01-07 15:16:00,CAMION,30.0,229,1
DSP00000197,ORD000203,EV,Iberia,2,2025-01-07 14:10:00,2025-01-07 17:22:00,CAMION,24.0,192,1
DSP00000198,ORD000194,EV,Iberia,2,2025-01-07 15:02:00,2025-01-07 18:38:00,CAMION,24.0,216,1
DSP00000199,ORD000209,ICE,Francia,2,2025-01-07 14:41:00,2025-01-07 17:58:00,CAMION,30.0,197,1
DSP00000200,ORD000191,ICE,Francia,2,2025-01-07 12:34:00,2025-01-07 16:17:00,CAMION,30.0,223,1
DSP00000201,ORD000205,ICE,Iberia,2,2025-01-07 16:52:00,2025-01-07 20:26:00,CAMION,24.0,214,1
DSP00000202,ORD000189,ICE,Iberia,2,2025-01-07 17:43:00,2025-01-07 19:28:00,CAMION,24.0,105,1
DSP00000203,ORD000181,ICE,Alemania,2,2025-01-07 15:33:00,2025-01-07 19:59:00,TREN,42.0,266,1
DSP00000204,ORD000200,ICE,Iberia,2,2025-01-07 19:31:00,2025-01-07 22:40:00,CAMION,24.0,189,1
DSP00000205,ORD000188,EV,Francia,1,2025-01-07 16:54:00,2025-01-07 19:39:00,TREN,30.0,165,1
DSP00000206,ORD000232,ICE,Alemania,2,2025-01-07 17:03:00,2025-01-07 21:02:00,CAMION,42.0,239,1
DSP00000207,ORD000179,ICE,Francia,3,2025-01-07 18:14:00,2025-01-07 23:45:00,CAMION,30.0,331,1
DSP00000208,ORD000193,ICE,Italia,2,2025-01-07 17:45:00,2025-01-07 22:58:00,CAMION,48.0,313,1
DSP00000209,ORD000187,EV,Alemania,2,2025-01-07 18:49:00,2025-01-07 23:23:00,TREN,42.0,274,1
DSP00000210,ORD000243,ICE,Benelux,2,2025-01-07 18:03:00,2025-01-07 21:06:00,CAMION,36.0,183,1
DSP00000211,ORD000180,EV,Benelux,1,2025-01-07 19:55:00,2025-01-08 00:36:00,TREN,36.0,281,1
DSP00000212,ORD000235,ICE,Alemania,2,2025-01-07 16:55:00,2025-01-07 20:45:00,CAMION,42.0,230,1
DSP00000213,ORD000201,ICE,Italia,1,2025-01-07 20:22:00,2025-01-08 01:18:00,CAMION,48.0,296,1
DSP00000214,ORD000237,ICE,Iberia,2,2025-01-07 21:54:00,2025-01-07 23:47:00,CAMION,24.0,113,1
DSP00000215,ORD000244,EV,Alemania,3,2025-01-07 20:20:00,2025-01-08 00:13:00,TREN,42.0,233,1
DSP00000216,ORD000213,ICE,Alemania,2,2025-01-07 21:32:00,2025-01-08 01:17:00,CAMION,42.0,225,1
DSP00000217,ORD000239,ICE,Iberia,2,2025-01-07 21:33:00,2025-01-08 01:48:00,CAMION,24.0,255,1
DSP00000218,ORD000233,EV,Italia,2,2025-01-07 23:21:00,2025-01-08 04:00:00,CAMION,48.0,279,1
DSP00000219,ORD000238,EV,Benelux,3,2025-01-07 23:46:00,2025-01-08 04:03:00,TREN,36.0,257,1
DSP00000220,ORD000242,ICE,Benelux,3,2025-01-08 00:22:00,2025-01-08 01:37:00,CAMION,36.0,75,1
DSP00000221,ORD000234,ICE,Iberia,1,2025-01-08 01:35:00,2025-01-08 08:22:00,CAMION,24.0,407,1
DSP00000222,ORD000240,ICE,Alemania,2,2025-01-07 23:27:00,2025-01-08 02:02:00,TREN,42.0,155,1
DSP00000223,ORD000231,EV,Francia,2,2025-01-08 02:00:00,2025-01-08 06:11:00,CAMION,30.0,251,1
DSP00000224,ORD000223,ICE,Alemania,2,2025-01-08 04:11:00,2025-01-08 08:17:00,CAMION,42.0,246,1
DSP00000225,ORD000230,ICE,Francia,2,2025-01-08 01:41:00,2025-01-08 07:49:00,TREN,30.0,368,1
DSP00000226,ORD000212,ICE,Alemania,3,2025-01-08 03:44:00,2025-01-08 06:44:00,CAMION,42.0,180,1
DSP00000227,ORD000214,EV,Alemania,2,2025-01-08 03:02:00,2025-01-08 07:57:00,CAMION,42.0,295,1
DSP00000228,ORD000241,ICE,Iberia,3,2025-01-08 01:39:00,2025-01-08 04:35:00,CAMION,24.0,176,1
DSP00000229,ORD000245,EV,Francia,2,2025-01-08 11:34:00,2025-01-08 18:26:00,TREN,30.0,412,1
DSP00000230,ORD000217,EV,Italia,1,2025-01-08 11:53:00,2025-01-08 16:07:00,CAMION,48.0,254,1
DSP00000231,ORD000218,EV,Alemania,3,2025-01-08 11:41:00,2025-01-08 16:28:00,CAMION,42.0,287,1
DSP00000232,ORD000216,ICE,Alemania,3,2025-01-08 04:12:00,2025-01-08 08:31:00,CAMION,42.0,259,1
DSP00000233,ORD000228,EV,Alemania,3,2025-01-08 12:31:00,2025-01-08 16:53:00,TREN,42.0,262,1
DSP00000234,ORD000219,EV,Francia,2,2025-01-08 11:51:00,2025-01-08 15:53:00,TREN,30.0,242,1
DSP00000235,ORD000215,EV,Alemania,1,2025-01-08 10:18:00,2025-01-08 13:01:00,CAMION,42.0,163,1
DSP00000236,ORD000236,EV,Francia,2,2025-01-08 10:12:00,2025-01-08 15:04:00,TREN,30.0,292,1
DSP00000237,ORD000229,EV,Iberia,3,2025-01-08 10:48:00,2025-01-08 12:45:00,CAMION,24.0,117,1
DSP00000238,ORD000222,EV,Iberia,2,2025-01-08 08:58:00,2025-01-08 11:42:00,CAMION,24.0,164,1
DSP00000239,ORD000221,ICE,Alemania,2,2025-01-08 12:22:00,2025-01-08 15:56:00,TREN,42.0,214,1
DSP00000240,ORD000211,ICE,Alemania,2,2025-01-08 14:50:00,2025-01-08 18:26:00,CAMION,42.0,216,1
DSP00000241,ORD000225,EV,Alemania,2,2025-01-08 14:31:00,2025-01-08 15:58:00,CAMION,42.0,87,1
DSP00000242,ORD000227,ICE,Iberia,2,2025-01-08 13:23:00,2025-01-08 20:18:00,CAMION,24.0,415,1
DSP00000243,ORD000224,EV,Iberia,2,2025-01-08 16:09:00,2025-01-08 18:07:00,CAMION,24.0,118,1
DSP00000244,ORD000220,ICE,Benelux,3,2025-01-08 14:39:00,2025-01-08 19:13:00,TREN,36.0,274,1
DSP00000245,ORD000226,ICE,Benelux,2,2025-01-08 18:19:00,2025-01-08 22:38:00,TREN,36.0,259,1
DSP00000246,ORD000268,EV,Francia,2,2025-01-08 18:46:00,2025-01-08 23:44:00,TREN,30.0,298,1
DSP00000247,ORD000273,ICE,Iberia,1,2025-01-08 21:14:00,2025-01-09 02:13:00,CAMION,24.0,299,1
DSP00000248,ORD000247,EV,Francia,2,2025-01-08 21:40:00,2025-01-09 02:59:00,CAMION,30.0,319,1
DSP00000249,ORD000253,ICE,Alemania,2,2025-01-08 19:07:00,2025-01-09 01:32:00,CAMION,42.0,385,1
DSP00000250,ORD000262,ICE,Iberia,2,2025-01-08 20:04:00,2025-01-08 20:24:00,CAMION,24.0,20,1
DSP00000251,ORD000275,ICE,Iberia,2,2025-01-08 20:57:00,2025-01-09 00:52:00,CAMION,24.0,235,1
DSP00000252,ORD000248,ICE,Alemania,2,2025-01-08 22:16:00,2025-01-09 00:32:00,CAMION,42.0,136,1
DSP00000253,ORD000279,ICE,Francia,2,2025-01-08 21:09:00,2025-01-09 02:54:00,CAMION,30.0,345,1
DSP00000254,ORD000256,ICE,Alemania,1,2025-01-08 22:28:00,2025-01-09 03:05:00,CAMION,42.0,277,1
DSP00000255,ORD000269,EV,Alemania,1,2025-01-09 12:35:00,2025-01-09 18:13:00,CAMION,42.0,338,1
DSP00000256,ORD000261,EV,Alemania,2,2025-01-09 12:19:00,2025-01-09 21:27:00,CAMION,42.0,548,1
DSP00000257,ORD000252,ICE,Francia,2,2025-01-09 04:13:00,2025-01-09 08:04:00,TREN,30.0,231,1
DSP00000258,ORD000257,EV,Francia,2,2025-01-09 13:13:00,2025-01-09 16:35:00,CAMION,30.0,202,1
DSP00000259,ORD000278,ICE,Iberia,2,2025-01-09 05:59:00,2025-01-09 13:24:00,CAMION,24.0,445,1
DSP00000260,ORD000263,EV,Alemania,2,2025-01-09 11:52:00,2025-01-09 13:37:00,TREN,42.0,105,1
DSP00000261,ORD000259,ICE,Benelux,3,2025-01-09 06:15:00,2025-01-09 08:41:00,CAMION,36.0,146,1
DSP00000262,ORD000260,ICE,Alemania,2,2025-01-09 08:41:00,2025-01-09 13:07:00,CAMION,42.0,266,1
DSP00000263,ORD000258,EV,Francia,2,2025-01-09 10:42:00,2025-01-09 14:04:00,TREN,30.0,202,1
DSP00000264,ORD000254,EV,Iberia,2,2025-01-09 12:26:00,2025-01-09 15:57:00,CAMION,24.0,211,1
DSP00000265,ORD000270,EV,Benelux,1,2025-01-09 10:41:00,2025-01-09 14:24:00,TREN,36.0,223,1
DSP00000266,ORD000266,EV,Francia,1,2025-01-09 10:32:00,2025-01-09 14:43:00,CAMION,30.0,251,1
DSP00000267,ORD000272,ICE,Alemania,1,2025-01-09 09:27:00,2025-01-09 13:22:00,CAMION,42.0,235,1
DSP00000268,ORD000246,EV,Alemania,1,2025-01-09 13:19:00,2025-01-09 16:00:00,CAMION,42.0,161,1
DSP00000269,ORD000251,ICE,Francia,2,2025-01-09 10:00:00,2025-01-09 14:48:00,TREN,30.0,288,1
DSP00000270,ORD000264,ICE,Alemania,1,2025-01-09 11:26:00,2025-01-09 16:26:00,CAMION,42.0,300,1
DSP00000271,ORD000267,ICE,Iberia,2,2025-01-09 10:09:00,2025-01-09 13:38:00,CAMION,24.0,209,1
DSP00000272,ORD000274,ICE,Francia,2,2025-01-09 11:34:00,2025-01-09 16:05:00,CAMION,30.0,271,1
DSP00000273,ORD000265,ICE,Alemania,2,2025-01-09 12:33:00,2025-01-09 17:14:00,CAMION,42.0,281,1
DSP00000274,ORD000277,EV,Benelux,2,2025-01-09 14:48:00,2025-01-09 20:13:00,CAMION,36.0,325,1
DSP00000275,ORD000276,EV,Francia,2,2025-01-09 16:07:00,2025-01-09 18:04:00,TREN,30.0,117,1
DSP00000276,ORD000255,EV,Benelux,2,2025-01-09 18:33:00,2025-01-09 22:06:00,CAMION,36.0,213,1
DSP00000277,ORD000271,EV,Iberia,2,2025-01-09 16:39:00,2025-01-09 22:58:00,CAMION,24.0,379,1
DSP00000278,ORD000280,EV,Italia,3,2025-01-09 18:32:00,2025-01-10 01:15:00,TREN,48.0,403,1
DSP00000279,ORD000249,EV,Benelux,2,2025-01-09 18:57:00,2025-01-10 00:21:00,TREN,36.0,324,1
DSP00000280,ORD000250,EV,Benelux,3,2025-01-09 20:43:00,2025-01-10 01:22:00,CAMION,36.0,279,1
DSP00000281,ORD000293,EV,Iberia,3,2025-01-09 20:43:00,2025-01-10 01:04:00,CAMION,24.0,261,1
DSP00000282,ORD000303,ICE,Iberia,3,2025-01-09 21:07:00,2025-01-10 01:23:00,CAMION,24.0,256,1
DSP00000283,ORD000309,ICE,Alemania,3,2025-01-09 21:03:00,2025-01-10 01:36:00,CAMION,42.0,273,1
DSP00000284,ORD000283,ICE,Italia,2,2025-01-09 21:32:00,2025-01-10 02:02:00,CAMION,48.0,270,1
DSP00000285,ORD000282,EV,Alemania,2,2025-01-09 20:46:00,2025-01-10 00:33:00,CAMION,42.0,227,1
DSP00000286,ORD000315,ICE,Italia,2,2025-01-09 23:15:00,2025-01-10 05:25:00,CAMION,48.0,370,1
DSP00000287,ORD000314,EV,Francia,1,2025-01-09 22:02:00,2025-01-10 03:38:00,CAMION,30.0,336,1
DSP00000288,ORD000286,EV,Francia,3,2025-01-10 00:48:00,2025-01-10 04:47:00,CAMION,30.0,239,1
DSP00000289,ORD000291,ICE,Benelux,3,2025-01-09 23:27:00,2025-01-10 02:47:00,CAMION,36.0,200,1
DSP00000290,ORD000300,ICE,Francia,1,2025-01-10 01:28:00,2025-01-10 05:44:00,TREN,30.0,256,1
DSP00000291,ORD000311,ICE,Iberia,3,2025-01-09 22:46:00,2025-01-10 04:28:00,CAMION,24.0,342,1
DSP00000292,ORD000310,ICE,Francia,3,2025-01-10 00:33:00,2025-01-10 05:28:00,CAMION,30.0,295,1
DSP00000293,ORD000289,EV,Francia,2,2025-01-10 00:49:00,2025-01-10 06:27:00,CAMION,30.0,338,1
DSP00000294,ORD000294,EV,Benelux,2,2025-01-10 02:55:00,2025-01-10 05:35:00,CAMION,36.0,160,1
DSP00000295,ORD000290,ICE,Francia,2,2025-01-10 03:14:00,2025-01-10 05:51:00,CAMION,30.0,157,1
DSP00000296,ORD000297,ICE,Iberia,3,2025-01-10 01:30:00,2025-01-10 07:24:00,CAMION,24.0,354,1
DSP00000297,ORD000287,EV,Italia,3,2025-01-10 02:17:00,2025-01-10 08:33:00,TREN,48.0,376,1
DSP00000298,ORD000307,EV,Iberia,2,2025-01-10 10:55:00,2025-01-10 14:14:00,CAMION,24.0,199,1
DSP00000299,ORD000304,ICE,Alemania,3,2025-01-10 00:57:00,2025-01-10 06:24:00,CAMION,42.0,327,1
DSP00000300,ORD000301,EV,Alemania,2,2025-01-10 10:28:00,2025-01-10 13:54:00,CAMION,42.0,206,1
DSP00000301,ORD000281,EV,Iberia,2,2025-01-10 12:58:00,2025-01-10 16:28:00,CAMION,24.0,210,1
DSP00000302,ORD000313,EV,Francia,2,2025-01-10 11:46:00,2025-01-10 16:41:00,CAMION,30.0,295,1
DSP00000303,ORD000305,EV,Alemania,2,2025-01-10 11:32:00,2025-01-10 16:48:00,TREN,42.0,316,1
DSP00000304,ORD000312,EV,Benelux,1,2025-01-10 12:28:00,2025-01-10 17:16:00,TREN,36.0,288,1
DSP00000305,ORD000292,ICE,Iberia,2,2025-01-10 09:34:00,2025-01-10 14:25:00,CAMION,24.0,291,1
DSP00000306,ORD000302,EV,Francia,2,2025-01-10 12:45:00,2025-01-10 17:50:00,CAMION,30.0,305,1
DSP00000307,ORD000298,ICE,Alemania,3,2025-01-10 09:51:00,2025-01-10 15:03:00,TREN,42.0,312,1
DSP00000308,ORD000308,ICE,Benelux,2,2025-01-10 10:36:00,2025-01-10 14:57:00,CAMION,36.0,261,1
DSP00000309,ORD000288,EV,Francia,2,2025-01-10 15:39:00,2025-01-10 19:26:00,TREN,30.0,227,1
DSP00000310,ORD000285,ICE,Italia,2,2025-01-10 12:49:00,2025-01-10 18:40:00,CAMION,48.0,351,1
DSP00000311,ORD000284,EV,Iberia,3,2025-01-10 15:00:00,2025-01-10 19:43:00,CAMION,24.0,283,1
DSP00000312,ORD000296,EV,Alemania,2,2025-01-10 16:12:00,2025-01-10 21:33:00,CAMION,42.0,321,1
DSP00000313,ORD000295,EV,Francia,3,2025-01-10 17:59:00,2025-01-10 20:02:00,CAMION,30.0,123,1
DSP00000314,ORD000329,ICE,Alemania,1,2025-01-10 17:50:00,2025-01-10 23:29:00,TREN,42.0,339,1
DSP00000315,ORD000299,ICE,Italia,2,2025-01-10 19:38:00,2025-01-11 00:47:00,TREN,48.0,309,1
DSP00000316,ORD000306,ICE,Benelux,3,2025-01-10 17:50:00,2025-01-10 22:43:00,CAMION,36.0,293,1
DSP00000317,ORD000322,ICE,Italia,2,2025-01-10 20:22:00,2025-01-11 01:08:00,CAMION,48.0,286,1
DSP00000318,ORD000334,ICE,Alemania,3,2025-01-10 21:13:00,2025-01-11 01:19:00,CAMION,42.0,246,1
DSP00000319,ORD000339,ICE,Alemania,2,2025-01-10 18:53:00,2025-01-10 23:18:00,CAMION,42.0,265,1
DSP00000320,ORD000319,ICE,Iberia,1,2025-01-10 23:26:00,2025-01-11 03:01:00,CAMION,24.0,215,1
DSP00000321,ORD000325,EV,Iberia,2,2025-01-10 22:54:00,2025-01-11 00:38:00,CAMION,24.0,104,1
DSP00000322,ORD000340,EV,Benelux,2,2025-01-10 20:30:00,2025-01-11 01:25:00,CAMION,36.0,295,1
DSP00000323,ORD000327,EV,Iberia,3,2025-01-10 23:30:00,2025-01-11 04:32:00,CAMION,24.0,302,1
DSP00000324,ORD000336,ICE,Alemania,2,2025-01-10 23:14:00,2025-01-11 05:21:00,CAMION,42.0,367,1
DSP00000325,ORD000337,ICE,Iberia,1,2025-01-10 23:06:00,2025-01-11 04:36:00,CAMION,24.0,330,1
DSP00000326,ORD000348,EV,Italia,2,2025-01-10 22:45:00,2025-01-11 01:01:00,CAMION,48.0,136,1
DSP00000327,ORD000330,EV,Benelux,2,2025-01-11 01:48:00,2025-01-11 08:50:00,CAMION,36.0,422,1
DSP00000328,ORD000343,ICE,Francia,3,2025-01-10 23:57:00,2025-01-11 04:55:00,CAMION,30.0,298,1
DSP00000329,ORD000335,EV,Benelux,1,2025-01-11 10:30:00,2025-01-11 14:35:00,CAMION,36.0,245,1
DSP00000330,ORD000341,EV,Alemania,2,2025-01-11 11:25:00,2025-01-11 14:56:00,CAMION,42.0,211,1
DSP00000331,ORD000332,ICE,Iberia,2,2025-01-11 01:24:00,2025-01-11 04:43:00,CAMION,24.0,199,1
DSP00000332,ORD000333,ICE,Italia,2,2025-01-11 04:07:00,2025-01-11 07:44:00,TREN,48.0,217,1
DSP00000333,ORD000328,ICE,Alemania,2,2025-01-11 02:52:00,2025-01-11 05:31:00,CAMION,42.0,159,1
DSP00000334,ORD000338,ICE,Alemania,2,2025-01-11 05:55:00,2025-01-11 09:35:00,CAMION,42.0,220,1
DSP00000335,ORD000347,EV,Benelux,2,2025-01-11 09:57:00,2025-01-11 15:34:00,CAMION,36.0,337,1
DSP00000336,ORD000345,ICE,Benelux,1,2025-01-11 06:22:00,2025-01-11 11:03:00,CAMION,36.0,281,1
DSP00000337,ORD000320,EV,Alemania,2,2025-01-11 13:40:00,2025-01-11 16:38:00,TREN,42.0,178,1
DSP00000338,ORD000316,ICE,Alemania,2,2025-01-11 06:40:00,2025-01-11 10:04:00,CAMION,42.0,204,1
DSP00000339,ORD000318,EV,Alemania,2,2025-01-11 12:20:00,2025-01-11 17:10:00,TREN,42.0,290,1
DSP00000340,ORD000342,EV,Alemania,2,2025-01-11 12:24:00,2025-01-11 15:35:00,CAMION,42.0,191,1
DSP00000341,ORD000317,ICE,Iberia,1,2025-01-11 10:14:00,2025-01-11 13:30:00,CAMION,24.0,196,1
DSP00000342,ORD000331,EV,Iberia,1,2025-01-11 10:58:00,2025-01-11 16:28:00,CAMION,24.0,330,1
DSP00000343,ORD000321,ICE,Benelux,2,2025-01-11 11:16:00,2025-01-11 14:58:00,CAMION,36.0,222,1
DSP00000344,ORD000346,ICE,Alemania,3,2025-01-11 09:42:00,2025-01-11 16:30:00,TREN,42.0,408,1
DSP00000345,ORD000349,ICE,Iberia,3,2025-01-11 09:57:00,2025-01-11 13:07:00,CAMION,24.0,190,1
DSP00000346,ORD000326,EV,Italia,2,2025-01-11 13:19:00,2025-01-11 15:23:00,TREN,48.0,124,1
DSP00000347,ORD000324,EV,Iberia,3,2025-01-11 13:05:00,2025-01-11 17:52:00,CAMION,24.0,287,1
DSP00000348,ORD000344,ICE,Francia,3,2025-01-11 17:35:00,2025-01-11 23:10:00,CAMION,30.0,335,1
DSP00000349,ORD000323,ICE,Iberia,2,2025-01-11 16:12:00,2025-01-11 21:14:00,CAMION,24.0,302,1
DSP00000350,ORD000353,EV,Iberia,3,2025-01-11 19:37:00,2025-01-12 00:06:00,CAMION,24.0,269,1
DSP00000351,ORD000350,ICE,Francia,2,2025-01-11 19:16:00,2025-01-11 23:14:00,CAMION,30.0,238,1
DSP00000352,ORD000380,ICE,Francia,3,2025-01-11 23:54:00,2025-01-12 06:32:00,TREN,30.0,398,1
DSP00000353,ORD000385,ICE,Benelux,3,2025-01-11 21:24:00,2025-01-12 02:14:00,CAMION,36.0,290,1
DSP00000354,ORD000354,EV,Francia,1,2025-01-12 10:52:00,2025-01-12 16:36:00,CAMION,30.0,344,1
DSP00000355,ORD000370,ICE,Francia,1,2025-01-12 00:48:00,2025-01-12 04:51:00,TREN,30.0,243,1
DSP00000356,ORD000378,EV,Alemania,2,2025-01-12 09:37:00,2025-01-12 14:53:00,CAMION,42.0,316,1
DSP00000357,ORD000383,ICE,Iberia,2,2025-01-12 05:18:00,2025-01-12 12:38:00,CAMION,24.0,440,1
DSP00000358,ORD000360,EV,Iberia,2,2025-01-12 12:47:00,2025-01-12 19:23:00,CAMION,24.0,396,1
DSP00000359,ORD000373,ICE,Alemania,1,2025-01-12 09:03:00,2025-01-12 15:27:00,TREN,42.0,384,1
DSP00000360,ORD000352,EV,Alemania,1,2025-01-12 11:38:00,2025-01-12 17:00:00,TREN,42.0,322,1
DSP00000361,ORD000368,EV,Iberia,2,2025-01-12 11:54:00,2025-01-12 21:41:00,CAMION,24.0,587,1
DSP00000362,ORD000372,ICE,Italia,3,2025-01-12 07:36:00,2025-01-12 14:00:00,CAMION,48.0,384,1
DSP00000363,ORD000361,ICE,Benelux,1,2025-01-12 08:00:00,2025-01-12 12:48:00,CAMION,36.0,288,1
DSP00000364,ORD000369,EV,Francia,2,2025-01-12 10:30:00,2025-01-12 15:13:00,CAMION,30.0,283,1
DSP00000365,ORD000366,ICE,Francia,3,2025-01-12 09:27:00,2025-01-12 10:08:00,CAMION,30.0,41,1
DSP00000366,ORD000377,ICE,Benelux,2,2025-01-12 09:59:00,2025-01-12 15:04:00,CAMION,36.0,305,1
DSP00000367,ORD000357,ICE,Francia,2,2025-01-12 11:24:00,2025-01-12 12:56:00,CAMION,30.0,92,1
DSP00000368,ORD000375,ICE,Iberia,2,2025-01-12 10:35:00,2025-01-12 13:49:00,CAMION,24.0,194,1
DSP00000369,ORD000358,EV,Italia,3,2025-01-12 11:43:00,2025-01-12 15:00:00,CAMION,48.0,197,1
DSP00000370,ORD000379,ICE,Iberia,3,2025-01-12 12:56:00,2025-01-12 18:21:00,CAMION,24.0,325,1
DSP00000371,ORD000351,EV,Iberia,2,2025-01-12 12:26:00,2025-01-12 18:57:00,CAMION,24.0,391,1
DSP00000372,ORD000384,ICE,Italia,3,2025-01-12 12:53:00,2025-01-12 15:03:00,CAMION,48.0,130,1
DSP00000373,ORD000382,ICE,Iberia,1,2025-01-12 15:52:00,2025-01-12 19:10:00,CAMION,24.0,198,1
DSP00000374,ORD000381,ICE,Italia,2,2025-01-12 12:57:00,2025-01-12 18:32:00,CAMION,48.0,335,1
DSP00000375,ORD000359,ICE,Alemania,3,2025-01-12 14:02:00,2025-01-12 20:00:00,CAMION,42.0,358,1
DSP00000376,ORD000364,ICE,Iberia,2,2025-01-12 13:11:00,2025-01-12 16:56:00,CAMION,24.0,225,1
DSP00000377,ORD000363,ICE,Iberia,3,2025-01-12 14:47:00,2025-01-12 21:04:00,CAMION,24.0,377,1
DSP00000378,ORD000371,EV,Iberia,3,2025-01-12 16:57:00,2025-01-12 23:25:00,CAMION,24.0,388,1
DSP00000379,ORD000365,EV,Iberia,3,2025-01-12 16:36:00,2025-01-13 00:18:00,CAMION,24.0,462,1
DSP00000380,ORD000376,EV,Iberia,2,2025-01-12 15:58:00,2025-01-12 19:10:00,CAMION,24.0,192,1
DSP00000381,ORD000374,EV,Benelux,2,2025-01-12 17:19:00,2025-01-12 20:20:00,CAMION,36.0,181,1
DSP00000382,ORD000362,EV,Iberia,2,2025-01-12 16:15:00,2025-01-12 20:15:00,CAMION,24.0,240,1
DSP00000383,ORD000367,EV,Benelux,2,2025-01-12 20:45:00,2025-01-13 01:48:00,CAMION,36.0,303,1
DSP00000384,ORD000356,EV,Iberia,2,2025-01-12 19:36:00,2025-01-12 21:35:00,CAMION,24.0,119,1
DSP00000385,ORD000355,ICE,Alemania,2,2025-01-12 22:38:00,2025-01-13 04:10:00,CAMION,42.0,332,1
DSP00000386,ORD000407,EV,Benelux,3,2025-01-12 21:23:00,2025-01-13 02:06:00,CAMION,36.0,283,1
DSP00000387,ORD000399,ICE,Iberia,2,2025-01-12 23:03:00,2025-01-13 03:02:00,CAMION,24.0,239,1
DSP00000388,ORD000406,ICE,Iberia,3,2025-01-12 19:14:00,2025-01-13 01:15:00,CAMION,24.0,361,1
DSP00000389,ORD000405,ICE,Iberia,2,2025-01-12 21:28:00,2025-01-13 00:13:00,CAMION,24.0,165,1
DSP00000390,ORD000391,ICE,Alemania,3,2025-01-13 00:49:00,2025-01-13 05:47:00,TREN,42.0,298,1
DSP00000391,ORD000394,ICE,Benelux,2,2025-01-12 21:41:00,2025-01-13 05:34:00,CAMION,36.0,473,1
DSP00000392,ORD000404,ICE,Iberia,3,2025-01-12 22:39:00,2025-01-13 04:41:00,CAMION,24.0,362,1
DSP00000393,ORD000415,EV,Francia,3,2025-01-12 23:00:00,2025-01-13 04:22:00,CAMION,30.0,322,1
DSP00000394,ORD000388,EV,Alemania,1,2025-01-13 00:02:00,2025-01-13 02:57:00,TREN,42.0,175,1
DSP00000395,ORD000419,EV,Iberia,1,2025-01-13 01:49:00,2025-01-13 07:23:00,CAMION,24.0,334,1
DSP00000396,ORD000401,ICE,Iberia,2,2025-01-13 02:08:00,2025-01-13 06:15:00,CAMION,24.0,247,1
DSP00000397,ORD000386,EV,Benelux,2,2025-01-13 01:12:00,2025-01-13 05:41:00,CAMION,36.0,269,1
DSP00000398,ORD000409,ICE,Francia,2,2025-01-13 01:58:00,2025-01-13 09:10:00,CAMION,30.0,432,1
DSP00000399,ORD000396,ICE,Italia,2,2025-01-13 01:17:00,2025-01-13 05:52:00,CAMION,48.0,275,1
DSP00000400,ORD000397,ICE,Francia,2,2025-01-13 00:46:00,2025-01-13 04:51:00,CAMION,30.0,245,1
DSP00000401,ORD000395,EV,Benelux,2,2025-01-13 11:17:00,2025-01-13 16:36:00,CAMION,36.0,319,1
DSP00000402,ORD000403,EV,Iberia,1,2025-01-13 09:56:00,2025-01-13 13:49:00,CAMION,24.0,233,1
DSP00000403,ORD000418,EV,Italia,2,2025-01-13 13:10:00,2025-01-13 20:17:00,TREN,48.0,427,1
DSP00000404,ORD000402,ICE,Alemania,3,2025-01-13 07:15:00,2025-01-13 09:18:00,CAMION,42.0,123,1
DSP00000405,ORD000408,ICE,Italia,2,2025-01-13 09:14:00,2025-01-13 12:33:00,CAMION,48.0,199,1
DSP00000406,ORD000411,ICE,Iberia,2,2025-01-13 08:58:00,2025-01-13 11:35:00,CAMION,24.0,157,1
DSP00000407,ORD000420,EV,Alemania,2,2025-01-13 09:53:00,2025-01-13 16:28:00,TREN,42.0,395,1
DSP00000408,ORD000398,EV,Iberia,2,2025-01-13 12:57:00,2025-01-13 20:28:00,CAMION,24.0,451,1
DSP00000409,ORD000412,EV,Italia,3,2025-01-13 12:53:00,2025-01-13 17:54:00,TREN,48.0,301,1
DSP00000410,ORD000387,EV,Iberia,2,2025-01-13 14:39:00,2025-01-13 18:25:00,CAMION,24.0,226,1
DSP00000411,ORD000400,ICE,Italia,3,2025-01-13 10:33:00,2025-01-13 14:53:00,CAMION,48.0,260,1
DSP00000412,ORD000416,ICE,Iberia,2,2025-01-13 07:44:00,2025-01-13 14:43:00,CAMION,24.0,419,1
DSP00000413,ORD000393,EV,Alemania,1,2025-01-13 12:00:00,2025-01-13 16:35:00,TREN,42.0,275,1
DSP00000414,ORD000417,ICE,Iberia,3,2025-01-13 11:56:00,2025-01-13 18:17:00,CAMION,24.0,381,1
DSP00000415,ORD000389,EV,Iberia,3,2025-01-13 12:53:00,2025-01-13 17:21:00,CAMION,24.0,268,1
DSP00000416,ORD000413,EV,Italia,2,2025-01-13 15:16:00,2025-01-13 17:56:00,CAMION,48.0,160,1
DSP00000417,ORD000410,ICE,Iberia,3,2025-01-13 18:41:00,2025-01-13 23:42:00,CAMION,24.0,301,1
DSP00000418,ORD000392,EV,Francia,2,2025-01-13 19:38:00,2025-01-13 23:11:00,TREN,30.0,213,1
DSP00000419,ORD000390,ICE,Alemania,3,2025-01-13 17:58:00,2025-01-13 22:05:00,TREN,42.0,247,1
DSP00000420,ORD000445,ICE,Francia,2,2025-01-13 21:29:00,2025-01-14 02:36:00,CAMION,30.0,307,1
DSP00000421,ORD000435,ICE,Francia,3,2025-01-13 18:59:00,2025-01-14 00:24:00,CAMION,30.0,325,1
DSP00000422,ORD000414,EV,Francia,2,2025-01-13 18:30:00,2025-01-14 01:32:00,TREN,30.0,422,1
DSP00000423,ORD000451,EV,Italia,2,2025-01-13 19:46:00,2025-01-14 00:14:00,CAMION,48.0,268,1
DSP00000424,ORD000421,EV,Francia,2,2025-01-13 20:30:00,2025-01-14 03:25:00,TREN,30.0,415,1
DSP00000425,ORD000446,ICE,Iberia,1,2025-01-13 22:22:00,2025-01-14 05:17:00,CAMION,24.0,415,1
DSP00000426,ORD000422,EV,Iberia,2,2025-01-13 21:55:00,2025-01-14 04:36:00,CAMION,24.0,401,1
DSP00000427,ORD000437,EV,Iberia,1,2025-01-14 00:25:00,2025-01-14 05:25:00,CAMION,24.0,300,1
DSP00000428,ORD000436,EV,Iberia,2,2025-01-14 00:27:00,2025-01-14 05:52:00,CAMION,24.0,325,1
DSP00000429,ORD000444,ICE,Iberia,2,2025-01-13 21:17:00,2025-01-14 00:32:00,CAMION,24.0,195,1
DSP00000430,ORD000427,EV,Italia,3,2025-01-14 03:01:00,2025-01-14 07:02:00,CAMION,48.0,241,1
DSP00000431,ORD000448,EV,Alemania,2,2025-01-14 10:35:00,2025-01-14 16:25:00,CAMION,42.0,350,1
DSP00000432,ORD000429,EV,Iberia,2,2025-01-14 09:40:00,2025-01-14 14:04:00,CAMION,24.0,264,1
DSP00000433,ORD000433,EV,Alemania,3,2025-01-14 13:09:00,2025-01-14 17:51:00,CAMION,42.0,282,1
DSP00000434,ORD000441,EV,Francia,2,2025-01-14 10:39:00,2025-01-14 16:25:00,TREN,30.0,346,1
DSP00000435,ORD000443,ICE,Alemania,2,2025-01-14 03:46:00,2025-01-14 09:32:00,CAMION,42.0,346,1
DSP00000436,ORD000449,ICE,Italia,2,2025-01-14 10:23:00,2025-01-14 11:40:00,TREN,48.0,77,1
DSP00000437,ORD000426,ICE,Italia,3,2025-01-14 05:25:00,2025-01-14 10:05:00,CAMION,48.0,280,1
DSP00000438,ORD000424,EV,Iberia,2,2025-01-14 13:11:00,2025-01-14 18:01:00,CAMION,24.0,290,1
DSP00000439,ORD000455,EV,Francia,2,2025-01-14 13:08:00,2025-01-14 16:57:00,CAMION,30.0,229,1
DSP00000440,ORD000442,EV,Francia,3,2025-01-14 11:41:00,2025-01-14 19:09:00,CAMION,30.0,448,1
DSP00000441,ORD000453,EV,Italia,3,2025-01-14 13:01:00,2025-01-14 19:12:00,TREN,48.0,371,1
DSP00000442,ORD000450,ICE,Alemania,1,2025-01-14 10:44:00,2025-01-14 16:17:00,CAMION,42.0,333,1
DSP00000443,ORD000431,EV,Alemania,2,2025-01-14 11:55:00,2025-01-14 18:13:00,TREN,42.0,378,1
DSP00000444,ORD000454,ICE,Iberia,2,2025-01-14 09:02:00,2025-01-14 14:47:00,CAMION,24.0,345,1
DSP00000445,ORD000434,EV,Alemania,1,2025-01-14 13:29:00,2025-01-14 18:10:00,TREN,42.0,281,1
DSP00000446,ORD000430,ICE,Alemania,2,2025-01-14 12:15:00,2025-01-14 17:42:00,CAMION,42.0,327,1
DSP00000447,ORD000423,EV,Italia,2,2025-01-14 16:03:00,2025-01-14 20:37:00,CAMION,48.0,274,1
DSP00000448,ORD000439,ICE,Iberia,2,2025-01-14 14:49:00,2025-01-14 19:51:00,CAMION,24.0,302,1
DSP00000449,ORD000425,ICE,Iberia,1,2025-01-14 16:24:00,2025-01-14 20:53:00,CAMION,24.0,269,1
DSP00000450,ORD000447,ICE,Francia,2,2025-01-14 14:01:00,2025-01-14 19:05:00,CAMION,30.0,304,1
DSP00000451,ORD000432,EV,Benelux,2,2025-01-14 16:49:00,2025-01-14 23:41:00,TREN,36.0,412,1
DSP00000452,ORD000438,ICE,Iberia,2,2025-01-14 15:22:00,2025-01-14 20:36:00,CAMION,24.0,314,1
DSP00000453,ORD000440,ICE,Francia,3,2025-01-14 21:58:00,2025-01-15 02:35:00,TREN,30.0,277,1
DSP00000454,ORD000469,EV,Iberia,3,2025-01-14 22:45:00,2025-01-15 04:02:00,CAMION,24.0,317,1
DSP00000455,ORD000452,EV,Benelux,2,2025-01-14 21:57:00,2025-01-15 05:35:00,TREN,36.0,458,1
DSP00000456,ORD000476,EV,Francia,2,2025-01-14 20:38:00,2025-01-15 03:01:00,TREN,30.0,383,1
DSP00000457,ORD000474,EV,Alemania,2,2025-01-14 23:45:00,2025-01-15 04:15:00,CAMION,42.0,270,1
DSP00000458,ORD000487,ICE,Iberia,2,2025-01-14 22:26:00,2025-01-15 02:49:00,CAMION,24.0,263,1
DSP00000459,ORD000460,ICE,Francia,2,2025-01-14 21:47:00,2025-01-15 04:28:00,CAMION,30.0,401,1
DSP00000460,ORD000428,EV,Iberia,1,2025-01-14 23:01:00,2025-01-15 03:58:00,CAMION,24.0,297,1
DSP00000461,ORD000484,EV,Alemania,1,2025-01-15 00:39:00,2025-01-15 06:32:00,CAMION,42.0,353,1
DSP00000462,ORD000458,EV,Francia,2,2025-01-15 08:53:00,2025-01-15 13:26:00,TREN,30.0,273,1
DSP00000463,ORD000471,ICE,Iberia,2,2025-01-15 00:53:00,2025-01-15 08:35:00,CAMION,24.0,462,1
DSP00000464,ORD000477,EV,Italia,2,2025-01-15 09:20:00,2025-01-15 14:58:00,CAMION,48.0,338,1
DSP00000465,ORD000482,EV,Alemania,2,2025-01-15 11:52:00,2025-01-15 15:25:00,CAMION,42.0,213,1
DSP00000466,ORD000468,ICE,Iberia,1,2025-01-15 00:12:00,2025-01-15 05:01:00,CAMION,24.0,289,1
DSP00000467,ORD000470,ICE,Alemania,2,2025-01-14 23:11:00,2025-01-15 05:37:00,TREN,42.0,386,1
DSP00000468,ORD000463,ICE,Francia,1,2025-01-15 04:18:00,2025-01-15 06:57:00,TREN,30.0,159,1
DSP00000469,ORD000478,ICE,Iberia,3,2025-01-15 06:20:00,2025-01-15 09:51:00,CAMION,24.0,211,1
DSP00000470,ORD000457,EV,Alemania,2,2025-01-15 10:25:00,2025-01-15 14:45:00,CAMION,42.0,260,1
DSP00000471,ORD000481,EV,Francia,2,2025-01-15 12:18:00,2025-01-15 18:11:00,CAMION,30.0,353,1
DSP00000472,ORD000489,ICE,Alemania,2,2025-01-15 07:44:00,2025-01-15 13:21:00,TREN,42.0,337,1
DSP00000473,ORD000473,EV,Francia,1,2025-01-15 12:21:00,2025-01-15 16:20:00,CAMION,30.0,239,1
DSP00000474,ORD000462,ICE,Benelux,1,2025-01-15 04:28:00,2025-01-15 08:31:00,CAMION,36.0,243,1
DSP00000475,ORD000467,ICE,Iberia,3,2025-01-15 09:27:00,2025-01-15 11:33:00,CAMION,24.0,126,1
DSP00000476,ORD000483,EV,Benelux,1,2025-01-15 14:24:00,2025-01-15 20:04:00,CAMION,36.0,340,1
DSP00000477,ORD000488,EV,Italia,1,2025-01-15 12:13:00,2025-01-15 17:25:00,TREN,48.0,312,1
DSP00000478,ORD000486,ICE,Alemania,3,2025-01-15 09:13:00,2025-01-15 14:14:00,CAMION,42.0,301,1
DSP00000479,ORD000475,EV,Francia,2,2025-01-15 13:55:00,2025-01-15 18:28:00,CAMION,30.0,273,1
DSP00000480,ORD000461,ICE,Francia,2,2025-01-15 13:29:00,2025-01-15 19:58:00,CAMION,30.0,389,1
DSP00000481,ORD000456,EV,Alemania,2,2025-01-15 15:31:00,2025-01-15 20:34:00,TREN,42.0,303,1
DSP00000482,ORD000479,EV,Iberia,2,2025-01-15 15:06:00,2025-01-15 21:25:00,CAMION,24.0,379,1
DSP00000483,ORD000459,ICE,Alemania,2,2025-01-15 13:52:00,2025-01-15 18:17:00,CAMION,42.0,265,1
DSP00000484,ORD000466,ICE,Iberia,2,2025-01-15 16:40:00,2025-01-15 21:15:00,CAMION,24.0,275,1
DSP00000485,ORD000480,EV,Alemania,2,2025-01-15 18:06:00,2025-01-16 00:51:00,CAMION,42.0,405,1
DSP00000486,ORD000485,EV,Alemania,2,2025-01-15 18:19:00,2025-01-15 23:46:00,CAMION,42.0,327,1
DSP00000487,ORD000472,EV,Francia,3,2025-01-15 17:23:00,2025-01-15 22:22:00,CAMION,30.0,299,1
DSP00000488,ORD000490,EV,Italia,2,2025-01-15 19:39:00,2025-01-16 02:31:00,CAMION,48.0,412,1
DSP00000489,ORD000464,EV,Benelux,2,2025-01-15 20:00:00,2025-01-16 01:57:00,TREN,36.0,357,1
DSP00000490,ORD000465,EV,Alemania,2,2025-01-15 23:30:00,2025-01-16 05:53:00,CAMION,42.0,383,1
