order_id,tipo_propulsion,destino,prioridad_cliente,fecha_referencia,turno_referencia,ts_salida_real,espera_patio_min,espera_carga_min,espera_salida_min,espera_total_min,lead_time_total_horas,utilizacion_cargadores_turno,indice_congestion_patio,buffer_energia_kwh,curtailment_flag,slack_horas_sla,riesgo_bloqueo_salida
ORD000032,EV,Italia,2,2025-01-01,B,2025-01-01 18:26:00,77,23.0,225,325.0,16.25,0.0045138888888888885,0.6603000000000001,1897.9,0,46.71666666666667,27.936666666666675
ORD000012,ICE,Benelux,3,2025-01-01,B,2025-01-01 20:43:00,23,0.0,324,347.0,17.566666666666666,0.0045138888888888885,0.5764666666666667,2010.72,0,32.4,26.60472222222222
ORD000028,ICE,Iberia,1,2025-01-01,B,2025-01-01 21:31:00,72,0.0,74,146.0,14.166666666666666,0.0045138888888888885,0.6239333333333333,2263.67,0,23.433333333333334,20.812222222222225
ORD000025,ICE,Italia,2,2025-01-02,A,2025-01-02 06:24:00,109,0.0,335,444.0,20.0,0.05295138888888889,0.5254333333333333,1657.21,0,44.15,30.246944444444445
ORD000008,EV,Alemania,1,2025-01-02,A,2025-01-02 12:09:00,64,10.0,284,358.0,22.983333333333334,0.05295138888888889,0.6489666666666666,1674.3700000000001,0,40.166666666666664,30.34916666666666
ORD000016,EV,Alemania,2,2025-01-02,B,2025-01-02 17:08:00,74,0.0,549,623.0,27.216666666666665,0.01970486111111111,0.6478333333333333,1674.3700000000001,0,35.65,38.458333333333336
ORD000021,ICE,Alemania,2,2025-01-02,A,2025-01-02 10:14:00,70,0.0,217,287.0,16.15,0.05295138888888889,0.6427333333333333,1674.3700000000001,0,38.88333333333333,27.728055555555553
ORD000024,ICE,Italia,2,2025-01-02,A,2025-01-02 10:49:00,81,0.0,117,198.0,16.5,0.05295138888888889,0.6026,1324.2499999999998,0,46.93333333333333,23.634444444444444
ORD000003,ICE,Iberia,1,2025-01-02,A,2025-01-02 11:27:00,47,0.0,185,232.0,16.75,0.05295138888888889,0.6186666666666667,1324.2499999999998,0,23.666666666666668,25.21666666666667
ORD000006,ICE,Benelux,1,2025-01-02,A,2025-01-02 12:35:00,68,0.0,342,410.0,17.383333333333333,0.05295138888888889,0.5943333333333334,1674.3700000000001,0,32.25,30.788888888888888
ORD000015,EV,Francia,3,2025-01-02,A,2025-01-02 12:04:00,50,0.0,235,285.0,17.483333333333334,0.05295138888888889,0.6568,1674.3700000000001,0,29.6,28.010277777777777
ORD000035,EV,Benelux,1,2025-01-02,B,2025-01-02 15:35:00,39,0.0,347,386.0,18.7,0.01970486111111111,0.6420666666666667,1324.2499999999998,0,33.05,30.085
ORD000002,ICE,Francia,2,2025-01-02,B,2025-01-02 16:18:00,97,0.0,290,387.0,19.566666666666666,0.01970486111111111,0.5988333333333332,1838.1200000000001,0,27.816666666666666,29.038888888888884
ORD000026,ICE,Italia,3,2025-01-02,B,2025-01-02 17:02:00,28,0.0,271,299.0,19.15,0.01970486111111111,0.5899,1772.7899999999997,0,46.15,25.759999999999998
ORD000029,ICE,Iberia,3,2025-01-02,B,2025-01-02 18:30:00,52,0.0,477,529.0,21.066666666666666,0.01970486111111111,0.5689666666666667,2000.47,0,18.7,33.22277777777778
ORD000027,EV,Alemania,2,2025-01-02,B,2025-01-02 18:12:00,59,0.0,446,505.0,20.25,0.01970486111111111,0.6699666666666667,1387.69,0,38.7,34.91444444444444
ORD000011,EV,Iberia,2,2025-01-02,B,2025-01-02 19:30:00,69,33.0,495,597.0,20.0,0.01970486111111111,0.6224666666666667,2000.47,0,19.116666666666667,36.92138888888889
ORD000014,EV,Francia,2,2025-01-02,B,2025-01-02 18:24:00,67,42.0,332,441.0,20.8,0.01970486111111111,0.6359999999999999,1838.1200000000001,0,26.433333333333334,31.84305555555556
ORD000009,ICE,Francia,3,2025-01-02,B,2025-01-02 21:35:00,79,0.0,425,504.0,20.283333333333335,0.01970486111111111,0.5629666666666667,1956.0900000000001,0,24.866666666666667,32.20472222222222
ORD000001,ICE,Benelux,2,2025-01-02,B,2025-01-02 15:48:00,57,0.0,130,187.0,14.916666666666666,0.01970486111111111,0.6663333333333332,1651.33,0,34.25,23.781944444444445
ORD000069,ICE,Benelux,1,2025-01-02,B,2025-01-02 20:25:00,85,0.0,298,383.0,18.866666666666667,0.01970486111111111,0.6874666666666666,1926.0,0,33.25,31.11583333333333
ORD000019,ICE,Benelux,1,2025-01-02,B,2025-01-02 18:43:00,54,0.0,349,403.0,16.766666666666666,0.01970486111111111,0.6301333333333333,1772.7899999999997,0,32.93333333333333,30.37694444444444
ORD000070,ICE,Francia,2,2025-01-02,B,2025-01-02 21:01:00,104,0.0,274,378.0,19.666666666666668,0.01970486111111111,0.6088333333333334,1820.95,0,28.166666666666668,28.97638888888889
ORD000034,ICE,Francia,2,2025-01-02,B,2025-01-02 20:22:00,36,0.0,191,227.0,19.0,0.01970486111111111,0.6426999999999999,2049.9300000000003,0,29.05,24.58
ORD000040,ICE,Iberia,2,2025-01-02,B,2025-01-02 21:17:00,99,0.0,229,328.0,16.95,0.01970486111111111,0.6408333333333333,2049.9300000000003,0,21.45,28.040277777777778
ORD000053,ICE,Francia,3,2025-01-03,A,2025-01-03 06:26:00,77,0.0,349,426.0,20.55,0.04739583333333333,0.5635666666666667,1899.18,0,26.333333333333332,30.3975
ORD000065,EV,Alemania,3,2025-01-03,A,2025-01-03 07:26:00,99,4.0,505,608.0,22.233333333333334,0.04739583333333333,0.7962666666666667,1611.07,0,35.53333333333333,42.534444444444446
ORD000066,ICE,Italia,2,2025-01-03,A,2025-01-03 07:32:00,89,0.0,287,376.0,19.3,0.04739583333333333,0.5639666666666667,2114.7,0,44.63333333333333,28.67138888888889
ORD000051,ICE,Benelux,3,2025-01-03,A,2025-01-03 09:11:00,90,0.0,290,380.0,19.833333333333332,0.04739583333333333,0.6152333333333333,2098.9700000000003,0,32.1,30.091944444444444
ORD000041,ICE,Alemania,2,2025-01-03,A,2025-01-03 08:25:00,39,0.0,283,322.0,18.75,0.04739583333333333,0.5740999999999999,1738.6200000000001,0,39.416666666666664,27.049722222222222
ORD000059,ICE,Iberia,1,2025-01-03,A,2025-01-03 12:20:00,81,0.0,357,438.0,19.1,0.04739583333333333,0.5746333333333333,1676.5,0,19.516666666666666,31.090833333333332
ORD000050,ICE,Alemania,2,2025-01-03,A,2025-01-03 09:41:00,56,0.0,230,286.0,17.766666666666666,0.04739583333333333,0.5340666666666667,2250.61,0,39.93333333333333,24.79888888888889
ORD000061,ICE,Francia,2,2025-01-03,A,2025-01-03 10:26:00,59,0.0,319,378.0,17.733333333333334,0.04739583333333333,0.6024666666666667,2250.61,0,27.266666666666666,29.703333333333333
ORD000038,EV,Italia,2,2025-01-03,A,2025-01-03 13:31:00,74,44.0,255,373.0,20.65,0.04739583333333333,0.6771666666666667,1676.5,0,46.13333333333333,31.397222222222222
ORD000039,EV,Iberia,2,2025-01-03,B,2025-01-03 14:07:00,86,56.0,337,479.0,21.5,0.03229166666666667,0.6766,1676.5,0,20.15,34.58027777777778
ORD000058,EV,Alemania,2,2025-01-03,A,2025-01-03 12:43:00,43,17.0,312,372.0,18.483333333333334,0.04739583333333333,0.6610333333333334,1676.5,0,39.55,30.95916666666667
ORD000064,ICE,Francia,3,2025-01-03,B,2025-01-03 16:32:00,40,0.0,506,546.0,20.633333333333333,0.03229166666666667,0.5845333333333333,1331.86,0,22.766666666666666,34.605000000000004
ORD000056,ICE,Iberia,1,2025-01-03,B,2025-01-03 14:44:00,73,0.0,184,257.0,18.75,0.03229166666666667,0.5378000000000001,2180.87,0,22.166666666666668,23.401944444444446
ORD000055,ICE,Iberia,3,2025-01-03,A,2025-01-03 13:05:00,51,0.0,186,237.0,15.55,0.04739583333333333,0.6378,1897.04,0,21.46666666666667,25.690833333333337
ORD000057,EV,Benelux,2,2025-01-03,B,2025-01-03 17:34:00,49,38.0,466,553.0,21.183333333333334,0.03229166666666667,0.7364666666666666,1331.86,0,32.35,38.64638888888889
ORD000048,ICE,Iberia,3,2025-01-03,B,2025-01-03 17:02:00,58,0.0,356,414.0,19.666666666666668,0.03229166666666667,0.6411666666666668,2180.87,0,19.916666666666668,31.4375
ORD000063,ICE,Francia,1,2025-01-03,B,2025-01-03 15:37:00,57,0.0,343,400.0,17.233333333333334,0.03229166666666667,0.5986333333333334,1897.04,0,27.03333333333333,29.888055555555557
ORD000044,ICE,Iberia,2,2025-01-03,B,2025-01-03 19:47:00,92,0.0,380,472.0,21.616666666666667,0.03229166666666667,0.5698,1565.78,0,19.71666666666667,31.66722222222222
ORD000045,ICE,Iberia,2,2025-01-03,B,2025-01-03 17:12:00,52,0.0,278,330.0,17.35,0.03229166666666667,0.5935999999999999,1520.4999999999998,0,21.0,27.331666666666663
ORD000060,EV,Italia,2,2025-01-03,B,2025-01-03 17:56:00,95,23.0,361,479.0,18.516666666666666,0.03229166666666667,0.6921666666666667,1414.23,0,44.7,34.96944444444445
ORD000054,EV,Francia,1,2025-01-03,B,2025-01-03 20:36:00,72,22.0,449,543.0,20.5,0.03229166666666667,0.6593000000000001,2180.87,0,26.166666666666668,36.370000000000005
ORD000085,ICE,Francia,2,2025-01-03,B,2025-01-03 21:42:00,59,0.0,343,402.0,18.75,0.03229166666666667,0.5684,1508.3100000000002,0,25.333333333333332,29.201666666666668
ORD000071,ICE,Iberia,2,2025-01-03,B,2025-01-03 19:46:00,71,0.0,286,357.0,17.95,0.03229166666666667,0.6419333333333332,1508.3100000000002,0,19.666666666666668,29.4775
ORD000052,EV,Iberia,1,2025-01-03,B,2025-01-03 20:56:00,33,25.0,266,324.0,18.9,0.03229166666666667,0.6762333333333334,1668.6899999999998,0,22.533333333333335,29.18916666666667
ORD000100,EV,Iberia,3,2025-01-03,B,2025-01-03 21:43:00,79,7.0,312,398.0,17.45,0.03229166666666667,0.6629333333333334,1508.3100000000002,0,20.2,31.426111111111112
ORD000103,ICE,Iberia,3,2025-01-03,B,2025-01-03 20:56:00,28,0.0,140,168.0,15.433333333333334,0.03229166666666667,0.6696,1920.42,0,22.216666666666665,23.606666666666666
ORD000091,ICE,Iberia,2,2025-01-04,A,2025-01-04 07:09:00,70,0.0,498,568.0,23.65,0.04904513888888889,0.6281333333333333,1838.6200000000001,0,17.03333333333333,36.995
ORD000084,ICE,Francia,2,2025-01-04,A,2025-01-04 06:42:00,34,0.0,377,411.0,20.333333333333332,0.04904513888888889,0.6168333333333333,1838.4899999999998,0,25.316666666666666,31.26111111111111
ORD000080,EV,Iberia,2,2025-01-04,A,2025-01-04 12:06:00,90,25.0,280,395.0,25.4,0.04904513888888889,0.7398666666666667,1758.85,0,22.75,33.781388888888884
ORD000092,ICE,Italia,3,2025-01-04,A,2025-01-04 08:02:00,60,0.0,417,477.0,19.7,0.04904513888888889,0.6932666666666667,1901.77,0,43.266666666666666,35.463611111111106
ORD000099,ICE,Iberia,3,2025-01-04,A,2025-01-04 06:10:00,88,0.0,326,414.0,18.483333333333334,0.04904513888888889,0.5501666666666667,1838.4899999999998,0,19.95,29.698611111111113
ORD000076,EV,Alemania,2,2025-01-04,A,2025-01-04 13:39:00,73,18.0,340,431.0,26.15,0.04904513888888889,0.7113666666666667,1758.85,0,39.75,34.318888888888885
ORD000083,ICE,Alemania,2,2025-01-04,A,2025-01-04 11:25:00,90,0.0,414,504.0,21.9,0.04904513888888889,0.6159666666666667,1974.25,0,37.43333333333334,34.46861111111111
ORD000086,EV,Iberia,2,2025-01-04,B,2025-01-04 17:19:00,85,26.0,570,681.0,28.566666666666666,0.03619791666666667,0.7747666666666667,1758.85,0,17.333333333333332,44.17333333333333
ORD000075,ICE,Francia,2,2025-01-04,A,2025-01-04 06:42:00,75,0.0,146,221.0,16.05,0.04904513888888889,0.6710666666666667,1974.25,0,27.916666666666668,26.01972222222222
ORD000082,ICE,Benelux,1,2025-01-04,A,2025-01-04 11:47:00,54,0.0,362,416.0,20.016666666666666,0.04904513888888889,0.6394,2105.0,0,30.866666666666667,31.998888888888885
ORD000101,EV,Iberia,2,2025-01-04,A,2025-01-04 12:25:00,100,0.0,298,398.0,21.733333333333334,0.04904513888888889,0.727,1758.85,0,23.1,33.56388888888889
ORD000105,EV,Benelux,2,2025-01-04,B,2025-01-04 15:50:00,57,21.0,505,583.0,22.083333333333332,0.03619791666666667,0.7108,1758.85,0,31.583333333333332,39.17138888888889
ORD000104,ICE,Alemania,2,2025-01-04,A,2025-01-04 11:37:00,37,0.0,395,432.0,19.533333333333335,0.04904513888888889,0.6661999999999999,2105.0,0,37.483333333333334,33.224444444444444
ORD000094,ICE,Iberia,3,2025-01-04,A,2025-01-04 12:17:00,108,0.0,319,427.0,17.516666666666666,0.04904513888888889,0.6686999999999999,1758.85,0,19.2,33.11333333333333
ORD000073,ICE,Alemania,2,2025-01-04,A,2025-01-04 12:20:00,92,0.0,146,238.0,18.1,0.04904513888888889,0.7254666666666667,1749.93,0,39.95,27.97
ORD000102,EV,Benelux,2,2025-01-04,B,2025-01-04 15:30:00,78,54.0,439,571.0,21.5,0.03619791666666667,0.6855333333333334,1119.37,0,32.1,38.12305555555556
ORD000096,ICE,Iberia,2,2025-01-04,A,2025-01-04 12:46:00,46,0.0,204,250.0,17.966666666666665,0.04904513888888889,0.6720666666666666,1749.93,0,22.85,27.051666666666662
ORD000077,ICE,Iberia,2,2025-01-04,A,2025-01-04 13:10:00,25,0.0,293,318.0,17.666666666666668,0.04904513888888889,0.7394333333333333,1541.3600000000001,0,20.35,31.09694444444444
ORD000087,ICE,Alemania,3,2025-01-04,B,2025-01-04 14:03:00,55,0.0,134,189.0,16.333333333333332,0.03619791666666667,0.6221333333333334,1515.9100000000003,0,40.63333333333333,23.27416666666667
ORD000088,ICE,Francia,1,2025-01-04,B,2025-01-04 15:44:00,37,0.0,205,242.0,15.266666666666667,0.03619791666666667,0.6687666666666666,1580.6999999999998,0,27.45,26.28027777777778
ORD000093,ICE,Benelux,2,2025-01-04,B,2025-01-04 21:13:00,105,0.0,232,337.0,19.783333333333335,0.03619791666666667,0.6324666666666667,1858.85,0,34.333333333333336,28.67138888888889
ORD000130,ICE,Italia,2,2025-01-05,A,2025-01-05 07:18:00,50,0.0,428,478.0,21.583333333333332,0.06232638888888889,0.5834,1738.3799999999999,0,42.36666666666667,33.17666666666666
ORD000108,ICE,Italia,2,2025-01-05,A,2025-01-05 07:55:00,97,0.0,437,534.0,23.233333333333334,0.06232638888888889,0.7030999999999998,1738.3799999999999,0,42.733333333333334,38.11361111111111
ORD000138,ICE,Italia,1,2025-01-05,A,2025-01-05 07:33:00,103,0.0,387,490.0,20.2,0.06232638888888889,0.6106999999999999,1896.8799999999999,0,43.583333333333336,34.27583333333333
ORD000126,ICE,Iberia,3,2025-01-05,A,2025-01-05 07:44:00,86,0.0,318,404.0,18.1,0.06232638888888889,0.6861999999999999,2137.96,0,20.6,33.17722222222222
ORD000125,EV,Iberia,2,2025-01-05,A,2025-01-05 12:27:00,91,27.0,274,392.0,24.416666666666668,0.06232638888888889,0.6676333333333333,1331.3,0,21.833333333333332,32.296388888888885
ORD000133,ICE,Iberia,2,2025-01-05,A,2025-01-05 10:36:00,33,0.0,329,362.0,20.483333333333334,0.06232638888888889,0.7200666666666667,1982.4199999999998,0,20.416666666666668,32.565555555555555
ORD000121,EV,Iberia,2,2025-01-05,B,2025-01-05 15:49:00,30,0.0,482,512.0,25.866666666666667,0.04001736111111111,0.7056999999999999,1331.3,0,20.28333333333333,36.700833333333335
ORD000114,ICE,Benelux,1,2025-01-05,A,2025-01-05 08:49:00,38,0.0,435,473.0,18.283333333333335,0.06232638888888889,0.6472666666666668,1896.8799999999999,0,30.916666666666668,34.599722222222226
ORD000116,ICE,Italia,1,2025-01-05,A,2025-01-05 08:27:00,74,0.0,176,250.0,16.983333333333334,0.06232638888888889,0.6916,1982.4199999999998,0,46.18333333333333,27.964999999999996
ORD000118,EV,Francia,2,2025-01-05,A,2025-01-05 10:05:00,65,27.0,122,214.0,19.516666666666666,0.06232638888888889,0.7342333333333333,1331.3,0,29.566666666666666,27.780833333333334
ORD000113,EV,Alemania,2,2025-01-05,B,2025-01-05 14:03:00,46,44.0,366,456.0,23.183333333333334,0.04001736111111111,0.7653,1331.3,0,38.083333333333336,36.24638888888889
ORD000137,ICE,Iberia,2,2025-01-05,A,2025-01-05 12:30:00,81,0.0,373,454.0,19.633333333333333,0.06232638888888889,0.6401333333333333,1331.3,0,20.28333333333333,33.76166666666667
ORD000136,ICE,Alemania,1,2025-01-05,B,2025-01-05 14:51:00,86,0.0,353,439.0,20.666666666666668,0.04001736111111111,0.6507,1781.5700000000002,0,38.43333333333333,32.79111111111111
ORD000134,ICE,Iberia,1,2025-01-05,A,2025-01-05 11:30:00,43,0.0,204,247.0,17.583333333333332,0.06232638888888889,0.5844666666666667,1781.5700000000002,0,21.35,25.1825
ORD000124,ICE,Benelux,2,2025-01-05,A,2025-01-05 12:14:00,21,0.0,274,295.0,17.983333333333334,0.06232638888888889,0.7714666666666666,1148.85,0,32.06666666666667,31.524166666666666
ORD000110,ICE,Iberia,3,2025-01-05,A,2025-01-05 12:00:00,34,0.0,313,347.0,17.0,0.06232638888888889,0.6310333333333333,1331.3,0,20.883333333333333,29.81888888888889
ORD000131,ICE,Francia,2,2025-01-05,A,2025-01-05 13:41:00,41,0.0,262,303.0,18.5,0.06232638888888889,0.7169666666666665,2116.75,0,26.483333333333334,30.43944444444444
ORD000140,EV,Iberia,1,2025-01-05,B,2025-01-05 15:15:00,51,29.0,418,498.0,21.033333333333335,0.04001736111111111,0.7817333333333333,1331.3,0,21.15,38.11555555555556
ORD000117,EV,Iberia,2,2025-01-05,A,2025-01-05 13:48:00,45,72.0,324,441.0,19.65,0.06232638888888889,0.7623666666666666,1148.85,0,21.53333333333333,36.36611111111111
ORD000111,ICE,Iberia,2,2025-01-05,A,2025-01-05 13:31:00,49,0.0,191,240.0,17.483333333333334,0.06232638888888889,0.6178666666666667,1488.9499999999998,0,21.6,25.774444444444445
ORD000106,ICE,Iberia,2,2025-01-05,B,2025-01-05 14:02:00,47,0.0,278,325.0,17.9,0.04001736111111111,0.7216,2116.75,0,20.416666666666668,30.60527777777778
ORD000132,ICE,Benelux,2,2025-01-05,B,2025-01-05 20:39:00,93,0.0,356,449.0,21.066666666666666,0.04001736111111111,0.6770666666666666,1556.14,0,32.85,33.7975
ORD000148,ICE,Iberia,2,2025-01-05,B,2025-01-05 21:09:00,53,0.0,346,399.0,18.0,0.04001736111111111,0.6871999999999998,1946.0599999999997,0,19.46666666666667,32.314722222222215
ORD000128,EV,Benelux,2,2025-01-05,B,2025-01-05 21:33:00,58,0.0,394,452.0,20.25,0.04001736111111111,0.7757000000000001,1558.82,0,32.266666666666666,36.3675
ORD000155,EV,Iberia,2,2025-01-05,B,2025-01-05 20:15:00,56,2.0,298,356.0,17.233333333333334,0.04001736111111111,0.6908333333333333,1558.82,0,21.3,30.912499999999998
ORD000166,EV,Italia,1,2025-01-06,A,2025-01-06 13:11:00,72,520.0,338,930.0,26.933333333333334,0.09192708333333334,0.7620999999999999,1876.66,0,45.233333333333334,46.994166666666665
ORD000170,ICE,Alemania,2,2025-01-06,A,2025-01-06 07:09:00,37,0.0,365,402.0,21.166666666666668,0.09192708333333334,0.8064666666666667,1887.6,0,38.483333333333334,37.06166666666667
ORD000173,ICE,Iberia,3,2025-01-06,A,2025-01-06 09:44:00,80,0.0,307,387.0,19.9,0.09192708333333334,0.6531333333333333,2057.6400000000003,0,20.96666666666667,32.707499999999996
ORD000169,ICE,Iberia,2,2025-01-06,A,2025-01-06 10:27:00,30,0.0,432,462.0,19.85,0.09192708333333334,0.7064999999999999,1592.0,0,18.433333333333334,36.64583333333333
ORD000153,EV,Iberia,2,2025-01-06,A,2025-01-06 12:51:00,50,21.0,327,398.0,22.7,0.09192708333333334,0.7294666666666666,1876.66,0,22.133333333333333,34.99777777777778
ORD000168,ICE,Alemania,2,2025-01-06,A,2025-01-06 09:29:00,21,0.0,299,320.0,18.45,0.09192708333333334,0.6691666666666667,2057.6400000000003,0,37.43333333333334,30.781944444444445
ORD000144,EV,Alemania,1,2025-01-06,A,2025-01-06 12:53:00,30,32.0,321,383.0,21.083333333333332,0.09192708333333334,0.7394,1876.66,0,39.9,34.72527777777778
ORD000175,ICE,Italia,2,2025-01-06,A,2025-01-06 11:28:00,91,0.0,238,329.0,17.95,0.09192708333333334,0.6987333333333333,1041.5499999999997,0,45.15,31.83361111111111
ORD000160,ICE,Benelux,3,2025-01-06,A,2025-01-06 12:10:00,87,0.0,255,342.0,18.333333333333332,0.09192708333333334,0.6628333333333335,1041.5499999999997,0,32.78333333333333,31.387500000000003
ORD000143,EV,Francia,2,2025-01-06,A,2025-01-06 13:58:00,85,34.0,325,444.0,20.416666666666668,0.09192708333333334,0.7254,1876.66,0,26.866666666666667,36.49333333333334
ORD000158,EV,Francia,1,2025-01-06,B,2025-01-06 16:21:00,53,21.0,472,546.0,22.216666666666665,0.019965277777777776,0.8114333333333333,1876.66,0,25.6,39.88305555555556
ORD000145,EV,Alemania,1,2025-01-06,B,2025-01-06 16:04:00,30,6.0,508,544.0,21.533333333333335,0.019965277777777776,0.8020333333333334,1876.66,0,36.28333333333333,39.578611111111115
ORD000159,EV,Italia,3,2025-01-06,B,2025-01-06 17:29:00,46,29.0,529,604.0,20.833333333333332,0.019965277777777776,0.759,1876.66,0,44.13333333333333,40.58611111111111
ORD000149,EV,Italia,2,2025-01-06,B,2025-01-06 15:51:00,50,40.0,314,404.0,18.1,0.019965277777777776,0.8235666666666667,1766.32,0,45.36666666666667,35.25583333333333
ORD000146,ICE,Benelux,3,2025-01-06,B,2025-01-06 15:42:00,87,0.0,159,246.0,15.75,0.019965277777777776,0.7851,1240.0499999999997,0,34.016666666666666,28.808055555555555
ORD000141,EV,Italia,3,2025-01-06,B,2025-01-06 20:44:00,57,108.0,450,615.0,21.916666666666668,0.019965277777777776,0.6365666666666667,1730.95,0,43.766666666666666,37.90722222222222
ORD000157,EV,Alemania,3,2025-01-06,B,2025-01-06 20:09:00,99,56.0,414,569.0,19.45,0.019965277777777776,0.7813666666666667,1730.95,0,36.96666666666667,39.93
ORD000208,ICE,Benelux,2,2025-01-06,B,2025-01-06 17:43:00,105,0.0,140,245.0,16.666666666666668,0.019965277777777776,0.6704000000000001,1501.4499999999998,0,34.583333333333336,25.905833333333334
ORD000165,EV,Alemania,1,2025-01-06,B,2025-01-06 19:29:00,67,56.0,237,360.0,18.466666666666665,0.019965277777777776,0.7885333333333334,1240.0499999999997,0,39.3,32.852222222222224
ORD000162,EV,Iberia,2,2025-01-06,B,2025-01-06 20:37:00,26,30.0,380,436.0,19.483333333333334,0.019965277777777776,0.7157666666666667,1240.0499999999997,0,20.0,33.67194444444444
ORD000164,EV,Iberia,2,2025-01-06,B,2025-01-06 20:28:00,91,0.0,336,427.0,19.083333333333332,0.019965277777777776,0.8422333333333333,1240.0499999999997,0,21.166666666666668,36.52111111111111
ORD000142,ICE,Iberia,1,2025-01-06,B,2025-01-06 21:14:00,44,0.0,351,395.0,18.583333333333332,0.019965277777777776,0.6889,1501.4499999999998,0,19.933333333333334,31.576666666666668
ORD000183,ICE,Iberia,2,2025-01-07,A,2025-01-07 07:42:00,106,0.0,512,618.0,21.683333333333334,0.04505208333333333,0.7179666666666666,1783.6799999999998,0,17.4,40.84916666666666
ORD000182,ICE,Benelux,2,2025-01-07,A,2025-01-07 10:12:00,107,0.0,504,611.0,22.9,0.04505208333333333,0.6460666666666667,2294.4700000000003,0,30.2,38.80861111111111
ORD000197,ICE,Francia,2,2025-01-07,A,2025-01-07 08:57:00,41,0.0,480,521.0,21.233333333333334,0.04505208333333333,0.7304333333333334,2357.96,0,24.366666666666667,37.79277777777778
ORD000176,EV,Alemania,2,2025-01-07,B,2025-01-07 15:41:00,74,32.0,455,561.0,27.6,0.05486111111111111,0.8267,2016.1000000000001,0,37.416666666666664,41.90222222222222
ORD000186,ICE,Italia,2,2025-01-07,A,2025-01-07 12:26:00,97,0.0,447,544.0,23.433333333333334,0.04505208333333333,0.8216,2114.33,0,41.85,40.870555555555555
ORD000206,EV,Benelux,2,2025-01-07,B,2025-01-07 19:03:00,106,38.0,616,760.0,27.116666666666667,0.05486111111111111,0.8435000000000001,2016.1000000000001,0,29.65,47.84305555555555
ORD000184,ICE,Francia,2,2025-01-07,A,2025-01-07 10:51:00,101,0.0,271,372.0,18.35,0.04505208333333333,0.7298333333333333,2016.1000000000001,0,25.9,32.60416666666667
ORD000192,ICE,Iberia,1,2025-01-07,A,2025-01-07 13:11:00,77,0.0,434,511.0,19.866666666666667,0.04505208333333333,0.677,1962.85,0,19.433333333333334,36.109722222222224
ORD000178,ICE,Alemania,2,2025-01-07,A,2025-01-07 13:23:00,30,0.0,437,467.0,18.883333333333333,0.04505208333333333,0.6926000000000001,2016.1000000000001,0,36.03333333333333,34.971944444444446
ORD000196,EV,Alemania,2,2025-01-07,B,2025-01-07 17:57:00,33,57.0,579,669.0,23.9,0.05486111111111111,0.7976666666666666,2016.1000000000001,0,36.53333333333333,44.926388888888894
ORD000202,ICE,Benelux,2,2025-01-07,A,2025-01-07 13:55:00,70,0.0,301,371.0,19.1,0.04505208333333333,0.7175666666666668,1703.33,0,31.583333333333332,32.26277777777778
ORD000207,ICE,Francia,2,2025-01-07,B,2025-01-07 15:16:00,27,0.0,291,318.0,17.633333333333333,0.05486111111111111,0.6783666666666666,1804.5,0,26.183333333333334,29.756388888888885
ORD000203,EV,Iberia,2,2025-01-07,B,2025-01-07 17:22:00,43,35.0,467,545.0,21.083333333333332,0.05486111111111111,0.7552333333333333,1703.33,0,20.8,39.56
ORD000194,EV,Iberia,2,2025-01-07,B,2025-01-07 18:38:00,51,41.0,394,486.0,21.083333333333332,0.05486111111111111,0.8184333333333333,1804.5,0,20.4,39.091388888888886
ORD000209,ICE,Francia,2,2025-01-07,B,2025-01-07 17:58:00,54,0.0,321,375.0,19.7,0.05486111111111111,0.7517333333333334,1648.21,0,26.71666666666667,33.569722222222225
ORD000191,ICE,Francia,2,2025-01-07,B,2025-01-07 16:17:00,67,0.0,318,385.0,17.116666666666667,0.05486111111111111,0.7709999999999999,1804.5,0,26.28333333333333,34.39861111111111
ORD000205,ICE,Iberia,2,2025-01-07,B,2025-01-07 20:26:00,85,0.0,280,365.0,19.883333333333333,0.05486111111111111,0.667,1624.0500000000002,0,20.433333333333334,31.104166666666668
ORD000189,ICE,Iberia,2,2025-01-07,B,2025-01-07 19:28:00,72,0.0,244,316.0,18.883333333333333,0.05486111111111111,0.7660333333333333,1624.0500000000002,0,22.25,31.878611111111113
ORD000181,ICE,Alemania,2,2025-01-07,B,2025-01-07 19:59:00,99,0.0,309,408.0,19.633333333333333,0.05486111111111111,0.6954,1690.87,0,37.56666666666666,33.30722222222222
ORD000188,EV,Francia,1,2025-01-07,B,2025-01-07 19:39:00,96,53.0,351,500.0,19.55,0.05486111111111111,0.8579333333333333,1648.21,0,27.25,40.565
ORD000232,ICE,Alemania,2,2025-01-07,B,2025-01-07 21:02:00,86,0.0,262,348.0,19.583333333333332,0.05486111111111111,0.6511,1202.2999999999997,0,38.016666666666666,30.116388888888892
ORD000243,ICE,Benelux,2,2025-01-07,B,2025-01-07 21:06:00,80,0.0,248,328.0,17.5,0.05486111111111111,0.7100666666666666,1202.2999999999997,0,32.95,30.89611111111111
ORD000235,ICE,Alemania,2,2025-01-07,B,2025-01-07 20:45:00,37,0.0,256,293.0,16.483333333333334,0.05486111111111111,0.6379,1202.2999999999997,0,38.166666666666664,27.876666666666665
ORD000234,ICE,Iberia,1,2025-01-08,A,2025-01-08 08:22:00,88,0.0,522,610.0,22.8,0.09375,0.7075,1615.3500000000001,0,17.21666666666667,41.86805555555556
ORD000231,EV,Francia,2,2025-01-08,A,2025-01-08 06:11:00,54,84.0,452,590.0,21.3,0.09375,0.8052999999999999,1818.42,0,25.816666666666666,43.61861111111111
ORD000223,ICE,Alemania,2,2025-01-08,A,2025-01-08 08:17:00,96,0.0,369,465.0,22.633333333333333,0.09375,0.6978333333333333,2204.45,0,37.9,36.59166666666667
ORD000230,ICE,Francia,2,2025-01-08,A,2025-01-08 07:49:00,74,0.0,415,489.0,21.316666666666666,0.09375,0.6521666666666666,2281.8500000000004,0,23.866666666666667,36.28333333333333
ORD000212,ICE,Alemania,3,2025-01-08,A,2025-01-08 06:44:00,65,0.0,272,337.0,19.65,0.09375,0.7323333333333334,2204.45,0,39.0,33.00972222222222
ORD000214,EV,Alemania,2,2025-01-08,A,2025-01-08 07:57:00,70,29.0,484,583.0,22.566666666666666,0.09375,0.8944,1974.89,0,37.083333333333336,45.60305555555556
ORD000245,EV,Francia,2,2025-01-08,B,2025-01-08 18:26:00,60,47.0,589,696.0,31.883333333333333,0.007638888888888889,0.8512666666666666,1784.07,0,23.133333333333333,45.69277777777778
ORD000217,EV,Italia,1,2025-01-08,B,2025-01-08 16:07:00,27,73.0,457,557.0,28.283333333333335,0.007638888888888889,0.7077666666666667,1326.5199999999998,0,43.766666666666666,37.278888888888886
ORD000218,EV,Alemania,3,2025-01-08,B,2025-01-08 16:28:00,99,75.0,455,629.0,28.2,0.007638888888888889,0.7999,1326.5199999999998,0,37.21666666666667,42.08222222222223
ORD000216,ICE,Alemania,3,2025-01-08,A,2025-01-08 08:31:00,55,0.0,306,361.0,17.583333333333332,0.09375,0.7075,1892.68,0,37.68333333333334,33.22222222222222
ORD000228,EV,Alemania,3,2025-01-08,B,2025-01-08 16:53:00,34,87.0,467,588.0,25.483333333333334,0.007638888888888889,0.7567333333333334,1326.5199999999998,0,37.63333333333333,39.57944444444445
ORD000219,EV,Francia,2,2025-01-08,B,2025-01-08 15:53:00,63,62.0,418,543.0,23.45,0.007638888888888889,0.7445999999999999,1326.5199999999998,0,25.96666666666667,37.713611111111106
ORD000215,EV,Alemania,1,2025-01-08,A,2025-01-08 13:01:00,21,42.0,294,357.0,19.216666666666665,0.09375,0.8240666666666666,1784.07,0,39.28333333333333,35.9975
ORD000236,EV,Francia,2,2025-01-08,B,2025-01-08 15:04:00,51,32.0,419,502.0,22.5,0.007638888888888889,0.7894666666666668,1784.07,0,25.133333333333333,37.41166666666666
ORD000229,EV,Iberia,3,2025-01-08,A,2025-01-08 12:45:00,52,81.0,274,407.0,19.083333333333332,0.09375,0.8559666666666665,1326.5199999999998,0,22.05,38.5311111111111
ORD000222,EV,Iberia,2,2025-01-08,A,2025-01-08 11:42:00,77,11.0,242,330.0,18.516666666666666,0.09375,0.8482000000000001,1784.07,0,21.266666666666666,35.66333333333333
ORD000221,ICE,Alemania,2,2025-01-08,B,2025-01-08 15:56:00,46,0.0,248,294.0,19.766666666666666,0.007638888888888889,0.8305666666666667,1647.8600000000001,0,38.43333333333333,31.216944444444444
ORD000211,ICE,Alemania,2,2025-01-08,B,2025-01-08 18:26:00,109,0.0,365,474.0,21.216666666666665,0.007638888888888889,0.7167,1530.8100000000002,0,38.4,34.62027777777777
ORD000225,EV,Alemania,2,2025-01-08,B,2025-01-08 15:58:00,49,45.0,363,457.0,18.466666666666665,0.007638888888888889,0.8363666666666666,833.0799999999999,0,40.55,37.02166666666666
ORD000227,ICE,Iberia,2,2025-01-08,B,2025-01-08 20:18:00,99,0.0,473,572.0,22.083333333333332,0.007638888888888889,0.7041000000000001,1530.8100000000002,0,17.083333333333332,37.70805555555556
ORD000224,EV,Iberia,2,2025-01-08,B,2025-01-08 18:07:00,43,39.0,339,421.0,20.2,0.007638888888888889,0.8148000000000001,1647.8600000000001,0,22.033333333333335,35.2325
ORD000220,ICE,Benelux,3,2025-01-08,B,2025-01-08 19:13:00,43,0.0,344,387.0,19.283333333333335,0.007638888888888889,0.7938,1436.5100000000002,0,31.433333333333334,33.52694444444444
ORD000262,ICE,Iberia,2,2025-01-08,B,2025-01-08 20:24:00,57,0.0,106,163.0,14.95,0.007638888888888889,0.6766000000000001,1891.68,0,23.666666666666668,22.819166666666668
ORD000269,EV,Alemania,1,2025-01-09,B,2025-01-09 18:13:00,67,47.0,584,698.0,30.6,0.07977430555555555,0.8748333333333335,1824.81,0,36.36666666666667,48.65972222222223
ORD000261,EV,Alemania,2,2025-01-09,B,2025-01-09 21:27:00,89,80.0,704,873.0,33.833333333333336,0.07977430555555555,0.8159333333333333,1494.6799999999998,0,32.86666666666667,47.95111111111111
ORD000252,ICE,Francia,2,2025-01-09,A,2025-01-09 08:04:00,42,0.0,370,412.0,18.65,0.1032986111111111,0.7930666666666666,1820.41,0,26.15,37.437777777777775
ORD000257,EV,Francia,2,2025-01-09,B,2025-01-09 16:35:00,45,74.0,468,587.0,27.6,0.07977430555555555,0.7193666666666667,1494.6799999999998,0,26.633333333333333,40.91888888888889
ORD000278,ICE,Iberia,2,2025-01-09,A,2025-01-09 13:24:00,80,0.0,556,636.0,24.5,0.1032986111111111,0.7539666666666666,1546.7300000000002,0,16.583333333333332,44.23805555555555
ORD000263,EV,Alemania,2,2025-01-09,A,2025-01-09 13:37:00,89,49.0,319,457.0,24.266666666666666,0.1032986111111111,0.8249666666666667,1824.81,0,40.25,39.79777777777778
ORD000259,ICE,Benelux,3,2025-01-09,A,2025-01-09 08:41:00,60,0.0,284,344.0,18.9,0.1032986111111111,0.6517666666666667,1861.1100000000001,0,33.56666666666667,31.54416666666667
ORD000260,ICE,Alemania,2,2025-01-09,A,2025-01-09 13:07:00,92,0.0,435,527.0,23.083333333333332,0.1032986111111111,0.7217333333333333,2331.8199999999997,0,37.56666666666666,39.647499999999994
ORD000258,EV,Francia,2,2025-01-09,B,2025-01-09 14:04:00,102,68.0,310,480.0,22.95,0.07977430555555555,0.8588,1494.6799999999998,0,26.633333333333333,40.68944444444444
ORD000254,EV,Iberia,2,2025-01-09,B,2025-01-09 15:57:00,29,69.0,417,515.0,26.216666666666665,0.07977430555555555,0.8736666666666667,1494.6799999999998,0,20.483333333333334,42.27638888888889
ORD000270,EV,Benelux,1,2025-01-09,B,2025-01-09 14:24:00,66,26.0,414,506.0,23.4,0.07977430555555555,0.8592666666666666,1824.81,0,32.28333333333333,41.60388888888889
ORD000266,EV,Francia,1,2025-01-09,B,2025-01-09 14:43:00,99,33.0,425,557.0,22.416666666666668,0.07977430555555555,0.8416000000000001,1824.81,0,25.816666666666666,42.93305555555556
ORD000272,ICE,Alemania,1,2025-01-09,A,2025-01-09 13:22:00,36,0.0,378,414.0,19.9,0.1032986111111111,0.7338333333333332,1494.6799999999998,0,38.083333333333336,36.02638888888889
ORD000246,EV,Alemania,1,2025-01-09,B,2025-01-09 16:00:00,44,53.0,439,536.0,22.5,0.07977430555555555,0.8279666666666666,1824.81,0,39.31666666666667,41.863055555555555
ORD000251,ICE,Francia,2,2025-01-09,B,2025-01-09 14:48:00,97,0.0,376,473.0,20.6,0.07977430555555555,0.7499666666666667,1230.7200000000003,0,25.2,37.72555555555556
ORD000264,ICE,Alemania,1,2025-01-09,B,2025-01-09 16:26:00,89,0.0,461,550.0,21.75,0.07977430555555555,0.7544666666666667,1230.7200000000003,0,37.0,40.51166666666667
ORD000267,ICE,Iberia,2,2025-01-09,A,2025-01-09 13:38:00,34,0.0,332,366.0,17.683333333333334,0.1032986111111111,0.6533999999999999,1230.7200000000003,0,20.516666666666666,32.34888888888888
ORD000274,ICE,Francia,2,2025-01-09,B,2025-01-09 16:05:00,104,0.0,371,475.0,21.016666666666666,0.07977430555555555,0.7279333333333333,1644.3300000000002,0,25.483333333333334,37.244166666666665
ORD000265,ICE,Alemania,2,2025-01-09,B,2025-01-09 17:14:00,108,0.0,372,480.0,20.583333333333332,0.07977430555555555,0.7278666666666668,1563.5199999999998,0,37.31666666666666,37.41611111111111
ORD000277,EV,Benelux,2,2025-01-09,B,2025-01-09 20:13:00,38,95.0,625,758.0,23.666666666666668,0.07977430555555555,0.8393,1230.7200000000003,0,30.583333333333332,48.53527777777778
ORD000276,EV,Francia,2,2025-01-09,B,2025-01-09 18:04:00,106,70.0,352,528.0,19.4,0.07977430555555555,0.8588,1563.5199999999998,0,28.05,42.356111111111105
ORD000289,EV,Francia,2,2025-01-10,A,2025-01-10 06:27:00,51,48.0,562,661.0,23.366666666666667,0.08567708333333333,0.8469999999999999,2053.99,0,24.366666666666667,46.86805555555556
ORD000297,ICE,Iberia,3,2025-01-10,A,2025-01-10 07:24:00,69,0.0,396,465.0,20.983333333333334,0.08567708333333333,0.7615666666666668,1807.3100000000002,0,18.1,37.92666666666668
ORD000287,EV,Italia,3,2025-01-10,A,2025-01-10 08:33:00,52,76.0,562,690.0,21.966666666666665,0.08567708333333333,0.8481666666666666,1386.76,0,41.733333333333334,47.90416666666667
ORD000307,EV,Iberia,2,2025-01-10,B,2025-01-10 14:14:00,33,531.0,421,985.0,28.516666666666666,0.036284722222222225,0.9179,1514.91,0,20.683333333333334,49.10861111111112
ORD000304,ICE,Alemania,3,2025-01-10,A,2025-01-10 06:24:00,31,0.0,350,381.0,18.7,0.08567708333333333,0.7569,1807.3100000000002,0,36.55,34.89333333333333
ORD000301,EV,Alemania,2,2025-01-10,A,2025-01-10 13:54:00,71,39.0,346,456.0,25.7,0.08567708333333333,0.8098666666666666,1514.91,0,38.56666666666667,38.821666666666665
ORD000281,EV,Iberia,2,2025-01-10,B,2025-01-10 16:28:00,63,121.0,411,595.0,28.933333333333334,0.036284722222222225,0.9088333333333333,1378.5900000000001,0,20.5,44.541666666666664
ORD000313,EV,Francia,2,2025-01-10,B,2025-01-10 16:41:00,79,76.0,478,633.0,28.133333333333333,0.036284722222222225,0.9403000000000001,1218.8700000000001,0,25.083333333333332,46.64777777777778
ORD000305,EV,Alemania,2,2025-01-10,B,2025-01-10 16:48:00,69,92.0,472,633.0,27.633333333333333,0.036284722222222225,0.8241666666666667,1218.8700000000001,0,36.733333333333334,43.744444444444454
ORD000312,EV,Benelux,1,2025-01-10,B,2025-01-10 17:16:00,42,107.0,435,584.0,23.4,0.036284722222222225,0.8682666666666666,1378.5900000000001,0,31.2,43.14555555555555
ORD000292,ICE,Iberia,2,2025-01-10,B,2025-01-10 14:25:00,49,0.0,415,464.0,19.083333333333332,0.036284722222222225,0.7873333333333333,1218.8700000000001,0,19.15,36.955555555555556
ORD000302,EV,Francia,2,2025-01-10,B,2025-01-10 17:50:00,55,88.0,510,653.0,22.466666666666665,0.036284722222222225,0.8272333333333333,1218.8700000000001,0,24.916666666666668,44.51555555555555
ORD000298,ICE,Alemania,3,2025-01-10,B,2025-01-10 15:03:00,40,0.0,337,377.0,18.1,0.036284722222222225,0.8571666666666665,1697.08,0,36.8,35.68055555555556
ORD000308,ICE,Benelux,2,2025-01-10,B,2025-01-10 14:57:00,35,0.0,304,339.0,17.566666666666666,0.036284722222222225,0.7598,1697.08,0,31.65,31.926944444444445
ORD000288,EV,Francia,2,2025-01-10,B,2025-01-10 19:26:00,86,107.0,439,632.0,23.983333333333334,0.036284722222222225,0.8306,1752.1200000000001,0,26.21666666666667,43.870555555555555
ORD000285,ICE,Italia,2,2025-01-10,B,2025-01-10 18:40:00,73,0.0,473,546.0,20.55,0.036284722222222225,0.7929999999999999,1752.1200000000001,0,42.15,39.94444444444444
ORD000284,EV,Iberia,3,2025-01-10,B,2025-01-10 19:43:00,53,97.0,388,538.0,20.933333333333334,0.036284722222222225,0.8294333333333332,1603.7,0,19.28333333333333,40.5775
ORD000296,EV,Alemania,2,2025-01-10,B,2025-01-10 21:33:00,66,93.0,469,628.0,22.7,0.036284722222222225,0.9046333333333333,1603.7,0,36.65,45.582499999999996
ORD000295,EV,Francia,3,2025-01-10,B,2025-01-10 20:02:00,42,77.0,353,472.0,20.25,0.036284722222222225,0.8598666666666667,1031.25,1,27.95,39.04666666666667
ORD000330,EV,Benelux,2,2025-01-11,A,2025-01-11 08:50:00,70,23.0,634,727.0,27.133333333333333,0.07013888888888889,0.8584666666666665,2227.25,0,28.96666666666667,48.7061111111111
ORD000335,EV,Benelux,1,2025-01-11,B,2025-01-11 14:35:00,73,548.0,439,1060.0,30.0,0.00546875,0.8392666666666666,1841.2800000000002,0,31.916666666666668,46.156666666666666
ORD000341,EV,Alemania,2,2025-01-11,B,2025-01-11 14:56:00,97,520.0,456,1073.0,30.25,0.00546875,0.9328333333333332,1841.2800000000002,0,38.483333333333334,48.49583333333333
ORD000333,ICE,Italia,2,2025-01-11,A,2025-01-11 07:44:00,70,0.0,288,358.0,20.666666666666668,0.07013888888888889,0.7452333333333333,1809.7499999999998,0,44.38333333333333,33.30583333333333
ORD000338,ICE,Alemania,2,2025-01-11,A,2025-01-11 09:35:00,92,0.0,279,371.0,22.933333333333334,0.07013888888888889,0.7724666666666667,1747.8700000000001,0,38.333333333333336,34.43805555555555
ORD000347,EV,Benelux,2,2025-01-11,B,2025-01-11 15:34:00,51,34.0,416,501.0,26.6,0.00546875,0.9408666666666666,1841.2800000000002,0,30.383333333333333,41.0925
ORD000345,ICE,Benelux,1,2025-01-11,A,2025-01-11 11:03:00,63,0.0,447,510.0,22.1,0.07013888888888889,0.7433,2231.41,0,31.316666666666666,38.53527777777778
ORD000320,EV,Alemania,2,2025-01-11,B,2025-01-11 16:38:00,78,88.0,414,580.0,25.583333333333332,0.00546875,0.8945333333333333,1736.66,0,39.03333333333333,42.67722222222223
ORD000316,ICE,Alemania,2,2025-01-11,A,2025-01-11 10:04:00,57,0.0,225,282.0,17.483333333333334,0.07013888888888889,0.8581,1841.2800000000002,0,38.6,33.48861111111111
ORD000318,EV,Alemania,2,2025-01-11,B,2025-01-11 17:10:00,97,74.0,506,677.0,24.95,0.00546875,0.9196999999999999,1736.66,0,37.166666666666664,46.67444444444444
ORD000342,EV,Alemania,2,2025-01-11,B,2025-01-11 15:35:00,104,96.0,325,525.0,21.916666666666668,0.00546875,0.9471666666666665,1230.4899999999998,0,38.81666666666667,42.08333333333333
ORD000317,ICE,Iberia,1,2025-01-11,A,2025-01-11 13:30:00,78,0.0,265,343.0,19.766666666666666,0.07013888888888889,0.8029666666666667,1402.96,0,20.733333333333334,34.22833333333333
ORD000331,EV,Iberia,1,2025-01-11,B,2025-01-11 16:28:00,48,119.0,441,608.0,21.75,0.00546875,0.8796333333333333,1736.66,0,18.5,43.27694444444444
ORD000321,ICE,Benelux,2,2025-01-11,B,2025-01-11 14:58:00,70,0.0,341,411.0,19.416666666666668,0.00546875,0.7563666666666665,1402.96,0,32.3,33.355
ORD000346,ICE,Alemania,3,2025-01-11,B,2025-01-11 16:30:00,43,0.0,458,501.0,20.333333333333332,0.00546875,0.8603666666666667,1230.4899999999998,0,35.2,39.08
ORD000349,ICE,Iberia,3,2025-01-11,A,2025-01-11 13:07:00,66,0.0,320,386.0,16.25,0.07013888888888889,0.8014999999999999,1736.66,0,20.833333333333332,35.68472222222222
ORD000326,EV,Italia,2,2025-01-11,B,2025-01-11 15:23:00,97,112.0,289,498.0,20.983333333333334,0.00546875,0.8517,1402.96,0,45.93333333333333,38.75916666666667
ORD000324,EV,Iberia,3,2025-01-11,B,2025-01-11 17:52:00,36,62.0,520,618.0,21.183333333333334,0.00546875,0.8872666666666668,1736.66,0,19.21666666666667,43.815
ORD000323,ICE,Iberia,2,2025-01-11,B,2025-01-11 21:14:00,78,0.0,354,432.0,20.783333333333335,0.00546875,0.8148333333333333,1706.4700000000003,0,18.96666666666667,35.545833333333334
ORD000380,ICE,Francia,3,2025-01-12,A,2025-01-12 06:32:00,92,0.0,546,638.0,25.3,0.09270833333333334,0.8180999999999998,1526.42,0,23.366666666666667,45.57194444444444
ORD000354,EV,Francia,1,2025-01-12,B,2025-01-12 16:36:00,58,517.0,572,1147.0,32.233333333333334,0.05373263888888889,0.9246333333333332,983.8800000000001,0,24.266666666666666,49.835277777777776
ORD000378,EV,Alemania,2,2025-01-12,B,2025-01-12 14:53:00,90,52.0,434,576.0,26.8,0.05373263888888889,0.8443333333333333,983.8800000000001,0,36.733333333333334,42.827777777777776
ORD000383,ICE,Iberia,2,2025-01-12,A,2025-01-12 12:38:00,31,0.0,561,592.0,24.483333333333334,0.09270833333333334,0.6859666666666666,1955.7200000000003,0,16.666666666666668,40.671388888888885
ORD000360,EV,Iberia,2,2025-01-12,B,2025-01-12 19:23:00,53,113.0,583,749.0,30.25,0.05373263888888889,0.9566333333333334,1510.88,0,17.4,50.63527777777778
ORD000373,ICE,Alemania,1,2025-01-12,B,2025-01-12 15:27:00,108,0.0,549,657.0,24.616666666666667,0.05373263888888889,0.8020666666666666,983.8800000000001,0,35.6,44.58361111111111
ORD000352,EV,Alemania,1,2025-01-12,B,2025-01-12 17:00:00,61,104.0,464,629.0,27.35,0.05373263888888889,0.7882666666666666,1510.88,0,36.63333333333333,43.26638888888888
ORD000368,EV,Iberia,2,2025-01-12,B,2025-01-12 21:41:00,77,60.0,783,920.0,31.666666666666668,0.05373263888888889,0.9524666666666667,1510.88,0,14.216666666666667,50.531111111111116
ORD000372,ICE,Italia,3,2025-01-12,B,2025-01-12 14:00:00,67,0.0,485,552.0,22.566666666666666,0.05373263888888889,0.7712666666666667,1958.45,0,41.6,40.16777777777778
ORD000361,ICE,Benelux,1,2025-01-12,A,2025-01-12 12:48:00,62,0.0,424,486.0,19.066666666666666,0.09270833333333334,0.8203333333333335,1958.45,0,31.2,40.35
ORD000369,EV,Francia,2,2025-01-12,B,2025-01-12 15:13:00,104,85.0,412,601.0,22.0,0.05373263888888889,0.8846999999999998,1510.88,0,25.28333333333333,44.705
ORD000366,ICE,Francia,3,2025-01-12,A,2025-01-12 10:08:00,38,0.0,192,230.0,16.0,0.09270833333333334,0.8686333333333333,983.8800000000001,0,29.316666666666666,32.668611111111105
ORD000377,ICE,Benelux,2,2025-01-12,B,2025-01-12 15:04:00,81,0.0,384,465.0,19.783333333333335,0.05373263888888889,0.7011666666666666,906.73,0,30.916666666666668,35.394444444444446
ORD000357,ICE,Francia,2,2025-01-12,A,2025-01-12 12:56:00,97,0.0,166,263.0,17.75,0.09270833333333334,0.8168666666666666,1943.76,0,28.466666666666665,32.52027777777778
ORD000375,ICE,Iberia,2,2025-01-12,A,2025-01-12 13:49:00,34,0.0,271,305.0,19.3,0.09270833333333334,0.7582666666666665,1825.1200000000001,0,20.766666666666666,32.51361111111111
ORD000358,EV,Italia,3,2025-01-12,B,2025-01-12 15:00:00,88,54.0,370,512.0,19.883333333333333,0.05373263888888889,0.8774666666666667,1510.88,0,44.71666666666667,41.433888888888895
ORD000379,ICE,Iberia,3,2025-01-12,B,2025-01-12 18:21:00,57,0.0,448,505.0,22.066666666666666,0.05373263888888889,0.8275,1943.76,0,18.583333333333332,39.94166666666666
ORD000351,EV,Iberia,2,2025-01-12,B,2025-01-12 18:57:00,26,81.0,598,705.0,23.416666666666668,0.05373263888888889,0.7399333333333332,1510.88,0,17.483333333333334,44.69694444444444
ORD000384,ICE,Italia,3,2025-01-12,B,2025-01-12 15:03:00,34,0.0,232,266.0,18.266666666666666,0.05373263888888889,0.8349666666666667,1663.15,0,45.833333333333336,31.829722222222227
ORD000382,ICE,Iberia,1,2025-01-12,B,2025-01-12 19:10:00,102,0.0,234,336.0,20.816666666666666,0.05373263888888889,0.8471333333333333,1850.3,0,20.7,34.56444444444444
ORD000381,ICE,Italia,2,2025-01-12,B,2025-01-12 18:32:00,32,0.0,436,468.0,20.816666666666666,0.05373263888888889,0.7625,1663.15,0,42.416666666666664,37.03194444444445
ORD000359,ICE,Alemania,3,2025-01-12,B,2025-01-12 20:00:00,50,0.0,388,438.0,21.816666666666666,0.05373263888888889,0.792,1965.97,0,36.03333333333333,36.727777777777774
ORD000364,ICE,Iberia,2,2025-01-12,B,2025-01-12 16:56:00,80,0.0,269,349.0,18.583333333333332,0.05373263888888889,0.8859333333333332,1858.3300000000002,0,20.25,35.98583333333333
ORD000363,ICE,Iberia,3,2025-01-12,B,2025-01-12 21:04:00,82,0.0,494,576.0,23.45,0.05373263888888889,0.8195,1858.3300000000002,0,17.71666666666667,42.206944444444446
ORD000376,EV,Iberia,2,2025-01-12,B,2025-01-12 19:10:00,85,62.0,319,466.0,19.4,0.05373263888888889,0.9150666666666666,1663.15,0,20.8,40.77666666666667
ORD000374,EV,Benelux,2,2025-01-12,B,2025-01-12 20:20:00,73,46.0,375,494.0,21.5,0.05373263888888889,0.9314,1858.3300000000002,0,32.983333333333334,42.157222222222224
ORD000362,EV,Iberia,2,2025-01-12,B,2025-01-12 20:15:00,36,129.0,383,548.0,20.866666666666667,0.05373263888888889,0.8978000000000002,1858.3300000000002,0,20.0,43.19222222222223
ORD000356,EV,Iberia,2,2025-01-12,B,2025-01-12 21:35:00,27,73.0,346,446.0,19.65,0.05373263888888889,0.9274666666666667,1667.8,0,22.016666666666666,40.39222222222223
ORD000419,EV,Iberia,1,2025-01-13,A,2025-01-13 07:23:00,47,103.0,514,664.0,24.766666666666666,0.08385416666666666,0.8792666666666666,1525.7500000000002,0,18.433333333333334,47.720555555555556
ORD000401,ICE,Iberia,2,2025-01-13,A,2025-01-13 06:15:00,61,0.0,337,398.0,21.783333333333335,0.08385416666666666,0.8473666666666666,1708.5400000000002,0,19.883333333333333,37.68694444444444
ORD000409,ICE,Francia,2,2025-01-13,A,2025-01-13 09:10:00,40,0.0,549,589.0,22.266666666666666,0.08385416666666666,0.7950333333333333,1708.5400000000002,0,22.8,43.010555555555555
ORD000395,EV,Benelux,2,2025-01-13,B,2025-01-13 16:36:00,64,49.0,514,627.0,30.0,0.0642361111111111,0.943,1849.9099999999999,0,30.683333333333334,47.40138888888889
ORD000403,EV,Iberia,1,2025-01-13,A,2025-01-13 13:49:00,93,81.0,306,480.0,26.066666666666666,0.08385416666666666,0.8907,2032.65,0,20.116666666666667,41.61749999999999
ORD000418,EV,Italia,2,2025-01-13,B,2025-01-13 20:17:00,73,144.0,597,814.0,32.05,0.0642361111111111,0.8935333333333334,1781.0099999999998,0,40.88333333333333,49.39388888888889
ORD000402,ICE,Alemania,3,2025-01-13,A,2025-01-13 09:18:00,95,0.0,215,310.0,18.45,0.08385416666666666,0.8667666666666666,1859.65,0,39.95,35.11638888888889
ORD000408,ICE,Italia,2,2025-01-13,A,2025-01-13 12:33:00,99,0.0,344,443.0,21.15,0.08385416666666666,0.8897666666666667,1849.9099999999999,0,44.68333333333333,40.309444444444445
ORD000411,ICE,Iberia,2,2025-01-13,A,2025-01-13 11:35:00,73,0.0,261,334.0,18.55,0.08385416666666666,0.8625,2032.65,0,21.383333333333333,35.84305555555556
ORD000420,EV,Alemania,2,2025-01-13,B,2025-01-13 16:28:00,58,27.0,529,614.0,24.816666666666666,0.0642361111111111,0.9735333333333334,1849.9099999999999,0,35.416666666666664,47.71333333333333
ORD000398,EV,Iberia,2,2025-01-13,B,2025-01-13 20:28:00,71,117.0,606,794.0,28.85,0.0642361111111111,0.8988999999999998,2032.65,0,16.483333333333334,49.528055555555554
ORD000412,EV,Italia,3,2025-01-13,B,2025-01-13 17:54:00,83,85.0,535,703.0,23.8,0.0642361111111111,0.9485666666666667,2032.65,0,42.983333333333334,50.17944444444444
ORD000387,EV,Iberia,2,2025-01-13,B,2025-01-13 18:25:00,71,126.0,481,678.0,23.916666666666668,0.0642361111111111,0.8789,1526.5,0,20.233333333333334,47.569722222222225
ORD000400,ICE,Italia,3,2025-01-13,B,2025-01-13 14:53:00,55,0.0,387,442.0,20.1,0.0642361111111111,0.7419666666666668,1781.0099999999998,0,43.666666666666664,35.95194444444444
ORD000416,ICE,Iberia,2,2025-01-13,B,2025-01-13 14:43:00,35,0.0,487,522.0,19.633333333333333,0.0642361111111111,0.8201,1849.9099999999999,0,17.016666666666666,40.683055555555555
ORD000393,EV,Alemania,1,2025-01-13,B,2025-01-13 16:35:00,84,108.0,383,575.0,21.416666666666668,0.0642361111111111,0.9318666666666666,1781.0099999999998,0,37.416666666666664,45.3175
ORD000417,ICE,Iberia,3,2025-01-13,B,2025-01-13 18:17:00,97,0.0,506,603.0,20.433333333333334,0.0642361111111111,0.8404333333333334,1526.5,0,17.65,44.00388888888889
ORD000389,EV,Iberia,3,2025-01-13,B,2025-01-13 17:21:00,54,78.0,416,548.0,22.4,0.0642361111111111,0.9272666666666667,1781.0099999999998,0,19.53333333333333,44.265
ORD000413,EV,Italia,2,2025-01-13,B,2025-01-13 17:56:00,43,85.0,363,491.0,19.983333333333334,0.0642361111111111,0.8185000000000001,1803.42,0,45.333333333333336,39.56666666666666
ORD000427,EV,Italia,3,2025-01-14,A,2025-01-14 07:02:00,102,116.0,458,676.0,23.8,0.09904513888888888,0.9201999999999999,1418.5300000000002,0,43.983333333333334,49.64666666666666
ORD000448,EV,Alemania,2,2025-01-14,B,2025-01-14 16:25:00,70,545.0,540,1155.0,32.81666666666667,0.04331597222222222,0.9053333333333334,1944.83,0,36.166666666666664,49.019444444444446
ORD000429,EV,Iberia,2,2025-01-14,B,2025-01-14 14:04:00,56,501.0,363,920.0,26.966666666666665,0.04331597222222222,0.8768,1944.83,0,19.6,48.306111111111115
ORD000433,EV,Alemania,3,2025-01-14,B,2025-01-14 17:51:00,89,77.0,507,673.0,32.166666666666664,0.04331597222222222,0.9382,1780.3799999999999,0,37.3,48.20916666666667
ORD000441,EV,Francia,2,2025-01-14,B,2025-01-14 16:25:00,43,68.0,509,620.0,28.75,0.04331597222222222,0.9064333333333333,1780.3799999999999,0,24.233333333333334,45.57472222222223
ORD000443,ICE,Alemania,2,2025-01-14,A,2025-01-14 09:32:00,71,0.0,373,444.0,20.733333333333334,0.09904513888888888,0.8598666666666667,2113.01,0,36.233333333333334,40.08277777777778
ORD000449,ICE,Italia,2,2025-01-14,A,2025-01-14 11:40:00,77,0.0,177,254.0,21.533333333333335,0.09904513888888888,0.9060666666666668,430.21000000000004,1,46.71666666666667,34.64055555555556
ORD000426,ICE,Italia,3,2025-01-14,A,2025-01-14 10:05:00,31,0.0,329,360.0,19.95,0.09904513888888888,0.9211666666666667,1791.9199999999998,0,43.333333333333336,38.69861111111111
ORD000424,EV,Iberia,2,2025-01-14,B,2025-01-14 18:01:00,56,82.0,547,685.0,26.85,0.04331597222222222,0.9689,1780.3799999999999,0,19.166666666666668,49.39333333333333
ORD000455,EV,Francia,2,2025-01-14,B,2025-01-14 16:57:00,71,85.0,477,633.0,24.45,0.04331597222222222,0.8714999999999999,1780.3799999999999,0,26.183333333333334,45.152777777777786
ORD000442,EV,Francia,3,2025-01-14,B,2025-01-14 19:09:00,80,93.0,595,768.0,24.966666666666665,0.04331597222222222,0.9283333333333332,1780.3799999999999,0,22.53333333333333,49.59444444444444
ORD000453,EV,Italia,3,2025-01-14,B,2025-01-14 19:12:00,102,132.0,559,793.0,25.883333333333333,0.04331597222222222,0.8895000000000001,430.21000000000004,1,41.81666666666666,48.62361111111111
ORD000450,ICE,Alemania,1,2025-01-14,B,2025-01-14 16:17:00,41,0.0,403,444.0,21.233333333333334,0.04331597222222222,0.8648333333333333,1878.33,0,36.45,38.423611111111114
ORD000431,EV,Alemania,2,2025-01-14,B,2025-01-14 18:13:00,52,67.0,503,622.0,22.683333333333334,0.04331597222222222,0.9665333333333332,1780.3799999999999,0,35.7,47.14666666666666
ORD000454,ICE,Iberia,2,2025-01-14,B,2025-01-14 14:47:00,107,0.0,377,484.0,18.733333333333334,0.04331597222222222,0.7936666666666667,430.21000000000004,1,18.25,38.03333333333334
ORD000434,EV,Alemania,1,2025-01-14,B,2025-01-14 18:10:00,85,89.0,451,625.0,22.266666666666666,0.04331597222222222,0.9275999999999999,1878.33,0,37.31666666666666,46.2775
ORD000430,ICE,Alemania,2,2025-01-14,B,2025-01-14 17:42:00,47,0.0,354,401.0,22.133333333333333,0.04331597222222222,0.8546333333333332,1557.9699999999998,0,36.55,36.67555555555555
ORD000423,EV,Italia,2,2025-01-14,B,2025-01-14 20:37:00,44,109.0,493,646.0,24.65,0.04331597222222222,0.9441666666666667,1739.9699999999998,0,43.43333333333334,47.42083333333334
ORD000439,ICE,Iberia,2,2025-01-14,B,2025-01-14 19:51:00,102,0.0,370,472.0,23.333333333333332,0.04331597222222222,0.8140666666666668,1419.9199999999998,0,18.96666666666667,38.126666666666665
ORD000425,ICE,Iberia,1,2025-01-14,B,2025-01-14 20:53:00,100,0.0,403,503.0,23.466666666666665,0.04331597222222222,0.8313333333333334,2052.2799999999997,0,19.516666666666666,39.63472222222222
ORD000447,ICE,Francia,2,2025-01-14,B,2025-01-14 19:05:00,39,0.0,363,402.0,18.833333333333332,0.04331597222222222,0.8513,1419.9199999999998,0,24.933333333333334,36.62694444444445
ORD000438,ICE,Iberia,2,2025-01-14,B,2025-01-14 20:36:00,55,0.0,372,427.0,19.616666666666667,0.04331597222222222,0.8572666666666667,2052.2799999999997,0,18.766666666666666,37.64416666666666
ORD000484,EV,Alemania,1,2025-01-15,A,2025-01-15 06:32:00,34,109.0,634,777.0,24.183333333333334,0.09973958333333334,0.9275,1347.84,0,36.11666666666667,51.37916666666666
ORD000458,EV,Francia,2,2025-01-15,A,2025-01-15 13:26:00,70,566.0,382,1018.0,29.166666666666668,0.09973958333333334,0.9721,1384.11,0,25.45,52.494166666666665
ORD000471,ICE,Iberia,2,2025-01-15,A,2025-01-15 08:35:00,60,0.0,573,633.0,24.516666666666666,0.09973958333333334,0.8884333333333335,1994.7899999999997,0,16.3,47.38166666666667
ORD000477,EV,Italia,2,2025-01-15,B,2025-01-15 14:58:00,76,543.0,413,1032.0,30.433333333333334,0.02404513888888889,0.9721,1384.11,0,42.36666666666667,50.07194444444444
ORD000482,EV,Alemania,2,2025-01-15,B,2025-01-15 15:25:00,100,117.0,358,575.0,30.25,0.02404513888888889,0.8748999999999999,1768.57,0,38.45,42.60722222222222
ORD000463,ICE,Francia,1,2025-01-15,A,2025-01-15 06:57:00,96,0.0,190,286.0,18.266666666666666,0.09973958333333334,0.8646333333333333,1796.72,0,27.35,34.738055555555555
ORD000478,ICE,Iberia,3,2025-01-15,A,2025-01-15 09:51:00,80,0.0,354,434.0,21.25,0.09973958333333334,0.8486999999999999,1796.72,0,20.483333333333334,39.47861111111111
ORD000457,EV,Alemania,2,2025-01-15,B,2025-01-15 14:45:00,52,109.0,337,498.0,26.583333333333332,0.02404513888888889,0.9699000000000001,1768.57,0,37.666666666666664,42.30861111111111
ORD000481,EV,Francia,2,2025-01-15,B,2025-01-15 18:11:00,70,88.0,562,720.0,29.366666666666667,0.02404513888888889,0.8885666666666667,1768.57,0,24.116666666666667,47.98361111111111
ORD000489,ICE,Alemania,2,2025-01-15,A,2025-01-15 13:21:00,63,0.0,372,435.0,22.95,0.09973958333333334,0.9093000000000001,1768.57,0,36.38333333333333,41.028333333333336
ORD000473,EV,Francia,1,2025-01-15,B,2025-01-15 16:20:00,111,144.0,406,661.0,26.283333333333335,0.02404513888888889,0.9206333333333333,1154.21,0,26.016666666666666,46.736666666666665
ORD000462,ICE,Benelux,1,2025-01-15,A,2025-01-15 08:31:00,41,0.0,284,325.0,17.316666666666666,0.09973958333333334,0.9274333333333334,1796.72,0,31.95,37.662222222222226
ORD000467,ICE,Iberia,3,2025-01-15,A,2025-01-15 11:33:00,41,0.0,263,304.0,21.35,0.09973958333333334,0.8717,1768.57,0,21.9,35.539722222222224
ORD000483,EV,Benelux,1,2025-01-15,B,2025-01-15 20:04:00,59,124.0,596,779.0,27.8,0.02404513888888889,0.98,1154.21,0,30.333333333333332,50.269444444444446
ORD000488,EV,Italia,1,2025-01-15,B,2025-01-15 17:25:00,54,118.0,454,626.0,25.35,0.02404513888888889,0.9742666666666666,1768.57,0,42.8,46.86222222222222
ORD000486,ICE,Alemania,3,2025-01-15,B,2025-01-15 14:14:00,56,0.0,323,379.0,19.033333333333335,0.02404513888888889,0.7626333333333332,1154.21,0,36.983333333333334,32.995
ORD000475,EV,Francia,2,2025-01-15,B,2025-01-15 18:28:00,97,94.0,527,718.0,24.766666666666666,0.02404513888888889,0.9042,1154.21,0,25.45,48.30500000000001
ORD000461,ICE,Francia,2,2025-01-15,B,2025-01-15 19:58:00,70,0.0,469,539.0,22.883333333333333,0.02404513888888889,0.9327666666666665,1819.4099999999999,0,23.516666666666666,42.80388888888889
ORD000456,EV,Alemania,2,2025-01-15,B,2025-01-15 20:34:00,57,62.0,538,657.0,23.633333333333333,0.02404513888888889,0.9211666666666667,2099.5,0,36.95,46.611111111111114
ORD000479,EV,Iberia,2,2025-01-15,B,2025-01-15 21:25:00,36,89.0,550,675.0,23.983333333333334,0.02404513888888889,0.8264,1654.5800000000002,0,17.683333333333334,44.86694444444444
ORD000459,ICE,Alemania,2,2025-01-15,B,2025-01-15 18:17:00,39,0.0,320,359.0,18.333333333333332,0.02404513888888889,0.8840333333333334,1819.4099999999999,0,37.583333333333336,35.335555555555565
ORD000466,ICE,Iberia,2,2025-01-15,B,2025-01-15 21:15:00,68,0.0,399,467.0,22.816666666666666,0.02404513888888889,0.8842333333333333,1647.38,0,19.416666666666668,39.09055555555556
ORD000020,ICE,Iberia,2,2025-01-02,C,2025-01-02 03:32:00,75,0.0,377,452.0,20.933333333333334,0.0,0.5876333333333335,1581.31,0,20.4,30.38527777777778
ORD000033,ICE,Alemania,1,2025-01-01,C,2025-01-01 23:27:00,84,0.0,223,307.0,16.733333333333334,0.0,0.5754333333333332,1775.5000000000002,0,39.38333333333333,25.045555555555552
ORD000013,ICE,Italia,2,2025-01-02,C,2025-01-02 04:26:00,81,0.0,377,458.0,20.4,0.0,0.6032,1206.7899999999997,1,44.46666666666667,30.982777777777777
ORD000007,ICE,Alemania,2,2025-01-02,C,2025-01-02 00:46:00,40,0.0,216,256.0,18.166666666666668,0.0,0.6230333333333333,1581.31,0,41.11666666666667,24.46472222222222
ORD000017,ICE,Alemania,2,2025-01-01,C,2025-01-01 23:56:00,81,0.0,193,274.0,15.383333333333333,0.0,0.5393666666666667,2263.67,0,41.2,22.998055555555556
ORD000005,ICE,Iberia,2,2025-01-02,C,2025-01-02 02:00:00,84,0.0,103,187.0,16.816666666666666,0.0,0.6108333333333333,1657.21,0,22.683333333333334,21.763888888888893
ORD000022,ICE,Alemania,2,2025-01-02,C,2025-01-02 04:22:00,87,0.0,380,467.0,19.133333333333333,0.0,0.5608666666666666,1206.7899999999997,1,37.416666666666664,30.236944444444447
ORD000010,ICE,Iberia,2,2025-01-02,C,2025-01-02 04:57:00,50,0.0,312,362.0,19.85,0.0,0.5933,2098.86,0,21.5,27.401944444444446
ORD000031,EV,Iberia,2,2025-01-02,C,2025-01-02 05:32:00,55,0.0,502,557.0,20.633333333333333,0.0,0.6214999999999999,2263.67,0,20.6,34.87777777777778
ORD000018,ICE,Italia,1,2025-01-02,C,2025-01-02 05:05:00,70,0.0,224,294.0,18.8,0.0,0.5846,1775.85,0,47.03333333333333,24.823333333333334
ORD000004,ICE,Francia,3,2025-01-02,C,2025-01-02 05:15:00,110,0.0,219,329.0,17.266666666666666,0.0,0.6181333333333332,1775.85,0,28.083333333333332,26.87694444444444
ORD000023,ICE,Benelux,2,2025-01-02,C,2025-01-02 03:46:00,91,0.0,155,246.0,13.7,0.0,0.6188666666666667,1775.85,0,35.31666666666667,24.013333333333332
ORD000030,ICE,Iberia,1,2025-01-02,C,2025-01-02 22:04:00,67,0.0,379,446.0,21.833333333333332,0.0,0.5907999999999999,1926.0,0,20.433333333333334,30.25611111111111
ORD000068,ICE,Iberia,3,2025-01-03,C,2025-01-03 01:44:00,31,0.0,309,340.0,21.1,0.0,0.5979333333333333,1975.6600000000003,0,19.6,26.753888888888888
ORD000046,ICE,Benelux,3,2025-01-03,C,2025-01-03 00:45:00,96,0.0,264,360.0,17.616666666666667,0.0,0.6281666666666667,1975.6600000000003,0,33.38333333333333,28.204166666666666
ORD000067,ICE,Alemania,2,2025-01-02,C,2025-01-02 22:49:00,31,0.0,206,237.0,16.116666666666667,0.0,0.616,2044.32,0,39.0,23.629166666666666
ORD000037,ICE,Italia,1,2025-01-03,C,2025-01-03 03:47:00,93,0.0,434,527.0,21.1,0.0,0.6032333333333333,1975.6600000000003,0,43.166666666666664,33.379444444444445
ORD000036,ICE,Alemania,3,2025-01-03,C,2025-01-03 02:52:00,87,0.0,203,290.0,16.866666666666667,0.0,0.5301666666666667,1905.5900000000001,0,40.56666666666667,23.323611111111113
ORD000047,EV,Italia,3,2025-01-03,C,2025-01-03 05:51:00,83,0.0,393,476.0,19.633333333333333,0.0,0.6708333333333333,1611.07,0,44.5,33.298611111111114
ORD000062,EV,Benelux,3,2025-01-03,C,2025-01-03 04:43:00,35,40.0,392,467.0,19.166666666666668,0.0,0.6206,1611.07,0,32.13333333333333,31.73027777777778
ORD000049,ICE,Francia,1,2025-01-03,C,2025-01-03 03:52:00,70,0.0,264,334.0,15.333333333333334,0.0,0.5938333333333333,1905.5900000000001,0,27.516666666666666,26.443055555555556
ORD000043,ICE,Alemania,2,2025-01-03,C,2025-01-03 23:33:00,76,0.0,516,592.0,23.25,0.0,0.6262666666666666,1668.6899999999998,0,36.0,36.212222222222216
ORD000042,EV,Iberia,1,2025-01-04,C,2025-01-04 03:08:00,87,24.0,620,731.0,24.333333333333332,0.0,0.7070666666666666,1508.3100000000002,0,17.35,42.67666666666666
ORD000095,ICE,Alemania,2,2025-01-04,C,2025-01-04 01:10:00,91,0.0,340,431.0,19.8,0.0,0.6558333333333333,1711.2700000000002,0,38.6,31.361111111111107
ORD000090,ICE,Francia,1,2025-01-04,C,2025-01-04 02:39:00,90,0.0,445,535.0,20.983333333333334,0.0,0.6492,1711.2700000000002,0,25.266666666666666,34.80638888888889
ORD000072,ICE,Francia,2,2025-01-04,C,2025-01-04 00:03:00,90,0.0,245,335.0,17.95,0.0,0.5344666666666666,1711.2700000000002,0,27.083333333333332,24.993611111111115
ORD000081,ICE,Francia,2,2025-01-03,C,2025-01-03 23:53:00,92,0.0,247,339.0,16.316666666666666,0.0,0.5815666666666667,1711.2700000000002,0,27.016666666666666,26.310000000000002
ORD000078,ICE,Alemania,3,2025-01-03,C,2025-01-03 23:31:00,75,0.0,184,259.0,15.466666666666667,0.0,0.6480333333333332,1908.48,0,39.75,25.193888888888885
ORD000089,ICE,Iberia,2,2025-01-04,C,2025-01-04 00:06:00,107,0.0,247,354.0,16.683333333333334,0.0,0.6807333333333334,1711.2700000000002,0,20.21666666666667,29.310000000000002
ORD000097,ICE,Francia,1,2025-01-04,C,2025-01-04 00:58:00,45,0.0,265,310.0,16.416666666666668,0.0,0.7149333333333334,1908.48,0,28.3,28.637222222222224
ORD000074,ICE,Francia,2,2025-01-04,C,2025-01-04 05:02:00,68,0.0,445,513.0,17.933333333333334,0.0,0.622,1396.6,0,25.03333333333333,33.3625
ORD000098,EV,Italia,2,2025-01-04,C,2025-01-04 05:56:00,56,0.0,403,459.0,21.466666666666665,0.0,0.6976,1396.6,0,44.65,33.3775
ORD000079,ICE,Francia,2,2025-01-04,C,2025-01-04 05:04:00,47,0.0,196,243.0,15.05,0.0,0.6,1901.77,0,27.96666666666667,23.4375
ORD000119,ICE,Italia,3,2025-01-05,C,2025-01-05 00:06:00,80,0.0,429,509.0,21.633333333333333,0.0,0.5959,1795.0900000000001,0,42.45,32.57111111111111
ORD000123,EV,Francia,3,2025-01-04,C,2025-01-04 22:22:00,84,0.0,439,523.0,20.933333333333334,0.0,0.6589,1788.2600000000002,0,25.116666666666667,34.632222222222225
ORD000127,EV,Italia,2,2025-01-04,C,2025-01-04 22:55:00,51,0.0,418,469.0,20.3,0.0,0.6973999999999999,1565.3299999999997,0,44.36666666666667,33.71972222222222
ORD000112,EV,Alemania,2,2025-01-04,C,2025-01-04 22:03:00,55,22.0,309,386.0,17.666666666666668,0.0,0.7803999999999999,1659.37,0,38.45,32.91277777777778
ORD000115,ICE,Francia,2,2025-01-05,C,2025-01-05 02:29:00,38,0.0,425,463.0,21.133333333333333,0.0,0.6550666666666666,1765.58,0,25.7,32.45305555555555
ORD000109,ICE,Benelux,1,2025-01-04,C,2025-01-04 23:07:00,36,0.0,290,326.0,17.833333333333332,0.0,0.6125666666666667,1737.62,0,32.6,26.63361111111111
ORD000120,EV,Iberia,3,2025-01-05,C,2025-01-05 03:16:00,60,58.0,412,530.0,20.533333333333335,0.0,0.7460666666666667,1737.62,0,20.933333333333334,37.05444444444444
ORD000107,EV,Italia,2,2025-01-05,C,2025-01-05 04:34:00,58,11.0,490,559.0,21.766666666666666,0.0,0.6948666666666666,1737.62,0,42.53333333333333,36.781388888888884
ORD000139,ICE,Francia,1,2025-01-05,C,2025-01-05 05:47:00,108,0.0,350,458.0,21.55,0.0,0.6882333333333334,1810.8700000000001,0,25.933333333333334,33.10861111111111
ORD000135,ICE,Iberia,2,2025-01-05,C,2025-01-05 03:42:00,34,0.0,251,285.0,18.683333333333334,0.0,0.6909666666666666,1810.8700000000001,0,21.96666666666667,27.169999999999998
ORD000129,ICE,Benelux,3,2025-01-05,C,2025-01-05 22:28:00,94,0.0,425,519.0,22.85,0.0,0.7234,1946.0599999999997,0,30.766666666666666,36.10583333333334
ORD000151,EV,Italia,3,2025-01-05,C,2025-01-05 22:06:00,97,58.0,315,470.0,19.183333333333334,0.0,0.7730999999999999,1946.0599999999997,0,44.38333333333333,35.64694444444444
ORD000122,EV,Francia,2,2025-01-05,C,2025-01-05 23:13:00,78,60.0,310,448.0,19.416666666666668,0.0,0.7391666666666667,1612.21,0,27.416666666666668,34.03472222222222
ORD000172,ICE,Italia,2,2025-01-06,C,2025-01-06 01:41:00,97,0.0,359,456.0,21.166666666666668,0.0,0.7134666666666665,1632.33,0,44.483333333333334,33.669999999999995
ORD000147,ICE,Italia,2,2025-01-06,C,2025-01-06 00:11:00,95,0.0,254,349.0,17.5,0.0,0.6868333333333332,1632.33,0,44.416666666666664,29.288888888888884
ORD000167,EV,Francia,1,2025-01-06,C,2025-01-06 02:35:00,78,28.0,428,534.0,20.2,0.0,0.7449000000000001,1666.86,0,26.4,37.164166666666674
ORD000171,ICE,Alemania,2,2025-01-06,C,2025-01-06 04:46:00,92,0.0,387,479.0,21.366666666666667,0.0,0.6667666666666666,2447.1099999999997,0,36.11666666666667,33.30111111111111
ORD000152,EV,Alemania,2,2025-01-06,C,2025-01-06 04:34:00,74,39.0,462,575.0,20.633333333333333,0.0,0.7083666666666666,1632.33,0,35.6,37.67444444444445
ORD000163,EV,Iberia,2,2025-01-06,C,2025-01-06 00:49:00,33,53.0,259,345.0,17.966666666666665,0.0,0.7479333333333333,1666.86,0,22.633333333333333,30.677500000000002
ORD000156,EV,Francia,3,2025-01-06,C,2025-01-06 03:08:00,32,43.0,336,411.0,18.766666666666666,0.0,0.7439,1794.7799999999997,0,27.666666666666668,32.86833333333333
ORD000154,ICE,Alemania,1,2025-01-06,C,2025-01-06 05:53:00,43,0.0,347,390.0,19.6,0.0,0.6512666666666667,1842.1299999999999,0,38.583333333333336,29.82333333333333
ORD000199,ICE,Francia,1,2025-01-07,C,2025-01-07 00:54:00,52,0.0,417,469.0,22.0,0.0,0.6334333333333333,2104.7000000000003,0,24.416666666666668,32.120555555555555
ORD000150,EV,Italia,2,2025-01-06,C,2025-01-06 23:33:00,63,77.0,419,559.0,21.583333333333332,0.0,0.7823333333333333,1501.4499999999998,0,44.86666666666667,38.96805555555555
ORD000161,ICE,Iberia,1,2025-01-06,C,2025-01-06 23:16:00,53,0.0,275,328.0,20.733333333333334,0.0,0.6653333333333333,2047.37,0,21.3,28.022222222222222
ORD000204,ICE,Francia,2,2025-01-07,C,2025-01-07 01:03:00,32,0.0,384,416.0,21.966666666666665,0.0,0.7863333333333334,2047.37,0,24.28333333333333,34.102777777777774
ORD000174,ICE,Alemania,2,2025-01-06,C,2025-01-06 23:32:00,74,0.0,309,383.0,20.15,0.0,0.7341,2047.37,0,39.583333333333336,31.65111111111111
ORD000210,EV,Francia,2,2025-01-07,C,2025-01-07 00:05:00,32,75.0,419,526.0,20.216666666666665,0.0,0.7889999999999999,1501.4499999999998,0,24.833333333333332,37.98888888888889
ORD000185,ICE,Alemania,3,2025-01-07,C,2025-01-07 01:29:00,67,0.0,337,404.0,20.15,0.0,0.6965333333333333,1395.2900000000002,0,37.03333333333333,31.441111111111113
ORD000190,ICE,Francia,2,2025-01-07,C,2025-01-07 00:27:00,38,0.0,278,316.0,17.466666666666665,0.0,0.7663333333333333,1395.2900000000002,0,25.75,30.130555555555553
ORD000177,ICE,Iberia,3,2025-01-07,C,2025-01-07 03:09:00,40,0.0,272,312.0,19.466666666666665,0.0,0.7396666666666667,1681.46,0,21.6,29.325000000000003
ORD000198,EV,Italia,2,2025-01-07,C,2025-01-07 05:16:00,40,8.0,393,441.0,18.283333333333335,0.0,0.773,2129.14,0,43.8,34.6375
ORD000195,ICE,Benelux,2,2025-01-07,C,2025-01-07 04:04:00,48,0.0,236,284.0,16.45,0.0,0.6822666666666667,2357.96,0,34.78333333333333,26.91777777777778
ORD000200,ICE,Iberia,2,2025-01-07,C,2025-01-07 22:40:00,93,0.0,355,448.0,22.35,0.0,0.6747333333333334,1202.2999999999997,0,20.85,32.42388888888889
ORD000179,ICE,Francia,3,2025-01-07,C,2025-01-07 23:45:00,42,0.0,475,517.0,22.5,0.0,0.7515,1624.0500000000002,0,24.483333333333334,36.73888888888889
ORD000193,ICE,Italia,2,2025-01-07,C,2025-01-07 22:58:00,106,0.0,472,578.0,21.25,0.0,0.6875666666666667,1624.0500000000002,0,42.78333333333333,37.25861111111111
ORD000187,EV,Alemania,2,2025-01-07,C,2025-01-07 23:23:00,81,66.0,445,592.0,21.75,0.0,0.8063666666666666,1690.87,0,37.43333333333334,40.71472222222222
ORD000180,EV,Benelux,1,2025-01-08,C,2025-01-08 00:36:00,55,85.0,466,606.0,22.45,0.0,0.8827333333333333,1624.0500000000002,0,31.316666666666666,43.11
ORD000201,ICE,Italia,1,2025-01-08,C,2025-01-08 01:18:00,44,0.0,465,509.0,20.783333333333335,0.0,0.6589,1631.4699999999998,0,43.06666666666666,34.14611111111111
ORD000237,ICE,Iberia,2,2025-01-07,C,2025-01-07 23:47:00,83,0.0,186,269.0,19.083333333333332,0.0,0.709,1818.42,0,22.116666666666667,27.065277777777776
ORD000244,EV,Alemania,3,2025-01-08,C,2025-01-08 00:13:00,66,31.0,347,444.0,18.316666666666666,0.0,0.7585666666666667,1202.2999999999997,0,38.11666666666667,34.380833333333335
ORD000213,ICE,Alemania,2,2025-01-08,C,2025-01-08 01:17:00,47,0.0,327,374.0,19.5,0.0,0.7081333333333333,1551.3700000000001,0,38.25,30.689444444444447
ORD000239,ICE,Iberia,2,2025-01-08,C,2025-01-08 01:48:00,30,0.0,354,384.0,18.15,0.0,0.7144333333333333,1551.3700000000001,0,19.75,31.194166666666668
ORD000233,EV,Italia,2,2025-01-08,C,2025-01-08 04:00:00,89,8.0,487,584.0,20.666666666666668,0.0,0.8314666666666666,1588.7300000000002,0,43.35,41.06444444444445
ORD000238,EV,Benelux,3,2025-01-08,C,2025-01-08 04:03:00,66,83.0,447,596.0,21.366666666666667,0.0,0.8075,1551.3700000000001,0,31.71666666666667,40.88194444444444
ORD000242,ICE,Benelux,3,2025-01-08,C,2025-01-08 01:37:00,106,0.0,196,302.0,18.3,0.0,0.7287,1852.41,0,34.75,28.703611111111112
ORD000240,ICE,Alemania,2,2025-01-08,C,2025-01-08 02:02:00,84,0.0,210,294.0,16.1,0.0,0.7425333333333335,1852.41,0,39.416666666666664,28.77166666666667
ORD000241,ICE,Iberia,3,2025-01-08,C,2025-01-08 04:35:00,41,0.0,241,282.0,17.883333333333333,0.0,0.6626000000000001,2281.8500000000004,0,21.066666666666666,26.35666666666667
ORD000226,ICE,Benelux,2,2025-01-08,C,2025-01-08 22:38:00,51,0.0,304,355.0,23.166666666666668,0.0,0.6828333333333334,1920.7200000000003,0,31.683333333333334,29.397222222222226
ORD000268,EV,Francia,2,2025-01-08,C,2025-01-08 23:44:00,107,2.0,508,617.0,21.466666666666665,0.0,0.7974666666666667,1436.5100000000002,0,25.03333333333333,41.36027777777778
ORD000273,ICE,Iberia,1,2025-01-09,C,2025-01-09 02:13:00,31,0.0,407,438.0,22.0,0.0,0.7592666666666666,1998.0400000000002,0,19.016666666666666,34.19
ORD000247,EV,Francia,2,2025-01-09,C,2025-01-09 02:59:00,85,33.0,584,702.0,23.45,0.0,0.8200666666666666,1849.29,0,24.683333333333334,44.876666666666665
ORD000253,ICE,Alemania,2,2025-01-09,C,2025-01-09 01:32:00,27,0.0,444,471.0,21.316666666666666,0.0,0.6955333333333334,1891.68,0,35.583333333333336,33.74250000000001
ORD000275,ICE,Iberia,2,2025-01-09,C,2025-01-09 00:52:00,50,0.0,334,384.0,19.3,0.0,0.8164666666666666,1998.0400000000002,0,20.083333333333332,33.745
ORD000248,ICE,Alemania,2,2025-01-09,C,2025-01-09 00:32:00,78,0.0,161,239.0,18.616666666666667,0.0,0.6802999999999999,1979.5900000000001,0,39.733333333333334,25.306111111111107
ORD000279,ICE,Francia,2,2025-01-09,C,2025-01-09 02:54:00,36,0.0,502,538.0,19.966666666666665,0.0,0.7200666666666666,1891.68,0,24.25,36.68222222222222
ORD000256,ICE,Alemania,1,2025-01-09,C,2025-01-09 03:05:00,80,0.0,337,417.0,21.033333333333335,0.0,0.7424,1979.5900000000001,0,37.38333333333333,33.03916666666667
ORD000255,EV,Benelux,2,2025-01-09,C,2025-01-09 22:06:00,103,77.0,418,598.0,23.283333333333335,0.0,0.8120666666666666,1624.9399999999998,0,32.45,41.065555555555555
ORD000271,EV,Iberia,2,2025-01-09,C,2025-01-09 22:58:00,92,25.0,610,727.0,23.233333333333334,0.0,0.8518333333333333,1563.5199999999998,0,17.683333333333334,46.295833333333334
ORD000280,EV,Italia,3,2025-01-10,C,2025-01-10 01:15:00,100,50.0,553,703.0,23.116666666666667,0.0,0.8165666666666666,1776.7199999999998,0,41.28333333333333,44.82388888888889
ORD000249,EV,Benelux,2,2025-01-10,C,2025-01-10 00:21:00,65,57.0,521,643.0,23.433333333333334,0.0,0.7531,1776.7199999999998,0,30.6,41.153888888888886
ORD000250,EV,Benelux,3,2025-01-10,C,2025-01-10 01:22:00,42,62.0,536,640.0,23.05,0.0,0.8623000000000001,2209.1099999999997,0,31.35,43.77972222222222
ORD000293,EV,Iberia,3,2025-01-10,C,2025-01-10 01:04:00,49,54.0,509,612.0,21.183333333333334,0.0,0.7927333333333333,2209.1099999999997,0,19.65,41.06833333333333
ORD000303,ICE,Iberia,3,2025-01-10,C,2025-01-10 01:23:00,83,0.0,286,369.0,18.966666666666665,0.0,0.7254999999999999,1491.73,0,19.733333333333334,30.949999999999996
ORD000309,ICE,Alemania,3,2025-01-10,C,2025-01-10 01:36:00,81,0.0,392,473.0,19.583333333333332,0.0,0.8018000000000001,2053.99,0,37.45,36.468611111111116
ORD000283,ICE,Italia,2,2025-01-10,C,2025-01-10 02:02:00,87,0.0,437,524.0,20.35,0.0,0.7474666666666667,1866.25,0,43.5,36.88111111111111
ORD000282,EV,Alemania,2,2025-01-10,C,2025-01-10 00:33:00,89,37.0,339,465.0,18.766666666666666,0.0,0.8760000000000001,1574.2500000000002,0,38.21666666666667,38.045833333333334
ORD000315,ICE,Italia,2,2025-01-10,C,2025-01-10 05:25:00,68,0.0,520,588.0,23.416666666666668,0.0,0.7329333333333333,1491.73,0,41.833333333333336,38.74
ORD000314,EV,Francia,1,2025-01-10,C,2025-01-10 03:38:00,61,59.0,398,518.0,22.483333333333334,0.0,0.8501333333333334,2053.99,0,24.4,39.239444444444445
ORD000286,EV,Francia,3,2025-01-10,C,2025-01-10 04:47:00,50,69.0,453,572.0,22.733333333333334,0.0,0.8604,2053.99,0,26.016666666666666,41.37111111111111
ORD000291,ICE,Benelux,3,2025-01-10,C,2025-01-10 02:47:00,43,0.0,253,296.0,20.7,0.0,0.7526999999999999,1862.71,0,32.666666666666664,29.095277777777774
ORD000300,ICE,Francia,1,2025-01-10,C,2025-01-10 05:44:00,35,0.0,397,432.0,21.833333333333332,0.0,0.7087,1858.4699999999998,0,25.733333333333334,32.7175
ORD000311,ICE,Iberia,3,2025-01-10,C,2025-01-10 04:28:00,38,0.0,414,452.0,20.433333333333334,0.0,0.6845,1386.76,0,18.3,32.80694444444445
ORD000310,ICE,Francia,3,2025-01-10,C,2025-01-10 05:28:00,34,0.0,424,458.0,20.416666666666668,0.0,0.8596333333333332,1862.71,0,25.083333333333332,37.393611111111106
ORD000294,EV,Benelux,2,2025-01-10,C,2025-01-10 05:35:00,56,104.0,391,551.0,21.366666666666667,0.0,0.8434999999999999,1386.76,0,33.333333333333336,40.21944444444444
ORD000290,ICE,Francia,2,2025-01-10,C,2025-01-10 05:51:00,83,0.0,305,388.0,20.2,0.0,0.7417,1807.3100000000002,0,27.383333333333333,32.01472222222222
ORD000329,ICE,Alemania,1,2025-01-10,C,2025-01-10 23:29:00,92,0.0,374,466.0,20.416666666666668,0.0,0.8223666666666667,2093.86,0,36.35,36.73972222222223
ORD000299,ICE,Italia,2,2025-01-11,C,2025-01-11 00:47:00,69,0.0,448,517.0,22.666666666666668,0.0,0.7194666666666667,2093.86,0,42.85,35.93805555555556
ORD000306,ICE,Benelux,3,2025-01-10,C,2025-01-10 22:43:00,35,0.0,370,405.0,20.65,0.0,0.8129000000000001,1700.24,0,31.116666666666667,34.385000000000005
ORD000322,ICE,Italia,2,2025-01-11,C,2025-01-11 01:08:00,63,0.0,321,384.0,22.066666666666666,0.0,0.7807999999999999,1919.84,0,43.233333333333334,32.85333333333333
ORD000334,ICE,Alemania,3,2025-01-11,C,2025-01-11 01:19:00,87,0.0,409,496.0,22.383333333333333,0.0,0.7916666666666667,1998.5099999999998,0,37.9,37.013888888888886
ORD000339,ICE,Alemania,2,2025-01-10,C,2025-01-10 23:18:00,101,0.0,356,457.0,18.933333333333334,0.0,0.7876666666666666,2093.86,0,37.583333333333336,35.55972222222222
ORD000319,ICE,Iberia,1,2025-01-11,C,2025-01-11 03:01:00,74,0.0,294,368.0,20.783333333333335,0.0,0.7998999999999999,2221.9399999999996,0,20.416666666666668,32.775277777777774
ORD000325,EV,Iberia,2,2025-01-11,C,2025-01-11 00:38:00,75,50.0,368,493.0,20.083333333333332,0.0,0.8027666666666665,2093.86,0,22.266666666666666,37.18722222222222
ORD000340,EV,Benelux,2,2025-01-11,C,2025-01-11 01:25:00,34,78.0,449,561.0,21.4,0.0,0.8239,1700.24,0,31.083333333333332,40.07666666666667
ORD000327,EV,Iberia,3,2025-01-11,C,2025-01-11 04:32:00,92,52.0,469,613.0,22.766666666666666,0.0,0.8459333333333334,1998.5099999999998,0,18.96666666666667,42.433055555555555
ORD000336,ICE,Alemania,2,2025-01-11,C,2025-01-11 05:21:00,97,0.0,431,528.0,24.133333333333333,0.0,0.8316333333333334,2221.9399999999996,0,35.88333333333333,39.12416666666667
ORD000337,ICE,Iberia,1,2025-01-11,C,2025-01-11 04:36:00,41,0.0,446,487.0,21.383333333333333,0.0,0.7558999999999999,2227.25,0,18.5,35.80722222222222
ORD000348,EV,Italia,2,2025-01-11,C,2025-01-11 01:01:00,64,41.0,260,365.0,18.5,0.0,0.8986333333333334,1919.84,0,45.733333333333334,35.13944444444445
ORD000343,ICE,Francia,3,2025-01-11,C,2025-01-11 04:55:00,64,0.0,343,407.0,19.766666666666666,0.0,0.7870333333333334,1218.1200000000001,1,25.03333333333333,33.80777777777778
ORD000332,ICE,Iberia,2,2025-01-11,C,2025-01-11 04:43:00,58,0.0,219,277.0,18.416666666666668,0.0,0.8670666666666667,1592.7100000000003,0,20.683333333333334,31.29472222222222
ORD000328,ICE,Alemania,2,2025-01-11,C,2025-01-11 05:31:00,38,0.0,216,254.0,18.166666666666668,0.0,0.8050666666666666,1592.7100000000003,0,39.35,28.946111111111108
ORD000344,ICE,Francia,3,2025-01-11,C,2025-01-11 23:10:00,76,0.0,441,517.0,24.366666666666667,0.0,0.8220999999999999,1706.4700000000003,0,24.416666666666668,38.50388888888889
ORD000353,EV,Iberia,3,2025-01-12,C,2025-01-12 00:06:00,103,66.0,425,594.0,22.933333333333334,0.0,0.9066000000000001,1706.4700000000003,0,19.516666666666666,43.290000000000006
ORD000350,ICE,Francia,2,2025-01-11,C,2025-01-11 23:14:00,84,0.0,364,448.0,19.75,0.0,0.8102666666666666,1864.8300000000002,0,26.03333333333333,35.81222222222222
ORD000385,ICE,Benelux,3,2025-01-12,C,2025-01-12 02:14:00,34,0.0,455,489.0,20.75,0.0,0.8242666666666666,1544.14,0,31.166666666666668,37.58583333333333
ORD000370,ICE,Francia,1,2025-01-12,C,2025-01-12 04:51:00,89,0.0,289,378.0,18.8,0.0,0.8002333333333332,2278.01,0,25.95,33.13083333333333
ORD000371,EV,Iberia,3,2025-01-12,C,2025-01-12 23:25:00,50,81.0,674,805.0,25.966666666666665,0.0,0.8836333333333335,1663.15,0,17.53333333333333,47.090833333333336
ORD000365,EV,Iberia,3,2025-01-13,C,2025-01-13 00:18:00,92,87.0,683,862.0,25.8,0.0,0.9001333333333332,1663.15,0,16.3,47.50333333333333
ORD000367,EV,Benelux,2,2025-01-13,C,2025-01-13 01:48:00,89,100.0,587,776.0,25.916666666666668,0.0,0.8146333333333334,1667.8,0,30.95,45.365833333333335
ORD000355,ICE,Alemania,2,2025-01-13,C,2025-01-13 04:10:00,97,0.0,436,533.0,24.333333333333332,0.0,0.8396333333333332,1525.7500000000002,0,36.46666666666667,39.49777777777778
ORD000407,EV,Benelux,3,2025-01-13,C,2025-01-13 02:06:00,40,62.0,466,568.0,22.2,0.0,0.9490333333333335,1608.63,0,31.28333333333333,43.44805555555556
ORD000399,ICE,Iberia,2,2025-01-13,C,2025-01-13 03:02:00,82,0.0,315,397.0,21.183333333333334,0.0,0.8087333333333333,1638.58,0,20.016666666666666,34.003055555555555
ORD000406,ICE,Iberia,3,2025-01-13,C,2025-01-13 01:15:00,34,0.0,437,471.0,19.116666666666667,0.0,0.8201999999999999,1605.9,0,17.983333333333334,36.85916666666667
ORD000405,ICE,Iberia,2,2025-01-13,C,2025-01-13 00:13:00,85,0.0,201,286.0,18.15,0.0,0.8859666666666665,1525.7500000000002,0,21.25,32.079722222222216
ORD000391,ICE,Alemania,3,2025-01-13,C,2025-01-13 05:47:00,80,0.0,450,530.0,23.35,0.0,0.8600666666666666,1883.97,0,37.03333333333333,39.904444444444444
ORD000394,ICE,Benelux,2,2025-01-13,C,2025-01-13 05:34:00,88,0.0,607,695.0,23.133333333333333,0.0,0.7397000000000001,2023.44,0,28.116666666666667,42.62444444444445
ORD000404,ICE,Iberia,3,2025-01-13,C,2025-01-13 04:41:00,55,0.0,516,571.0,20.683333333333334,0.0,0.8798999999999999,1525.7500000000002,0,17.96666666666667,41.82388888888889
ORD000415,EV,Francia,3,2025-01-13,C,2025-01-13 04:22:00,36,83.0,505,624.0,21.35,0.0,0.8709999999999998,1730.0800000000002,0,24.633333333333333,43.44166666666666
ORD000388,EV,Alemania,1,2025-01-13,C,2025-01-13 02:57:00,113,36.0,320,469.0,19.583333333333332,0.0,0.9093666666666667,1525.7500000000002,0,39.083333333333336,39.01888888888889
ORD000386,EV,Benelux,2,2025-01-13,C,2025-01-13 05:41:00,50,123.0,403,576.0,21.483333333333334,0.0,0.8824000000000001,1638.58,0,31.516666666666666,42.06
ORD000396,ICE,Italia,2,2025-01-13,C,2025-01-13 05:52:00,54,0.0,296,350.0,18.866666666666667,0.0,0.8036,1708.5400000000002,0,43.416666666666664,32.242777777777775
ORD000397,ICE,Francia,2,2025-01-13,C,2025-01-13 04:51:00,50,0.0,279,329.0,18.666666666666668,0.0,0.7751666666666667,1708.5400000000002,0,25.916666666666668,30.802777777777777
ORD000410,ICE,Iberia,3,2025-01-13,C,2025-01-13 23:42:00,31,0.0,438,469.0,24.116666666666667,0.0,0.8604,1813.02,0,18.983333333333334,37.79472222222222
ORD000392,EV,Francia,2,2025-01-13,C,2025-01-13 23:11:00,99,84.0,386,569.0,22.633333333333333,0.0,0.9585333333333333,2047.7600000000002,0,26.45,43.72027777777778
ORD000390,ICE,Alemania,3,2025-01-13,C,2025-01-13 22:05:00,91,0.0,304,395.0,21.1,0.0,0.8654999999999999,1746.11,0,37.88333333333333,35.352777777777774
ORD000445,ICE,Francia,2,2025-01-14,C,2025-01-14 02:36:00,76,0.0,476,552.0,23.183333333333334,0.0,0.8869666666666667,1810.7300000000002,0,24.883333333333333,41.340833333333336
ORD000435,ICE,Francia,3,2025-01-14,C,2025-01-14 00:24:00,83,0.0,416,499.0,21.75,0.0,0.8026000000000001,1746.11,0,24.583333333333332,37.39138888888889
ORD000414,EV,Francia,2,2025-01-14,C,2025-01-14 01:32:00,53,71.0,502,626.0,22.966666666666665,0.0,0.8947333333333332,2047.7600000000002,0,22.96666666666667,44.10444444444444
ORD000451,EV,Italia,2,2025-01-14,C,2025-01-14 00:14:00,67,120.0,341,528.0,20.466666666666665,0.0,0.9571666666666665,1746.11,0,43.53333333333333,42.262499999999996
ORD000421,EV,Francia,2,2025-01-14,C,2025-01-14 03:25:00,56,92.0,566,714.0,23.3,0.0,0.8066666666666668,1813.02,0,23.083333333333332,44.958333333333336
ORD000446,ICE,Iberia,1,2025-01-14,C,2025-01-14 05:17:00,65,0.0,509,574.0,24.7,0.0,0.8619999999999999,1713.3600000000001,0,17.083333333333332,41.480555555555554
ORD000422,EV,Iberia,2,2025-01-14,C,2025-01-14 04:36:00,31,63.0,562,656.0,23.15,0.0,0.9047333333333334,1746.11,0,17.316666666666666,45.39611111111111
ORD000437,EV,Iberia,1,2025-01-14,C,2025-01-14 05:25:00,47,72.0,524,643.0,23.483333333333334,0.0,0.8984666666666665,1679.75,0,19.0,44.788055555555545
ORD000436,EV,Iberia,2,2025-01-14,C,2025-01-14 05:52:00,66,52.0,528,646.0,23.333333333333332,0.0,0.9495333333333333,1679.75,0,18.583333333333332,46.16888888888889
ORD000444,ICE,Iberia,2,2025-01-14,C,2025-01-14 00:32:00,37,0.0,229,266.0,16.516666666666666,0.0,0.9119333333333333,1713.3600000000001,0,20.75,32.034444444444446
ORD000432,EV,Benelux,2,2025-01-14,C,2025-01-14 23:41:00,44,107.0,588,739.0,24.766666666666666,0.0,0.8900333333333333,1293.4600000000003,0,29.133333333333333,47.25083333333333
ORD000440,ICE,Francia,3,2025-01-15,C,2025-01-15 02:35:00,84,0.0,434,518.0,24.9,0.0,0.9060333333333334,1467.4700000000003,0,25.383333333333333,40.636944444444445
ORD000469,EV,Iberia,3,2025-01-15,C,2025-01-15 04:02:00,82,128.0,590,800.0,24.5,0.0,0.8895666666666666,1712.2800000000002,0,18.71666666666667,47.23916666666666
ORD000452,EV,Benelux,2,2025-01-15,C,2025-01-15 05:35:00,80,124.0,728,932.0,27.616666666666667,0.0,0.8960666666666667,1712.2800000000002,0,28.366666666666667,47.401666666666664
ORD000476,EV,Francia,2,2025-01-15,C,2025-01-15 03:01:00,79,107.0,492,678.0,24.033333333333335,0.0,0.9295666666666667,1984.2399999999998,0,23.616666666666667,46.780833333333334
ORD000474,EV,Alemania,2,2025-01-15,C,2025-01-15 04:15:00,52,127.0,486,665.0,24.866666666666667,0.0,0.9431,1347.84,0,37.5,46.66777777777778
ORD000487,ICE,Iberia,2,2025-01-15,C,2025-01-15 02:49:00,67,0.0,352,419.0,21.183333333333334,0.0,0.8571,1815.1399999999999,0,19.616666666666667,35.97611111111111
ORD000460,ICE,Francia,2,2025-01-15,C,2025-01-15 04:28:00,89,0.0,545,634.0,23.15,0.0,0.8281666666666666,1467.4700000000003,0,23.316666666666666,42.71805555555555
ORD000428,EV,Iberia,1,2025-01-15,C,2025-01-15 03:58:00,33,140.0,477,650.0,23.316666666666666,0.0,0.8934333333333335,1347.84,0,19.05,44.90527777777778
ORD000468,ICE,Iberia,1,2025-01-15,C,2025-01-15 05:01:00,74,0.0,325,399.0,19.916666666666668,0.0,0.9581999999999999,1994.7899999999997,0,19.183333333333334,37.80916666666667
ORD000470,ICE,Alemania,2,2025-01-15,C,2025-01-15 05:37:00,45,0.0,426,471.0,18.916666666666668,0.0,0.8317,1781.75,0,35.56666666666666,37.14666666666667
ORD000480,EV,Alemania,2,2025-01-16,C,2025-01-16 00:51:00,51,90.0,675,816.0,25.316666666666666,0.0,0.9552333333333333,1819.4099999999999,0,35.25,48.88083333333333
ORD000485,EV,Alemania,2,2025-01-15,C,2025-01-15 23:46:00,37,123.0,509,669.0,25.066666666666666,0.0,0.98,1437.3799999999999,0,36.55,47.72916666666667
ORD000472,EV,Francia,3,2025-01-15,C,2025-01-15 22:22:00,33,152.0,508,693.0,24.233333333333334,0.0,0.9121999999999999,1819.4099999999999,0,25.016666666666666,46.86749999999999
ORD000490,EV,Italia,2,2025-01-16,C,2025-01-16 02:31:00,100,93.0,600,793.0,26.05,0.0,0.9397333333333334,1647.38,0,41.13333333333333,48.49333333333334
ORD000464,EV,Benelux,2,2025-01-16,C,2025-01-16 01:57:00,107,82.0,521,710.0,25.116666666666667,0.0,0.9542666666666666,1689.9099999999999,0,30.05,48.50944444444444
ORD000465,EV,Alemania,2,2025-01-16,C,2025-01-16 05:53:00,84,167.0,537,788.0,26.333333333333332,0.0,0.9108666666666666,1441.8600000000001,0,35.61666666666667,47.77166666666666
