yard_event_id,order_id,tipo_evento,ts_evento,sector_patio,ocupacion_sector_pct
YRD00000001,ORD000032,ENTRY,2025-01-01 12:09:00,ESTE,60.95
YRD00000002,ORD000032,WAIT,2025-01-01 13:09:00,ESTE,72.85
YRD00000003,ORD000032,EXIT,2025-01-01 15:11:00,ESTE,64.29
YRD00000004,ORD000012,ENTRY,2025-01-01 11:52:00,NORTE,58.03
YRD00000005,ORD000012,WAIT,2025-01-01 12:43:00,NORTE,53.79
YRD00000006,ORD000012,EXIT,2025-01-01 15:19:00,NORTE,61.12
YRD00000007,ORD000020,ENTRY,2025-01-01 16:03:00,OESTE,47.38
YRD00000008,ORD000020,WAIT,2025-01-01 17:08:00,OESTE,66.51
YRD00000009,ORD000020,EXIT,2025-01-01 21:15:00,OESTE,62.4
YRD00000010,ORD000028,ENTRY,2025-01-01 16:07:00,SUR,57.55
YRD00000011,ORD000028,WAIT,2025-01-01 17:23:00,SUR,56.26
YRD00000012,ORD000028,EXIT,2025-01-01 20:17:00,SUR,73.37
YRD00000013,ORD000033,ENTRY,2025-01-01 16:20:00,ESTE,59.47
YRD00000014,ORD000033,WAIT,2025-01-01 17:54:00,ESTE,61.89
YRD00000015,ORD000033,EXIT,2025-01-01 19:44:00,ESTE,51.27
YRD00000016,ORD000013,ENTRY,2025-01-01 17:00:00,ESTE,63.2
YRD00000017,ORD000013,WAIT,2025-01-01 19:08:00,ESTE,58.52
YRD00000018,ORD000013,EXIT,2025-01-01 22:09:00,ESTE,59.24
YRD00000019,ORD000007,ENTRY,2025-01-01 16:22:00,SUR,52.43
YRD00000020,ORD000007,WAIT,2025-01-01 17:52:00,SUR,69.38
YRD00000021,ORD000007,EXIT,2025-01-01 21:10:00,SUR,65.1
YRD00000022,ORD000017,ENTRY,2025-01-01 18:04:00,SUR,52.39
YRD00000023,ORD000017,WAIT,2025-01-01 19:22:00,SUR,49.22
YRD00000024,ORD000017,EXIT,2025-01-01 20:43:00,SUR,60.2
YRD00000025,ORD000005,ENTRY,2025-01-01 18:52:00,ESTE,56.23
YRD00000026,ORD000005,WAIT,2025-01-01 20:37:00,ESTE,57.36
YRD00000027,ORD000005,EXIT,2025-01-02 00:17:00,ESTE,69.66
YRD00000028,ORD000022,ENTRY,2025-01-01 19:28:00,NORTE,53.13
YRD00000029,ORD000022,WAIT,2025-01-01 22:13:00,NORTE,57.6
YRD00000030,ORD000022,EXIT,2025-01-01 22:02:00,NORTE,57.53
YRD00000031,ORD000010,ENTRY,2025-01-01 18:58:00,OESTE,55.17
YRD00000032,ORD000010,WAIT,2025-01-01 21:04:00,OESTE,70.26
YRD00000033,ORD000010,EXIT,2025-01-01 23:45:00,OESTE,52.56
YRD00000034,ORD000031,ENTRY,2025-01-01 19:19:00,SUR,58.62
YRD00000035,ORD000031,WAIT,2025-01-01 20:18:00,SUR,69.73
YRD00000036,ORD000031,EXIT,2025-01-01 23:23:00,SUR,58.1
YRD00000037,ORD000025,ENTRY,2025-01-01 21:16:00,NORTE,53.47
YRD00000038,ORD000025,WAIT,2025-01-01 22:30:00,NORTE,64.29
YRD00000039,ORD000025,EXIT,2025-01-02 00:49:00,NORTE,39.87
YRD00000040,ORD000018,ENTRY,2025-01-01 20:54:00,NORTE,64.02
YRD00000041,ORD000018,WAIT,2025-01-01 22:32:00,NORTE,73.36
YRD00000042,ORD000018,EXIT,2025-01-02 01:21:00,NORTE,38.0
YRD00000043,ORD000004,ENTRY,2025-01-01 21:51:00,SUR,64.69
YRD00000044,ORD000004,WAIT,2025-01-01 23:13:00,SUR,68.27
YRD00000045,ORD000004,EXIT,2025-01-02 01:36:00,SUR,52.48
YRD00000046,ORD000023,ENTRY,2025-01-01 23:22:00,NORTE,60.88
YRD00000047,ORD000023,WAIT,2025-01-02 00:23:00,NORTE,68.75
YRD00000048,ORD000023,EXIT,2025-01-02 01:11:00,NORTE,56.03
YRD00000049,ORD000008,ENTRY,2025-01-01 23:47:00,SUR,62.26
YRD00000050,ORD000008,WAIT,2025-01-02 06:00:00,SUR,64.46
YRD00000051,ORD000008,EXIT,2025-01-02 09:22:00,SUR,67.97
YRD00000052,ORD000016,ENTRY,2025-01-02 00:17:00,SUR,71.95
YRD00000053,ORD000016,WAIT,2025-01-02 06:00:00,SUR,57.68
YRD00000054,ORD000016,EXIT,2025-01-02 09:48:00,SUR,64.72
YRD00000055,ORD000021,ENTRY,2025-01-02 02:43:00,ESTE,65.92
YRD00000056,ORD000021,WAIT,2025-01-02 04:42:00,ESTE,56.81
YRD00000057,ORD000021,EXIT,2025-01-02 06:37:00,ESTE,70.09
YRD00000058,ORD000024,ENTRY,2025-01-02 03:23:00,NORTE,54.62
YRD00000059,ORD000024,WAIT,2025-01-02 05:29:00,NORTE,73.78
YRD00000060,ORD000024,EXIT,2025-01-02 08:52:00,NORTE,52.38
YRD00000061,ORD000003,ENTRY,2025-01-02 03:21:00,OESTE,67.47
YRD00000062,ORD000003,WAIT,2025-01-02 05:56:00,OESTE,55.36
YRD00000063,ORD000003,EXIT,2025-01-02 08:22:00,OESTE,62.77
YRD00000064,ORD000006,ENTRY,2025-01-02 04:03:00,SUR,64.14
YRD00000065,ORD000006,WAIT,2025-01-02 05:43:00,SUR,50.66
YRD00000066,ORD000006,EXIT,2025-01-02 06:53:00,SUR,63.5
YRD00000067,ORD000015,ENTRY,2025-01-02 04:37:00,ESTE,53.63
YRD00000068,ORD000015,WAIT,2025-01-02 06:24:00,ESTE,69.83
YRD00000069,ORD000015,EXIT,2025-01-02 09:09:00,ESTE,73.58
YRD00000070,ORD000035,ENTRY,2025-01-02 05:10:00,ESTE,72.09
YRD00000071,ORD000035,WAIT,2025-01-02 08:15:00,ESTE,59.23
YRD00000072,ORD000035,EXIT,2025-01-02 11:13:00,ESTE,61.3
YRD00000073,ORD000002,ENTRY,2025-01-02 06:18:00,OESTE,62.3
YRD00000074,ORD000002,WAIT,2025-01-02 07:26:00,OESTE,58.12
YRD00000075,ORD000002,EXIT,2025-01-02 11:28:00,OESTE,59.23
YRD00000076,ORD000026,ENTRY,2025-01-02 06:45:00,NORTE,61.76
YRD00000077,ORD000026,WAIT,2025-01-02 09:14:00,NORTE,64.87
YRD00000078,ORD000026,EXIT,2025-01-02 12:31:00,NORTE,50.34
YRD00000079,ORD000029,ENTRY,2025-01-02 07:31:00,ESTE,55.92
YRD00000080,ORD000029,WAIT,2025-01-02 09:51:00,ESTE,63.86
YRD00000081,ORD000029,EXIT,2025-01-02 10:33:00,ESTE,50.91
YRD00000082,ORD000027,ENTRY,2025-01-02 08:34:00,SUR,73.03
YRD00000083,ORD000027,WAIT,2025-01-02 09:56:00,SUR,73.38
YRD00000084,ORD000027,EXIT,2025-01-02 12:18:00,SUR,54.58
YRD00000085,ORD000011,ENTRY,2025-01-02 08:58:00,SUR,62.65
YRD00000086,ORD000011,WAIT,2025-01-02 09:43:00,SUR,69.72
YRD00000087,ORD000011,EXIT,2025-01-02 12:52:00,SUR,54.37
YRD00000088,ORD000014,ENTRY,2025-01-02 09:07:00,ESTE,56.02
YRD00000089,ORD000014,WAIT,2025-01-02 10:21:00,ESTE,77.27
YRD00000090,ORD000014,EXIT,2025-01-02 13:34:00,ESTE,57.51
YRD00000091,ORD000009,ENTRY,2025-01-02 09:38:00,OESTE,61.06
YRD00000092,ORD000009,WAIT,2025-01-02 11:48:00,OESTE,57.24
YRD00000093,ORD000009,EXIT,2025-01-02 14:30:00,OESTE,50.59
YRD00000094,ORD000001,ENTRY,2025-01-02 09:05:00,ESTE,67.3
YRD00000095,ORD000001,WAIT,2025-01-02 11:18:00,ESTE,68.55
YRD00000096,ORD000001,EXIT,2025-01-02 13:38:00,ESTE,64.05
YRD00000097,ORD000030,ENTRY,2025-01-02 09:44:00,OESTE,58.34
YRD00000098,ORD000030,WAIT,2025-01-02 11:38:00,OESTE,71.24
YRD00000099,ORD000030,EXIT,2025-01-02 15:45:00,OESTE,47.66
YRD00000100,ORD000069,ENTRY,2025-01-02 10:39:00,OESTE,65.85
YRD00000101,ORD000069,WAIT,2025-01-02 11:43:00,OESTE,67.48
YRD00000102,ORD000069,EXIT,2025-01-02 15:27:00,OESTE,72.91
YRD00000103,ORD000019,ENTRY,2025-01-02 10:01:00,OESTE,56.29
YRD00000104,ORD000019,WAIT,2025-01-02 12:16:00,OESTE,73.46
YRD00000105,ORD000019,EXIT,2025-01-02 12:54:00,OESTE,59.29
YRD00000106,ORD000070,ENTRY,2025-01-02 11:41:00,SUR,54.59
YRD00000107,ORD000070,WAIT,2025-01-02 13:56:00,SUR,77.89
YRD00000108,ORD000070,EXIT,2025-01-02 16:27:00,SUR,50.17
YRD00000109,ORD000034,ENTRY,2025-01-02 10:47:00,SUR,65.41
YRD00000110,ORD000034,WAIT,2025-01-02 12:28:00,SUR,63.93
YRD00000111,ORD000034,EXIT,2025-01-02 17:11:00,SUR,63.47
YRD00000112,ORD000040,ENTRY,2025-01-02 13:48:00,OESTE,59.42
YRD00000113,ORD000040,WAIT,2025-01-02 16:08:00,OESTE,72.58
YRD00000114,ORD000040,EXIT,2025-01-02 17:28:00,OESTE,60.25
YRD00000115,ORD000068,ENTRY,2025-01-02 13:21:00,SUR,58.92
YRD00000116,ORD000068,WAIT,2025-01-02 15:31:00,SUR,59.56
YRD00000117,ORD000068,EXIT,2025-01-02 20:35:00,SUR,60.9
YRD00000118,ORD000046,ENTRY,2025-01-02 16:22:00,ESTE,58.66
YRD00000119,ORD000046,WAIT,2025-01-02 18:54:00,ESTE,74.74
YRD00000120,ORD000046,EXIT,2025-01-02 20:21:00,ESTE,55.05
YRD00000121,ORD000067,ENTRY,2025-01-02 15:28:00,OESTE,62.55
YRD00000122,ORD000067,WAIT,2025-01-02 17:14:00,OESTE,62.38
YRD00000123,ORD000067,EXIT,2025-01-02 19:23:00,OESTE,59.87
YRD00000124,ORD000037,ENTRY,2025-01-02 16:57:00,SUR,59.4
YRD00000125,ORD000037,WAIT,2025-01-02 18:23:00,SUR,68.56
YRD00000126,ORD000037,EXIT,2025-01-02 20:33:00,SUR,53.01
YRD00000127,ORD000053,ENTRY,2025-01-02 18:51:00,ESTE,55.41
YRD00000128,ORD000053,WAIT,2025-01-02 20:08:00,ESTE,63.41
YRD00000129,ORD000053,EXIT,2025-01-03 00:37:00,ESTE,50.25
YRD00000130,ORD000036,ENTRY,2025-01-02 19:09:00,NORTE,54.84
YRD00000131,ORD000036,WAIT,2025-01-02 20:14:00,NORTE,65.35
YRD00000132,ORD000036,EXIT,2025-01-02 23:29:00,NORTE,38.86
YRD00000133,ORD000065,ENTRY,2025-01-02 19:30:00,OESTE,80.24
YRD00000134,ORD000065,WAIT,2025-01-02 21:21:00,OESTE,77.28
YRD00000135,ORD000065,EXIT,2025-01-03 00:31:00,OESTE,81.36
YRD00000136,ORD000047,ENTRY,2025-01-02 20:37:00,ESTE,59.82
YRD00000137,ORD000047,WAIT,2025-01-02 21:59:00,ESTE,75.74
YRD00000138,ORD000047,EXIT,2025-01-03 00:39:00,ESTE,65.69
YRD00000139,ORD000062,ENTRY,2025-01-02 20:01:00,SUR,72.25
YRD00000140,ORD000062,WAIT,2025-01-02 20:39:00,SUR,50.12
YRD00000141,ORD000062,EXIT,2025-01-02 22:51:00,SUR,63.81
YRD00000142,ORD000049,ENTRY,2025-01-02 21:15:00,SUR,61.71
YRD00000143,ORD000049,WAIT,2025-01-02 23:12:00,SUR,57.02
YRD00000144,ORD000049,EXIT,2025-01-02 23:28:00,SUR,59.42
YRD00000145,ORD000066,ENTRY,2025-01-02 22:23:00,OESTE,47.68
YRD00000146,ORD000066,WAIT,2025-01-03 00:52:00,OESTE,67.89
YRD00000147,ORD000066,EXIT,2025-01-03 02:45:00,OESTE,53.62
YRD00000148,ORD000051,ENTRY,2025-01-02 23:22:00,OESTE,60.27
YRD00000149,ORD000051,WAIT,2025-01-03 01:49:00,OESTE,71.04
YRD00000150,ORD000051,EXIT,2025-01-03 04:21:00,OESTE,53.26
YRD00000151,ORD000041,ENTRY,2025-01-02 22:42:00,OESTE,56.7
YRD00000152,ORD000041,WAIT,2025-01-03 01:17:00,OESTE,58.21
YRD00000153,ORD000041,EXIT,2025-01-03 03:42:00,OESTE,57.32
YRD00000154,ORD000059,ENTRY,2025-01-03 01:34:00,ESTE,58.9
YRD00000155,ORD000059,WAIT,2025-01-03 03:53:00,ESTE,54.46
YRD00000156,ORD000059,EXIT,2025-01-03 06:23:00,ESTE,59.03
YRD00000157,ORD000050,ENTRY,2025-01-03 01:18:00,OESTE,57.52
YRD00000158,ORD000050,WAIT,2025-01-03 03:13:00,OESTE,55.55
YRD00000159,ORD000050,EXIT,2025-01-03 05:51:00,OESTE,47.15
YRD00000160,ORD000061,ENTRY,2025-01-03 01:54:00,OESTE,64.21
YRD00000161,ORD000061,WAIT,2025-01-03 04:06:00,OESTE,67.6
YRD00000162,ORD000061,EXIT,2025-01-03 05:07:00,OESTE,48.93
YRD00000163,ORD000038,ENTRY,2025-01-03 02:54:00,NORTE,79.75
YRD00000164,ORD000038,WAIT,2025-01-03 06:00:00,NORTE,59.93
YRD00000165,ORD000038,EXIT,2025-01-03 11:14:00,NORTE,63.47
YRD00000166,ORD000039,ENTRY,2025-01-03 03:20:00,NORTE,71.75
YRD00000167,ORD000039,WAIT,2025-01-03 06:00:00,NORTE,78.32
YRD00000168,ORD000039,EXIT,2025-01-03 09:15:00,NORTE,52.91
YRD00000169,ORD000058,ENTRY,2025-01-03 03:46:00,ESTE,63.04
YRD00000170,ORD000058,WAIT,2025-01-03 06:00:00,ESTE,66.03
YRD00000171,ORD000058,EXIT,2025-01-03 09:46:00,ESTE,69.24
YRD00000172,ORD000064,ENTRY,2025-01-03 04:16:00,NORTE,63.35
YRD00000173,ORD000064,WAIT,2025-01-03 06:43:00,NORTE,59.62
YRD00000174,ORD000064,EXIT,2025-01-03 08:06:00,NORTE,52.39
YRD00000175,ORD000056,ENTRY,2025-01-03 05:49:00,SUR,59.81
YRD00000176,ORD000056,WAIT,2025-01-03 08:19:00,SUR,63.53
YRD00000177,ORD000056,EXIT,2025-01-03 11:40:00,SUR,38.0
YRD00000178,ORD000055,ENTRY,2025-01-03 05:56:00,ESTE,52.02
YRD00000179,ORD000055,WAIT,2025-01-03 08:32:00,ESTE,73.31
YRD00000180,ORD000055,EXIT,2025-01-03 09:59:00,ESTE,66.01
YRD00000181,ORD000057,ENTRY,2025-01-03 06:30:00,NORTE,70.35
YRD00000182,ORD000057,WAIT,2025-01-03 08:00:00,NORTE,88.21
YRD00000183,ORD000057,EXIT,2025-01-03 11:07:00,NORTE,62.38
YRD00000184,ORD000048,ENTRY,2025-01-03 06:42:00,OESTE,75.87
YRD00000185,ORD000048,WAIT,2025-01-03 09:23:00,OESTE,56.78
YRD00000186,ORD000048,EXIT,2025-01-03 11:06:00,OESTE,59.7
YRD00000187,ORD000063,ENTRY,2025-01-03 06:59:00,ESTE,58.44
YRD00000188,ORD000063,WAIT,2025-01-03 09:01:00,ESTE,65.19
YRD00000189,ORD000063,EXIT,2025-01-03 09:54:00,ESTE,55.96
YRD00000190,ORD000044,ENTRY,2025-01-03 07:32:00,OESTE,56.12
YRD00000191,ORD000044,WAIT,2025-01-03 09:03:00,OESTE,71.63
YRD00000192,ORD000044,EXIT,2025-01-03 13:27:00,OESTE,43.19
YRD00000193,ORD000045,ENTRY,2025-01-03 08:30:00,SUR,63.3
YRD00000194,ORD000045,WAIT,2025-01-03 09:17:00,SUR,62.08
YRD00000195,ORD000045,EXIT,2025-01-03 12:34:00,SUR,52.7
YRD00000196,ORD000060,ENTRY,2025-01-03 09:47:00,NORTE,65.6
YRD00000197,ORD000060,WAIT,2025-01-03 10:20:00,NORTE,63.93
YRD00000198,ORD000060,EXIT,2025-01-03 13:26:00,NORTE,78.12
YRD00000199,ORD000043,ENTRY,2025-01-03 09:36:00,SUR,71.52
YRD00000200,ORD000043,WAIT,2025-01-03 11:37:00,SUR,63.55
YRD00000201,ORD000043,EXIT,2025-01-03 14:57:00,SUR,52.81
YRD00000202,ORD000054,ENTRY,2025-01-03 10:32:00,NORTE,66.72
YRD00000203,ORD000054,WAIT,2025-01-03 11:21:00,NORTE,76.87
YRD00000204,ORD000054,EXIT,2025-01-03 15:20:00,NORTE,54.2
YRD00000205,ORD000085,ENTRY,2025-01-03 10:45:00,ESTE,58.5
YRD00000206,ORD000085,WAIT,2025-01-03 13:05:00,ESTE,63.01
YRD00000207,ORD000085,EXIT,2025-01-03 15:59:00,ESTE,49.01
YRD00000208,ORD000071,ENTRY,2025-01-03 11:24:00,SUR,66.91
YRD00000209,ORD000071,WAIT,2025-01-03 12:32:00,SUR,67.07
YRD00000210,ORD000071,EXIT,2025-01-03 15:00:00,SUR,58.6
YRD00000211,ORD000052,ENTRY,2025-01-03 12:25:00,SUR,60.76
YRD00000212,ORD000052,WAIT,2025-01-03 14:26:00,SUR,68.59
YRD00000213,ORD000052,EXIT,2025-01-03 17:08:00,SUR,73.52
YRD00000214,ORD000042,ENTRY,2025-01-03 13:37:00,NORTE,68.25
YRD00000215,ORD000042,WAIT,2025-01-03 14:53:00,NORTE,81.82
YRD00000216,ORD000042,EXIT,2025-01-03 18:31:00,NORTE,62.05
YRD00000217,ORD000100,ENTRY,2025-01-03 14:33:00,NORTE,72.72
YRD00000218,ORD000100,WAIT,2025-01-03 15:23:00,NORTE,67.06
YRD00000219,ORD000100,EXIT,2025-01-03 17:03:00,NORTE,59.1
YRD00000220,ORD000095,ENTRY,2025-01-03 14:32:00,ESTE,60.3
YRD00000221,ORD000095,WAIT,2025-01-03 16:39:00,ESTE,78.97
YRD00000222,ORD000095,EXIT,2025-01-03 19:30:00,ESTE,57.48
YRD00000223,ORD000090,ENTRY,2025-01-03 14:59:00,SUR,62.69
YRD00000224,ORD000090,WAIT,2025-01-03 17:25:00,SUR,70.51
YRD00000225,ORD000090,EXIT,2025-01-03 19:14:00,SUR,61.56
YRD00000226,ORD000103,ENTRY,2025-01-03 14:19:00,ESTE,68.78
YRD00000227,ORD000103,WAIT,2025-01-03 15:15:00,ESTE,64.52
YRD00000228,ORD000103,EXIT,2025-01-03 18:36:00,ESTE,67.58
YRD00000229,ORD000072,ENTRY,2025-01-03 15:45:00,ESTE,49.7
YRD00000230,ORD000072,WAIT,2025-01-03 17:07:00,ESTE,61.89
YRD00000231,ORD000072,EXIT,2025-01-03 19:58:00,ESTE,48.75
YRD00000232,ORD000081,ENTRY,2025-01-03 15:41:00,NORTE,57.48
YRD00000233,ORD000081,WAIT,2025-01-03 17:10:00,NORTE,69.06
YRD00000234,ORD000081,EXIT,2025-01-03 19:46:00,NORTE,47.93
YRD00000235,ORD000091,ENTRY,2025-01-03 16:14:00,OESTE,63.59
YRD00000236,ORD000091,WAIT,2025-01-03 17:01:00,OESTE,66.54
YRD00000237,ORD000091,EXIT,2025-01-03 22:51:00,OESTE,58.31
YRD00000238,ORD000078,ENTRY,2025-01-03 16:37:00,NORTE,66.5
YRD00000239,ORD000078,WAIT,2025-01-03 18:05:00,NORTE,66.44
YRD00000240,ORD000078,EXIT,2025-01-03 20:27:00,NORTE,61.47
YRD00000241,ORD000089,ENTRY,2025-01-03 17:52:00,OESTE,64.88
YRD00000242,ORD000089,WAIT,2025-01-03 19:52:00,OESTE,68.43
YRD00000243,ORD000089,EXIT,2025-01-03 19:59:00,OESTE,70.91
YRD00000244,ORD000097,ENTRY,2025-01-03 17:23:00,NORTE,68.52
YRD00000245,ORD000097,WAIT,2025-01-03 18:32:00,NORTE,65.29
YRD00000246,ORD000097,EXIT,2025-01-03 20:33:00,NORTE,80.67
YRD00000247,ORD000074,ENTRY,2025-01-03 18:28:00,ESTE,74.25
YRD00000248,ORD000074,WAIT,2025-01-03 21:11:00,ESTE,55.33
YRD00000249,ORD000074,EXIT,2025-01-03 21:37:00,ESTE,57.02
YRD00000250,ORD000084,ENTRY,2025-01-03 18:41:00,NORTE,57.27
YRD00000251,ORD000084,WAIT,2025-01-03 21:22:00,NORTE,71.63
YRD00000252,ORD000084,EXIT,2025-01-04 00:25:00,NORTE,56.15
YRD00000253,ORD000098,ENTRY,2025-01-03 18:49:00,ESTE,69.77
YRD00000254,ORD000098,WAIT,2025-01-03 21:12:00,ESTE,75.54
YRD00000255,ORD000098,EXIT,2025-01-04 00:16:00,ESTE,63.97
YRD00000256,ORD000080,ENTRY,2025-01-03 20:57:00,NORTE,73.22
YRD00000257,ORD000080,WAIT,2025-01-04 06:00:00,NORTE,85.07
YRD00000258,ORD000080,EXIT,2025-01-04 08:02:00,NORTE,63.67
YRD00000259,ORD000092,ENTRY,2025-01-03 20:35:00,OESTE,68.8
YRD00000260,ORD000092,WAIT,2025-01-03 23:00:00,OESTE,65.71
YRD00000261,ORD000092,EXIT,2025-01-04 01:05:00,OESTE,73.47
YRD00000262,ORD000099,ENTRY,2025-01-03 21:11:00,SUR,65.09
YRD00000263,ORD000099,WAIT,2025-01-03 22:30:00,SUR,53.65
YRD00000264,ORD000099,EXIT,2025-01-04 00:44:00,SUR,46.31
YRD00000265,ORD000076,ENTRY,2025-01-03 21:11:00,NORTE,63.96
YRD00000266,ORD000076,WAIT,2025-01-04 06:00:00,NORTE,75.42
YRD00000267,ORD000076,EXIT,2025-01-04 08:39:00,NORTE,74.03
YRD00000268,ORD000083,ENTRY,2025-01-03 22:00:00,OESTE,63.76
YRD00000269,ORD000083,WAIT,2025-01-03 22:52:00,OESTE,48.01
YRD00000270,ORD000083,EXIT,2025-01-04 04:31:00,OESTE,73.02
YRD00000271,ORD000086,ENTRY,2025-01-03 22:24:00,OESTE,79.66
YRD00000272,ORD000086,WAIT,2025-01-04 06:00:00,OESTE,76.72
YRD00000273,ORD000086,EXIT,2025-01-04 09:31:00,OESTE,76.05
YRD00000274,ORD000079,ENTRY,2025-01-03 22:41:00,NORTE,55.55
YRD00000275,ORD000079,WAIT,2025-01-03 23:48:00,NORTE,59.26
YRD00000276,ORD000079,EXIT,2025-01-04 01:48:00,NORTE,65.19
YRD00000277,ORD000075,ENTRY,2025-01-03 23:59:00,NORTE,61.05
YRD00000278,ORD000075,WAIT,2025-01-04 01:50:00,NORTE,75.67
YRD00000279,ORD000075,EXIT,2025-01-04 04:16:00,NORTE,64.6
YRD00000280,ORD000082,ENTRY,2025-01-04 00:01:00,ESTE,59.19
YRD00000281,ORD000082,WAIT,2025-01-04 00:58:00,ESTE,60.31
YRD00000282,ORD000082,EXIT,2025-01-04 05:45:00,ESTE,72.32
YRD00000283,ORD000101,ENTRY,2025-01-04 02:17:00,OESTE,73.02
YRD00000284,ORD000101,WAIT,2025-01-04 06:00:00,OESTE,76.52
YRD00000285,ORD000101,EXIT,2025-01-04 08:49:00,OESTE,68.56
YRD00000286,ORD000105,ENTRY,2025-01-04 02:15:00,SUR,54.47
YRD00000287,ORD000105,WAIT,2025-01-04 06:00:00,SUR,87.06
YRD00000288,ORD000105,EXIT,2025-01-04 09:39:00,SUR,71.71
YRD00000289,ORD000104,ENTRY,2025-01-04 02:14:00,ESTE,62.04
YRD00000290,ORD000104,WAIT,2025-01-04 03:05:00,ESTE,74.03
YRD00000291,ORD000104,EXIT,2025-01-04 05:02:00,ESTE,63.79
YRD00000292,ORD000094,ENTRY,2025-01-04 04:03:00,SUR,69.2
YRD00000293,ORD000094,WAIT,2025-01-04 05:09:00,SUR,66.38
YRD00000294,ORD000094,EXIT,2025-01-04 06:58:00,SUR,65.03
YRD00000295,ORD000073,ENTRY,2025-01-04 04:17:00,SUR,63.39
YRD00000296,ORD000073,WAIT,2025-01-04 06:28:00,SUR,78.48
YRD00000297,ORD000073,EXIT,2025-01-04 09:54:00,SUR,75.77
YRD00000298,ORD000102,ENTRY,2025-01-04 04:04:00,NORTE,62.76
YRD00000299,ORD000102,WAIT,2025-01-04 06:15:00,NORTE,74.98
YRD00000300,ORD000102,EXIT,2025-01-04 09:55:00,NORTE,67.92
YRD00000301,ORD000096,ENTRY,2025-01-04 03:44:00,SUR,64.01
YRD00000302,ORD000096,WAIT,2025-01-04 05:54:00,SUR,67.52
YRD00000303,ORD000096,EXIT,2025-01-04 09:22:00,SUR,70.09
YRD00000304,ORD000077,ENTRY,2025-01-04 03:26:00,NORTE,71.83
YRD00000305,ORD000077,WAIT,2025-01-04 05:37:00,NORTE,75.75
YRD00000306,ORD000077,EXIT,2025-01-04 08:17:00,NORTE,74.25
YRD00000307,ORD000087,ENTRY,2025-01-04 07:17:00,ESTE,65.53
YRD00000308,ORD000087,WAIT,2025-01-04 09:15:00,ESTE,67.08
YRD00000309,ORD000087,EXIT,2025-01-04 11:49:00,ESTE,54.03
YRD00000310,ORD000088,ENTRY,2025-01-04 08:39:00,SUR,77.17
YRD00000311,ORD000088,WAIT,2025-01-04 10:02:00,SUR,59.88
YRD00000312,ORD000088,EXIT,2025-01-04 12:19:00,SUR,63.58
YRD00000313,ORD000093,ENTRY,2025-01-04 10:18:00,NORTE,65.95
YRD00000314,ORD000093,WAIT,2025-01-04 11:26:00,NORTE,74.15
YRD00000315,ORD000093,EXIT,2025-01-04 17:21:00,NORTE,49.64
YRD00000316,ORD000119,ENTRY,2025-01-04 10:35:00,SUR,58.52
YRD00000317,ORD000119,WAIT,2025-01-04 12:39:00,SUR,64.81
YRD00000318,ORD000119,EXIT,2025-01-04 16:57:00,SUR,55.44
YRD00000319,ORD000123,ENTRY,2025-01-04 11:26:00,NORTE,63.74
YRD00000320,ORD000123,WAIT,2025-01-04 13:16:00,NORTE,69.99
YRD00000321,ORD000123,EXIT,2025-01-04 16:21:00,NORTE,63.94
YRD00000322,ORD000127,ENTRY,2025-01-04 12:10:00,ESTE,67.26
YRD00000323,ORD000127,WAIT,2025-01-04 14:04:00,ESTE,87.49
YRD00000324,ORD000127,EXIT,2025-01-04 17:34:00,ESTE,54.47
YRD00000325,ORD000112,ENTRY,2025-01-04 13:55:00,NORTE,79.82
YRD00000326,ORD000112,WAIT,2025-01-04 15:14:00,NORTE,76.33
YRD00000327,ORD000112,EXIT,2025-01-04 17:53:00,NORTE,77.97
YRD00000328,ORD000115,ENTRY,2025-01-04 13:53:00,NORTE,69.53
YRD00000329,ORD000115,WAIT,2025-01-04 15:34:00,NORTE,62.23
YRD00000330,ORD000115,EXIT,2025-01-04 19:24:00,NORTE,64.76
YRD00000331,ORD000109,ENTRY,2025-01-04 15:01:00,NORTE,61.76
YRD00000332,ORD000109,WAIT,2025-01-04 17:33:00,NORTE,60.49
YRD00000333,ORD000109,EXIT,2025-01-04 18:17:00,NORTE,61.52
YRD00000334,ORD000120,ENTRY,2025-01-04 16:24:00,NORTE,73.07
YRD00000335,ORD000120,WAIT,2025-01-04 17:19:00,NORTE,79.65
YRD00000336,ORD000120,EXIT,2025-01-04 21:24:00,NORTE,71.1
YRD00000337,ORD000107,ENTRY,2025-01-04 16:46:00,ESTE,73.22
YRD00000338,ORD000107,WAIT,2025-01-04 18:34:00,ESTE,77.73
YRD00000339,ORD000107,EXIT,2025-01-04 21:12:00,ESTE,57.51
YRD00000340,ORD000139,ENTRY,2025-01-04 18:05:00,NORTE,59.75
YRD00000341,ORD000139,WAIT,2025-01-04 19:50:00,NORTE,74.31
YRD00000342,ORD000139,EXIT,2025-01-04 23:57:00,NORTE,72.41
YRD00000343,ORD000135,ENTRY,2025-01-04 18:04:00,OESTE,72.62
YRD00000344,ORD000135,WAIT,2025-01-04 20:12:00,OESTE,76.94
YRD00000345,ORD000135,EXIT,2025-01-04 23:31:00,OESTE,57.73
YRD00000346,ORD000130,ENTRY,2025-01-04 18:35:00,OESTE,46.49
YRD00000347,ORD000130,WAIT,2025-01-04 20:03:00,OESTE,65.78
YRD00000348,ORD000130,EXIT,2025-01-05 00:10:00,OESTE,62.75
YRD00000349,ORD000108,ENTRY,2025-01-04 19:33:00,SUR,67.32
YRD00000350,ORD000108,WAIT,2025-01-04 22:02:00,SUR,80.45
YRD00000351,ORD000108,EXIT,2025-01-05 00:38:00,SUR,63.16
YRD00000352,ORD000138,ENTRY,2025-01-04 20:16:00,OESTE,61.65
YRD00000353,ORD000138,WAIT,2025-01-04 22:35:00,OESTE,74.2
YRD00000354,ORD000138,EXIT,2025-01-05 01:06:00,OESTE,47.36
YRD00000355,ORD000126,ENTRY,2025-01-04 22:07:00,NORTE,78.0
YRD00000356,ORD000126,WAIT,2025-01-04 23:59:00,NORTE,71.38
YRD00000357,ORD000126,EXIT,2025-01-05 02:26:00,NORTE,56.48
YRD00000358,ORD000125,ENTRY,2025-01-04 23:00:00,NORTE,58.25
YRD00000359,ORD000125,WAIT,2025-01-05 06:00:00,NORTE,83.17
YRD00000360,ORD000125,EXIT,2025-01-05 09:21:00,NORTE,58.87
YRD00000361,ORD000133,ENTRY,2025-01-04 22:23:00,NORTE,82.2
YRD00000362,ORD000133,WAIT,2025-01-05 01:12:00,NORTE,66.9
YRD00000363,ORD000133,EXIT,2025-01-05 05:07:00,NORTE,66.92
YRD00000364,ORD000121,ENTRY,2025-01-04 22:48:00,ESTE,66.5
YRD00000365,ORD000121,WAIT,2025-01-05 06:00:00,ESTE,78.83
YRD00000366,ORD000121,EXIT,2025-01-05 09:20:00,ESTE,66.38
YRD00000367,ORD000114,ENTRY,2025-01-04 23:15:00,SUR,61.86
YRD00000368,ORD000114,WAIT,2025-01-05 01:39:00,SUR,70.65
YRD00000369,ORD000114,EXIT,2025-01-05 01:34:00,SUR,61.67
YRD00000370,ORD000116,ENTRY,2025-01-05 00:14:00,ESTE,64.61
YRD00000371,ORD000116,WAIT,2025-01-05 01:33:00,ESTE,69.3
YRD00000372,ORD000116,EXIT,2025-01-05 05:31:00,ESTE,73.57
YRD00000373,ORD000118,ENTRY,2025-01-05 00:37:00,OESTE,75.8
YRD00000374,ORD000118,WAIT,2025-01-05 06:00:00,OESTE,73.36
YRD00000375,ORD000118,EXIT,2025-01-05 08:39:00,OESTE,71.11
YRD00000376,ORD000113,ENTRY,2025-01-05 00:47:00,ESTE,75.09
YRD00000377,ORD000113,WAIT,2025-01-05 06:00:00,ESTE,81.22
YRD00000378,ORD000113,EXIT,2025-01-05 08:29:00,ESTE,73.28
YRD00000379,ORD000137,ENTRY,2025-01-05 02:20:00,NORTE,58.69
YRD00000380,ORD000137,WAIT,2025-01-05 04:09:00,NORTE,74.4
YRD00000381,ORD000137,EXIT,2025-01-05 06:17:00,NORTE,58.95
YRD00000382,ORD000136,ENTRY,2025-01-05 03:26:00,SUR,78.08
YRD00000383,ORD000136,WAIT,2025-01-05 05:07:00,SUR,64.94
YRD00000384,ORD000136,EXIT,2025-01-05 08:58:00,SUR,52.19
YRD00000385,ORD000134,ENTRY,2025-01-05 02:39:00,NORTE,69.87
YRD00000386,ORD000134,WAIT,2025-01-05 05:19:00,NORTE,62.15
YRD00000387,ORD000134,EXIT,2025-01-05 08:06:00,NORTE,43.32
YRD00000388,ORD000124,ENTRY,2025-01-05 02:36:00,SUR,76.35
YRD00000389,ORD000124,WAIT,2025-01-05 04:18:00,SUR,78.75
YRD00000390,ORD000124,EXIT,2025-01-05 07:40:00,SUR,76.34
YRD00000391,ORD000110,ENTRY,2025-01-05 02:57:00,ESTE,62.05
YRD00000392,ORD000110,WAIT,2025-01-05 05:07:00,ESTE,70.37
YRD00000393,ORD000110,EXIT,2025-01-05 06:47:00,ESTE,56.89
YRD00000394,ORD000131,ENTRY,2025-01-05 03:17:00,SUR,73.61
YRD00000395,ORD000131,WAIT,2025-01-05 04:31:00,SUR,67.34
YRD00000396,ORD000131,EXIT,2025-01-05 09:19:00,SUR,74.14
YRD00000397,ORD000140,ENTRY,2025-01-05 03:29:00,SUR,75.79
YRD00000398,ORD000140,WAIT,2025-01-05 06:00:00,SUR,82.16
YRD00000399,ORD000140,EXIT,2025-01-05 10:06:00,SUR,76.57
YRD00000400,ORD000117,ENTRY,2025-01-05 04:13:00,ESTE,74.74
YRD00000401,ORD000117,WAIT,2025-01-05 06:00:00,ESTE,85.8
YRD00000402,ORD000117,EXIT,2025-01-05 09:40:00,ESTE,68.17
YRD00000403,ORD000111,ENTRY,2025-01-05 04:38:00,NORTE,59.5
YRD00000404,ORD000111,WAIT,2025-01-05 06:28:00,NORTE,56.6
YRD00000405,ORD000111,EXIT,2025-01-05 10:20:00,NORTE,69.26
YRD00000406,ORD000106,ENTRY,2025-01-05 04:49:00,NORTE,70.16
YRD00000407,ORD000106,WAIT,2025-01-05 05:45:00,NORTE,77.0
YRD00000408,ORD000106,EXIT,2025-01-05 09:24:00,NORTE,69.32
YRD00000409,ORD000132,ENTRY,2025-01-05 09:07:00,SUR,62.12
YRD00000410,ORD000132,WAIT,2025-01-05 11:21:00,SUR,75.41
YRD00000411,ORD000132,EXIT,2025-01-05 14:43:00,SUR,65.59
YRD00000412,ORD000129,ENTRY,2025-01-05 10:14:00,NORTE,78.83
YRD00000413,ORD000129,WAIT,2025-01-05 11:37:00,NORTE,74.53
YRD00000414,ORD000129,EXIT,2025-01-05 15:23:00,NORTE,63.66
YRD00000415,ORD000148,ENTRY,2025-01-05 11:00:00,ESTE,69.59
YRD00000416,ORD000148,WAIT,2025-01-05 12:11:00,ESTE,71.61
YRD00000417,ORD000148,EXIT,2025-01-05 15:23:00,ESTE,64.96
YRD00000418,ORD000128,ENTRY,2025-01-05 11:40:00,ESTE,81.23
YRD00000419,ORD000128,WAIT,2025-01-05 13:22:00,ESTE,73.32
YRD00000420,ORD000128,EXIT,2025-01-05 16:28:00,ESTE,78.16
YRD00000421,ORD000155,ENTRY,2025-01-05 12:03:00,NORTE,74.54
YRD00000422,ORD000155,WAIT,2025-01-05 13:56:00,NORTE,75.61
YRD00000423,ORD000155,EXIT,2025-01-05 15:55:00,NORTE,57.1
YRD00000424,ORD000151,ENTRY,2025-01-05 14:03:00,SUR,81.32
YRD00000425,ORD000151,WAIT,2025-01-05 14:54:00,SUR,77.58
YRD00000426,ORD000151,EXIT,2025-01-05 18:07:00,SUR,73.03
YRD00000427,ORD000122,ENTRY,2025-01-05 13:57:00,NORTE,69.2
YRD00000428,ORD000122,WAIT,2025-01-05 15:43:00,NORTE,88.44
YRD00000429,ORD000122,EXIT,2025-01-05 20:00:00,NORTE,64.11
YRD00000430,ORD000172,ENTRY,2025-01-05 14:20:00,OESTE,72.95
YRD00000431,ORD000172,WAIT,2025-01-05 16:08:00,OESTE,67.63
YRD00000432,ORD000172,EXIT,2025-01-05 19:42:00,OESTE,73.46
YRD00000433,ORD000147,ENTRY,2025-01-05 15:20:00,SUR,67.06
YRD00000434,ORD000147,WAIT,2025-01-05 16:52:00,SUR,70.83
YRD00000435,ORD000147,EXIT,2025-01-05 19:57:00,SUR,68.16
YRD00000436,ORD000167,ENTRY,2025-01-05 16:50:00,OESTE,79.75
YRD00000437,ORD000167,WAIT,2025-01-05 17:45:00,OESTE,67.99
YRD00000438,ORD000167,EXIT,2025-01-05 21:40:00,OESTE,75.73
YRD00000439,ORD000171,ENTRY,2025-01-05 17:14:00,NORTE,71.82
YRD00000440,ORD000171,WAIT,2025-01-05 18:16:00,NORTE,68.44
YRD00000441,ORD000171,EXIT,2025-01-05 22:19:00,NORTE,59.77
YRD00000442,ORD000152,ENTRY,2025-01-05 17:17:00,SUR,76.85
YRD00000443,ORD000152,WAIT,2025-01-05 19:02:00,SUR,63.56
YRD00000444,ORD000152,EXIT,2025-01-05 21:48:00,SUR,72.1
YRD00000445,ORD000163,ENTRY,2025-01-05 16:39:00,SUR,80.34
YRD00000446,ORD000163,WAIT,2025-01-05 17:51:00,SUR,80.57
YRD00000447,ORD000163,EXIT,2025-01-05 21:20:00,SUR,63.47
YRD00000448,ORD000156,ENTRY,2025-01-05 17:07:00,SUR,66.97
YRD00000449,ORD000156,WAIT,2025-01-05 19:38:00,SUR,66.42
YRD00000450,ORD000156,EXIT,2025-01-05 22:13:00,SUR,89.78
YRD00000451,ORD000166,ENTRY,2025-01-05 19:30:00,NORTE,75.55
YRD00000452,ORD000166,WAIT,2025-01-05 21:20:00,NORTE,74.21
YRD00000453,ORD000166,EXIT,2025-01-06 08:53:00,NORTE,78.87
YRD00000454,ORD000154,ENTRY,2025-01-05 19:35:00,NORTE,61.46
YRD00000455,ORD000154,WAIT,2025-01-05 21:32:00,NORTE,79.91
YRD00000456,ORD000154,EXIT,2025-01-06 00:06:00,NORTE,54.01
YRD00000457,ORD000170,ENTRY,2025-01-05 19:59:00,OESTE,78.81
YRD00000458,ORD000170,WAIT,2025-01-05 22:43:00,OESTE,86.18
YRD00000459,ORD000170,EXIT,2025-01-06 01:04:00,OESTE,76.95
YRD00000460,ORD000173,ENTRY,2025-01-05 22:40:00,SUR,57.62
YRD00000461,ORD000173,WAIT,2025-01-06 00:12:00,SUR,73.06
YRD00000462,ORD000173,EXIT,2025-01-06 04:37:00,SUR,65.26
YRD00000463,ORD000169,ENTRY,2025-01-05 22:29:00,ESTE,69.29
YRD00000464,ORD000169,WAIT,2025-01-06 00:49:00,ESTE,78.24
YRD00000465,ORD000169,EXIT,2025-01-06 03:15:00,ESTE,64.42
YRD00000466,ORD000153,ENTRY,2025-01-06 00:20:00,OESTE,66.18
YRD00000467,ORD000153,WAIT,2025-01-06 06:00:00,OESTE,85.95
YRD00000468,ORD000153,EXIT,2025-01-06 08:17:00,OESTE,66.71
YRD00000469,ORD000168,ENTRY,2025-01-05 23:57:00,OESTE,63.35
YRD00000470,ORD000168,WAIT,2025-01-06 02:31:00,OESTE,60.16
YRD00000471,ORD000168,EXIT,2025-01-06 04:30:00,OESTE,77.24
YRD00000472,ORD000144,ENTRY,2025-01-06 01:07:00,OESTE,81.75
YRD00000473,ORD000144,WAIT,2025-01-06 06:00:00,OESTE,75.11
YRD00000474,ORD000144,EXIT,2025-01-06 08:02:00,OESTE,64.96
YRD00000475,ORD000175,ENTRY,2025-01-06 02:25:00,SUR,56.11
YRD00000476,ORD000175,WAIT,2025-01-06 04:23:00,SUR,89.82
YRD00000477,ORD000175,EXIT,2025-01-06 07:30:00,SUR,63.69
YRD00000478,ORD000160,ENTRY,2025-01-06 02:43:00,OESTE,72.77
YRD00000479,ORD000160,WAIT,2025-01-06 03:33:00,OESTE,68.97
YRD00000480,ORD000160,EXIT,2025-01-06 07:55:00,OESTE,57.11
YRD00000481,ORD000143,ENTRY,2025-01-06 03:31:00,ESTE,87.41
YRD00000482,ORD000143,WAIT,2025-01-06 06:00:00,ESTE,68.84
YRD00000483,ORD000143,EXIT,2025-01-06 10:30:00,ESTE,61.37
YRD00000484,ORD000158,ENTRY,2025-01-06 04:19:00,ESTE,80.28
YRD00000485,ORD000158,WAIT,2025-01-06 06:17:00,ESTE,80.69
YRD00000486,ORD000158,EXIT,2025-01-06 10:37:00,ESTE,82.46
YRD00000487,ORD000145,ENTRY,2025-01-06 04:27:00,ESTE,83.01
YRD00000488,ORD000145,WAIT,2025-01-06 06:36:00,ESTE,85.43
YRD00000489,ORD000145,EXIT,2025-01-06 08:25:00,ESTE,72.17
YRD00000490,ORD000159,ENTRY,2025-01-06 05:58:00,ESTE,77.34
YRD00000491,ORD000159,WAIT,2025-01-06 06:11:00,ESTE,79.02
YRD00000492,ORD000159,EXIT,2025-01-06 10:50:00,ESTE,71.34
YRD00000493,ORD000149,ENTRY,2025-01-06 07:47:00,NORTE,78.1
YRD00000494,ORD000149,WAIT,2025-01-06 08:52:00,NORTE,91.31
YRD00000495,ORD000149,EXIT,2025-01-06 12:47:00,NORTE,77.66
YRD00000496,ORD000146,ENTRY,2025-01-06 09:02:00,OESTE,76.62
YRD00000497,ORD000146,WAIT,2025-01-06 11:30:00,OESTE,71.01
YRD00000498,ORD000146,EXIT,2025-01-06 13:03:00,OESTE,87.9
YRD00000499,ORD000141,ENTRY,2025-01-06 08:42:00,SUR,64.45
YRD00000500,ORD000141,WAIT,2025-01-06 10:28:00,SUR,69.78
YRD00000501,ORD000141,EXIT,2025-01-06 14:07:00,SUR,56.74
YRD00000502,ORD000157,ENTRY,2025-01-06 09:58:00,ESTE,86.44
YRD00000503,ORD000157,WAIT,2025-01-06 11:17:00,ESTE,70.04
YRD00000504,ORD000157,EXIT,2025-01-06 14:02:00,ESTE,77.93
YRD00000505,ORD000208,ENTRY,2025-01-06 11:02:00,NORTE,73.05
YRD00000506,ORD000208,WAIT,2025-01-06 12:18:00,NORTE,53.68
YRD00000507,ORD000208,EXIT,2025-01-06 15:23:00,NORTE,74.39
YRD00000508,ORD000165,ENTRY,2025-01-06 10:52:00,SUR,83.43
YRD00000509,ORD000165,WAIT,2025-01-06 13:00:00,SUR,83.46
YRD00000510,ORD000165,EXIT,2025-01-06 16:25:00,SUR,69.67
YRD00000511,ORD000199,ENTRY,2025-01-06 11:41:00,OESTE,60.66
YRD00000512,ORD000199,WAIT,2025-01-06 12:31:00,OESTE,83.67
YRD00000513,ORD000199,EXIT,2025-01-06 17:57:00,OESTE,45.7
YRD00000514,ORD000162,ENTRY,2025-01-06 11:18:00,ESTE,71.81
YRD00000515,ORD000162,WAIT,2025-01-06 12:55:00,ESTE,73.61
YRD00000516,ORD000162,EXIT,2025-01-06 15:26:00,ESTE,69.31
YRD00000517,ORD000164,ENTRY,2025-01-06 12:21:00,ESTE,82.95
YRD00000518,ORD000164,WAIT,2025-01-06 13:06:00,ESTE,97.06
YRD00000519,ORD000164,EXIT,2025-01-06 15:59:00,ESTE,72.66
YRD00000520,ORD000150,ENTRY,2025-01-06 12:08:00,SUR,76.37
YRD00000521,ORD000150,WAIT,2025-01-06 14:10:00,SUR,89.73
YRD00000522,ORD000150,EXIT,2025-01-06 17:50:00,SUR,68.6
YRD00000523,ORD000142,ENTRY,2025-01-06 11:49:00,OESTE,71.47
YRD00000524,ORD000142,WAIT,2025-01-06 12:58:00,OESTE,72.74
YRD00000525,ORD000142,EXIT,2025-01-06 15:23:00,OESTE,62.46
YRD00000526,ORD000161,ENTRY,2025-01-06 12:22:00,NORTE,67.24
YRD00000527,ORD000161,WAIT,2025-01-06 13:30:00,NORTE,68.79
YRD00000528,ORD000161,EXIT,2025-01-06 18:41:00,NORTE,63.57
YRD00000529,ORD000204,ENTRY,2025-01-06 12:14:00,SUR,72.37
YRD00000530,ORD000204,WAIT,2025-01-06 13:23:00,SUR,87.0
YRD00000531,ORD000204,EXIT,2025-01-06 18:39:00,SUR,76.53
YRD00000532,ORD000174,ENTRY,2025-01-06 13:21:00,ESTE,74.77
YRD00000533,ORD000174,WAIT,2025-01-06 14:37:00,ESTE,69.81
YRD00000534,ORD000174,EXIT,2025-01-06 18:23:00,ESTE,75.65
YRD00000535,ORD000210,ENTRY,2025-01-06 12:44:00,NORTE,83.2
YRD00000536,ORD000210,WAIT,2025-01-06 14:35:00,NORTE,73.08
YRD00000537,ORD000210,EXIT,2025-01-06 17:57:00,NORTE,80.42
YRD00000538,ORD000185,ENTRY,2025-01-06 14:21:00,SUR,75.54
YRD00000539,ORD000185,WAIT,2025-01-06 17:07:00,SUR,79.33
YRD00000540,ORD000185,EXIT,2025-01-06 19:52:00,SUR,54.09
YRD00000541,ORD000190,ENTRY,2025-01-06 14:00:00,ESTE,76.85
YRD00000542,ORD000190,WAIT,2025-01-06 15:33:00,ESTE,85.13
YRD00000543,ORD000190,EXIT,2025-01-06 19:49:00,ESTE,67.92
YRD00000544,ORD000177,ENTRY,2025-01-06 16:07:00,ESTE,74.71
YRD00000545,ORD000177,WAIT,2025-01-06 17:14:00,ESTE,73.72
YRD00000546,ORD000177,EXIT,2025-01-06 22:37:00,ESTE,73.47
YRD00000547,ORD000183,ENTRY,2025-01-06 20:23:00,OESTE,78.54
YRD00000548,ORD000183,WAIT,2025-01-06 22:47:00,OESTE,76.07
YRD00000549,ORD000183,EXIT,2025-01-06 23:10:00,OESTE,60.78
YRD00000550,ORD000182,ENTRY,2025-01-06 20:30:00,NORTE,65.16
YRD00000551,ORD000182,WAIT,2025-01-06 21:30:00,NORTE,70.09
YRD00000552,ORD000182,EXIT,2025-01-07 01:48:00,NORTE,58.57
YRD00000553,ORD000198,ENTRY,2025-01-06 19:48:00,NORTE,77.06
YRD00000554,ORD000198,WAIT,2025-01-06 21:08:00,NORTE,99.0
YRD00000555,ORD000198,EXIT,2025-01-07 00:36:00,NORTE,55.84
YRD00000556,ORD000197,ENTRY,2025-01-06 19:48:00,OESTE,69.41
YRD00000557,ORD000197,WAIT,2025-01-06 20:38:00,OESTE,86.39
YRD00000558,ORD000197,EXIT,2025-01-07 00:57:00,OESTE,63.33
YRD00000559,ORD000195,ENTRY,2025-01-06 19:49:00,OESTE,71.76
YRD00000560,ORD000195,WAIT,2025-01-06 20:48:00,OESTE,69.68
YRD00000561,ORD000195,EXIT,2025-01-07 00:08:00,OESTE,63.24
YRD00000562,ORD000176,ENTRY,2025-01-06 21:58:00,OESTE,78.66
YRD00000563,ORD000176,WAIT,2025-01-07 06:00:00,OESTE,97.47
YRD00000564,ORD000176,EXIT,2025-01-07 09:17:00,OESTE,71.88
YRD00000565,ORD000186,ENTRY,2025-01-06 22:59:00,NORTE,82.91
YRD00000566,ORD000186,WAIT,2025-01-07 01:30:00,NORTE,82.16
YRD00000567,ORD000186,EXIT,2025-01-07 04:59:00,NORTE,81.41
YRD00000568,ORD000206,ENTRY,2025-01-07 01:24:00,ESTE,75.75
YRD00000569,ORD000206,WAIT,2025-01-07 06:00:00,ESTE,99.0
YRD00000570,ORD000206,EXIT,2025-01-07 10:11:00,ESTE,78.3
YRD00000571,ORD000184,ENTRY,2025-01-07 01:37:00,ESTE,66.15
YRD00000572,ORD000184,WAIT,2025-01-07 02:31:00,ESTE,80.69
YRD00000573,ORD000184,EXIT,2025-01-07 06:20:00,ESTE,72.11
YRD00000574,ORD000192,ENTRY,2025-01-07 01:50:00,OESTE,69.74
YRD00000575,ORD000192,WAIT,2025-01-07 02:38:00,OESTE,75.37
YRD00000576,ORD000192,EXIT,2025-01-07 05:57:00,OESTE,57.99
YRD00000577,ORD000178,ENTRY,2025-01-07 01:40:00,OESTE,65.86
YRD00000578,ORD000178,WAIT,2025-01-07 03:13:00,OESTE,73.82
YRD00000579,ORD000178,EXIT,2025-01-07 06:06:00,OESTE,68.1
YRD00000580,ORD000196,ENTRY,2025-01-07 02:52:00,NORTE,78.85
YRD00000581,ORD000196,WAIT,2025-01-07 06:00:00,NORTE,80.05
YRD00000582,ORD000196,EXIT,2025-01-07 10:05:00,NORTE,80.4
YRD00000583,ORD000202,ENTRY,2025-01-07 03:37:00,ESTE,74.52
YRD00000584,ORD000202,WAIT,2025-01-07 05:20:00,ESTE,79.03
YRD00000585,ORD000202,EXIT,2025-01-07 08:54:00,ESTE,61.72
YRD00000586,ORD000207,ENTRY,2025-01-07 05:25:00,SUR,66.9
YRD00000587,ORD000207,WAIT,2025-01-07 07:13:00,SUR,69.16
YRD00000588,ORD000207,EXIT,2025-01-07 10:25:00,SUR,67.45
YRD00000589,ORD000203,ENTRY,2025-01-07 06:03:00,OESTE,76.26
YRD00000590,ORD000203,WAIT,2025-01-07 07:44:00,OESTE,73.39
YRD00000591,ORD000203,EXIT,2025-01-07 11:31:00,OESTE,76.92
YRD00000592,ORD000194,ENTRY,2025-01-07 07:00:00,OESTE,73.61
YRD00000593,ORD000194,WAIT,2025-01-07 09:54:00,OESTE,74.92
YRD00000594,ORD000194,EXIT,2025-01-07 14:03:00,OESTE,97.0
YRD00000595,ORD000209,ENTRY,2025-01-07 07:16:00,NORTE,77.07
YRD00000596,ORD000209,WAIT,2025-01-07 09:04:00,NORTE,75.18
YRD00000597,ORD000209,EXIT,2025-01-07 12:37:00,NORTE,73.27
YRD00000598,ORD000191,ENTRY,2025-01-07 07:44:00,ESTE,77.04
YRD00000599,ORD000191,WAIT,2025-01-07 10:30:00,ESTE,72.35
YRD00000600,ORD000191,EXIT,2025-01-07 10:59:00,ESTE,81.91
YRD00000601,ORD000205,ENTRY,2025-01-07 09:07:00,ESTE,70.69
YRD00000602,ORD000205,WAIT,2025-01-07 11:36:00,ESTE,73.47
YRD00000603,ORD000205,EXIT,2025-01-07 15:46:00,ESTE,55.94
YRD00000604,ORD000189,ENTRY,2025-01-07 09:28:00,NORTE,75.85
YRD00000605,ORD000189,WAIT,2025-01-07 10:34:00,NORTE,91.91
YRD00000606,ORD000189,EXIT,2025-01-07 15:24:00,NORTE,62.05
YRD00000607,ORD000181,ENTRY,2025-01-07 09:53:00,ESTE,71.32
YRD00000608,ORD000181,WAIT,2025-01-07 12:29:00,ESTE,74.94
YRD00000609,ORD000181,EXIT,2025-01-07 14:50:00,ESTE,62.36
YRD00000610,ORD000200,ENTRY,2025-01-07 10:18:00,ESTE,77.36
YRD00000611,ORD000200,WAIT,2025-01-07 11:23:00,ESTE,61.85
YRD00000612,ORD000200,EXIT,2025-01-07 16:45:00,ESTE,63.21
YRD00000613,ORD000188,ENTRY,2025-01-07 10:23:00,OESTE,83.76
YRD00000614,ORD000188,WAIT,2025-01-07 12:05:00,OESTE,94.65
YRD00000615,ORD000188,EXIT,2025-01-07 15:02:00,OESTE,78.97
YRD00000616,ORD000232,ENTRY,2025-01-07 10:29:00,OESTE,52.99
YRD00000617,ORD000232,WAIT,2025-01-07 11:32:00,OESTE,76.4
YRD00000618,ORD000232,EXIT,2025-01-07 16:40:00,OESTE,65.94
YRD00000619,ORD000179,ENTRY,2025-01-07 09:41:00,OESTE,75.71
YRD00000620,ORD000179,WAIT,2025-01-07 10:54:00,OESTE,79.67
YRD00000621,ORD000179,EXIT,2025-01-07 15:50:00,OESTE,70.07
YRD00000622,ORD000193,ENTRY,2025-01-07 11:05:00,NORTE,69.13
YRD00000623,ORD000193,WAIT,2025-01-07 12:26:00,NORTE,75.14
YRD00000624,ORD000193,EXIT,2025-01-07 15:06:00,NORTE,62.0
YRD00000625,ORD000187,ENTRY,2025-01-07 11:29:00,NORTE,74.17
YRD00000626,ORD000187,WAIT,2025-01-07 13:24:00,NORTE,87.41
YRD00000627,ORD000187,EXIT,2025-01-07 16:39:00,NORTE,80.33
YRD00000628,ORD000243,ENTRY,2025-01-07 12:04:00,SUR,79.07
YRD00000629,ORD000243,WAIT,2025-01-07 14:42:00,SUR,76.28
YRD00000630,ORD000243,EXIT,2025-01-07 16:58:00,SUR,57.67
YRD00000631,ORD000180,ENTRY,2025-01-07 12:27:00,OESTE,73.35
YRD00000632,ORD000180,WAIT,2025-01-07 14:05:00,OESTE,95.58
YRD00000633,ORD000180,EXIT,2025-01-07 18:36:00,OESTE,95.89
YRD00000634,ORD000235,ENTRY,2025-01-07 12:23:00,NORTE,64.52
YRD00000635,ORD000235,WAIT,2025-01-07 13:08:00,NORTE,58.85
YRD00000636,ORD000235,EXIT,2025-01-07 16:29:00,NORTE,68.0
YRD00000637,ORD000201,ENTRY,2025-01-07 12:48:00,NORTE,72.43
YRD00000638,ORD000201,WAIT,2025-01-07 14:26:00,NORTE,71.14
YRD00000639,ORD000201,EXIT,2025-01-07 17:33:00,NORTE,54.1
YRD00000640,ORD000237,ENTRY,2025-01-07 14:39:00,SUR,70.24
YRD00000641,ORD000237,WAIT,2025-01-07 15:33:00,SUR,84.2
YRD00000642,ORD000237,EXIT,2025-01-07 20:41:00,SUR,58.26
YRD00000643,ORD000244,ENTRY,2025-01-07 14:50:00,NORTE,71.83
YRD00000644,ORD000244,WAIT,2025-01-07 16:25:00,NORTE,64.39
YRD00000645,ORD000244,EXIT,2025-01-07 19:35:00,NORTE,91.35
YRD00000646,ORD000213,ENTRY,2025-01-07 14:41:00,NORTE,61.26
YRD00000647,ORD000213,WAIT,2025-01-07 16:01:00,NORTE,74.92
YRD00000648,ORD000213,EXIT,2025-01-07 19:50:00,NORTE,76.26
YRD00000649,ORD000239,ENTRY,2025-01-07 15:39:00,NORTE,61.54
YRD00000650,ORD000239,WAIT,2025-01-07 16:30:00,NORTE,78.77
YRD00000651,ORD000239,EXIT,2025-01-07 19:54:00,NORTE,74.02
YRD00000652,ORD000233,ENTRY,2025-01-07 16:44:00,ESTE,75.51
YRD00000653,ORD000233,WAIT,2025-01-07 18:24:00,ESTE,88.02
YRD00000654,ORD000233,EXIT,2025-01-07 21:55:00,ESTE,85.91
YRD00000655,ORD000238,ENTRY,2025-01-07 16:16:00,SUR,70.74
YRD00000656,ORD000238,WAIT,2025-01-07 18:21:00,SUR,93.83
YRD00000657,ORD000238,EXIT,2025-01-07 22:36:00,SUR,77.68
YRD00000658,ORD000242,ENTRY,2025-01-07 18:09:00,OESTE,76.66
YRD00000659,ORD000242,WAIT,2025-01-07 20:45:00,OESTE,70.39
YRD00000660,ORD000242,EXIT,2025-01-07 22:21:00,OESTE,71.56
YRD00000661,ORD000234,ENTRY,2025-01-07 18:05:00,OESTE,71.52
YRD00000662,ORD000234,WAIT,2025-01-07 20:46:00,OESTE,78.17
YRD00000663,ORD000234,EXIT,2025-01-07 23:40:00,OESTE,62.56
YRD00000664,ORD000240,ENTRY,2025-01-07 18:14:00,ESTE,83.84
YRD00000665,ORD000240,WAIT,2025-01-07 20:08:00,ESTE,77.33
YRD00000666,ORD000240,EXIT,2025-01-07 22:32:00,ESTE,61.59
YRD00000667,ORD000231,ENTRY,2025-01-07 18:11:00,ESTE,85.8
YRD00000668,ORD000231,WAIT,2025-01-07 19:29:00,ESTE,77.97
YRD00000669,ORD000231,EXIT,2025-01-07 23:52:00,ESTE,77.82
YRD00000670,ORD000223,ENTRY,2025-01-07 19:43:00,ESTE,66.3
YRD00000671,ORD000223,WAIT,2025-01-07 20:34:00,ESTE,75.49
YRD00000672,ORD000223,EXIT,2025-01-08 02:08:00,ESTE,67.56
YRD00000673,ORD000230,ENTRY,2025-01-07 19:41:00,NORTE,67.38
YRD00000674,ORD000230,WAIT,2025-01-07 21:06:00,NORTE,57.48
YRD00000675,ORD000230,EXIT,2025-01-08 00:54:00,NORTE,70.79
YRD00000676,ORD000212,ENTRY,2025-01-07 19:47:00,OESTE,66.94
YRD00000677,ORD000212,WAIT,2025-01-07 20:48:00,OESTE,78.83
YRD00000678,ORD000212,EXIT,2025-01-08 02:12:00,OESTE,73.93
YRD00000679,ORD000214,ENTRY,2025-01-07 20:17:00,ESTE,85.92
YRD00000680,ORD000214,WAIT,2025-01-07 21:09:00,ESTE,86.65
YRD00000681,ORD000214,EXIT,2025-01-08 01:57:00,ESTE,95.75
YRD00000682,ORD000241,ENTRY,2025-01-07 19:55:00,OESTE,66.06
YRD00000683,ORD000241,WAIT,2025-01-07 22:25:00,OESTE,75.6
YRD00000684,ORD000241,EXIT,2025-01-08 00:34:00,OESTE,57.12
YRD00000685,ORD000245,ENTRY,2025-01-07 20:57:00,OESTE,82.87
YRD00000686,ORD000245,WAIT,2025-01-08 06:00:00,OESTE,92.37
YRD00000687,ORD000245,EXIT,2025-01-08 10:49:00,OESTE,80.14
YRD00000688,ORD000217,ENTRY,2025-01-07 21:00:00,OESTE,71.22
YRD00000689,ORD000217,WAIT,2025-01-08 06:00:00,OESTE,79.64
YRD00000690,ORD000217,EXIT,2025-01-08 10:49:00,OESTE,61.47
YRD00000691,ORD000218,ENTRY,2025-01-07 22:59:00,NORTE,67.06
YRD00000692,ORD000218,WAIT,2025-01-08 06:00:00,NORTE,86.55
YRD00000693,ORD000218,EXIT,2025-01-08 09:41:00,NORTE,86.36
YRD00000694,ORD000216,ENTRY,2025-01-07 23:20:00,SUR,73.83
YRD00000695,ORD000216,WAIT,2025-01-08 01:39:00,SUR,74.26
YRD00000696,ORD000216,EXIT,2025-01-08 03:25:00,SUR,64.16
YRD00000697,ORD000228,ENTRY,2025-01-07 23:40:00,SUR,81.34
YRD00000698,ORD000228,WAIT,2025-01-08 06:00:00,SUR,80.34
YRD00000699,ORD000228,EXIT,2025-01-08 09:56:00,SUR,65.34
YRD00000700,ORD000219,ENTRY,2025-01-08 01:53:00,ESTE,83.63
YRD00000701,ORD000219,WAIT,2025-01-08 06:00:00,ESTE,84.12
YRD00000702,ORD000219,EXIT,2025-01-08 10:32:00,ESTE,55.63
YRD00000703,ORD000215,ENTRY,2025-01-08 02:14:00,ESTE,77.43
YRD00000704,ORD000215,WAIT,2025-01-08 06:00:00,ESTE,87.7
YRD00000705,ORD000215,EXIT,2025-01-08 09:18:00,ESTE,82.09
YRD00000706,ORD000236,ENTRY,2025-01-08 02:46:00,SUR,69.75
YRD00000707,ORD000236,WAIT,2025-01-08 06:00:00,SUR,89.9
YRD00000708,ORD000236,EXIT,2025-01-08 09:13:00,SUR,77.19
YRD00000709,ORD000229,ENTRY,2025-01-08 03:40:00,ESTE,80.95
YRD00000710,ORD000229,WAIT,2025-01-08 06:00:00,ESTE,84.19
YRD00000711,ORD000229,EXIT,2025-01-08 09:38:00,ESTE,91.65
YRD00000712,ORD000222,ENTRY,2025-01-08 04:26:00,NORTE,79.9
YRD00000713,ORD000222,WAIT,2025-01-08 06:00:00,NORTE,90.78
YRD00000714,ORD000222,EXIT,2025-01-08 08:21:00,NORTE,83.78
YRD00000715,ORD000221,ENTRY,2025-01-08 05:46:00,NORTE,87.93
YRD00000716,ORD000221,WAIT,2025-01-08 07:35:00,NORTE,83.18
YRD00000717,ORD000221,EXIT,2025-01-08 11:48:00,NORTE,78.06
YRD00000718,ORD000211,ENTRY,2025-01-08 06:53:00,OESTE,87.41
YRD00000719,ORD000211,WAIT,2025-01-08 07:41:00,OESTE,63.94
YRD00000720,ORD000211,EXIT,2025-01-08 12:21:00,OESTE,63.66
YRD00000721,ORD000225,ENTRY,2025-01-08 06:44:00,ESTE,79.83
YRD00000722,ORD000225,WAIT,2025-01-08 07:52:00,ESTE,83.13
YRD00000723,ORD000225,EXIT,2025-01-08 11:55:00,ESTE,87.95
YRD00000724,ORD000227,ENTRY,2025-01-08 07:53:00,ESTE,74.45
YRD00000725,ORD000227,WAIT,2025-01-08 08:44:00,ESTE,66.53
YRD00000726,ORD000227,EXIT,2025-01-08 12:25:00,ESTE,70.25
YRD00000727,ORD000224,ENTRY,2025-01-08 07:48:00,NORTE,94.1
YRD00000728,ORD000224,WAIT,2025-01-08 10:25:00,NORTE,76.05
YRD00000729,ORD000224,EXIT,2025-01-08 14:09:00,NORTE,74.29
YRD00000730,ORD000220,ENTRY,2025-01-08 08:31:00,NORTE,85.11
YRD00000731,ORD000220,WAIT,2025-01-08 09:54:00,NORTE,78.78
YRD00000732,ORD000220,EXIT,2025-01-08 13:29:00,NORTE,74.25
YRD00000733,ORD000226,ENTRY,2025-01-08 09:18:00,NORTE,80.67
YRD00000734,ORD000226,WAIT,2025-01-08 10:24:00,NORTE,72.79
YRD00000735,ORD000226,EXIT,2025-01-08 17:34:00,NORTE,51.39
YRD00000736,ORD000268,ENTRY,2025-01-08 12:27:00,ESTE,81.33
YRD00000737,ORD000268,WAIT,2025-01-08 13:30:00,ESTE,93.29
YRD00000738,ORD000268,EXIT,2025-01-08 16:40:00,ESTE,64.62
YRD00000739,ORD000273,ENTRY,2025-01-08 11:57:00,SUR,71.64
YRD00000740,ORD000273,WAIT,2025-01-08 14:02:00,SUR,80.79
YRD00000741,ORD000273,EXIT,2025-01-08 19:26:00,SUR,75.35
YRD00000742,ORD000247,ENTRY,2025-01-08 12:58:00,ESTE,85.72
YRD00000743,ORD000247,WAIT,2025-01-08 15:14:00,ESTE,86.19
YRD00000744,ORD000247,EXIT,2025-01-08 19:23:00,ESTE,74.11
YRD00000745,ORD000253,ENTRY,2025-01-08 12:35:00,NORTE,76.54
YRD00000746,ORD000253,WAIT,2025-01-08 14:29:00,NORTE,78.62
YRD00000747,ORD000253,EXIT,2025-01-08 18:08:00,NORTE,53.5
YRD00000748,ORD000262,ENTRY,2025-01-08 14:12:00,SUR,70.7
YRD00000749,ORD000262,WAIT,2025-01-08 15:17:00,SUR,80.83
YRD00000750,ORD000262,EXIT,2025-01-08 18:38:00,SUR,51.45
YRD00000751,ORD000275,ENTRY,2025-01-08 15:00:00,ESTE,80.18
YRD00000752,ORD000275,WAIT,2025-01-08 17:42:00,ESTE,85.9
YRD00000753,ORD000275,EXIT,2025-01-08 19:18:00,ESTE,78.86
YRD00000754,ORD000248,ENTRY,2025-01-08 15:36:00,SUR,68.57
YRD00000755,ORD000248,WAIT,2025-01-08 18:16:00,SUR,76.08
YRD00000756,ORD000248,EXIT,2025-01-08 21:51:00,SUR,59.44
YRD00000757,ORD000279,ENTRY,2025-01-08 15:32:00,ESTE,80.31
YRD00000758,ORD000279,WAIT,2025-01-08 16:21:00,ESTE,78.64
YRD00000759,ORD000279,EXIT,2025-01-08 18:32:00,ESTE,57.07
YRD00000760,ORD000256,ENTRY,2025-01-08 16:07:00,ESTE,72.74
YRD00000761,ORD000256,WAIT,2025-01-08 18:43:00,ESTE,83.26
YRD00000762,ORD000256,EXIT,2025-01-08 21:28:00,ESTE,66.72
YRD00000763,ORD000269,ENTRY,2025-01-08 21:32:00,NORTE,86.17
YRD00000764,ORD000269,WAIT,2025-01-09 06:00:00,NORTE,99.0
YRD00000765,ORD000269,EXIT,2025-01-09 09:47:00,NORTE,77.28
YRD00000766,ORD000261,ENTRY,2025-01-08 22:02:00,ESTE,91.8
YRD00000767,ORD000261,WAIT,2025-01-09 06:00:00,ESTE,81.29
YRD00000768,ORD000261,EXIT,2025-01-09 11:20:00,ESTE,71.69
YRD00000769,ORD000252,ENTRY,2025-01-08 21:44:00,NORTE,73.19
YRD00000770,ORD000252,WAIT,2025-01-09 00:05:00,NORTE,80.58
YRD00000771,ORD000252,EXIT,2025-01-09 01:54:00,NORTE,84.15
YRD00000772,ORD000257,ENTRY,2025-01-08 21:55:00,OESTE,70.05
YRD00000773,ORD000257,WAIT,2025-01-09 06:00:00,OESTE,76.84
YRD00000774,ORD000257,EXIT,2025-01-09 10:53:00,OESTE,68.92
YRD00000775,ORD000278,ENTRY,2025-01-08 22:28:00,ESTE,68.53
YRD00000776,ORD000278,WAIT,2025-01-09 00:53:00,ESTE,78.06
YRD00000777,ORD000278,EXIT,2025-01-09 04:08:00,ESTE,79.6
YRD00000778,ORD000263,ENTRY,2025-01-08 22:49:00,SUR,81.07
YRD00000779,ORD000263,WAIT,2025-01-09 06:00:00,SUR,87.44
YRD00000780,ORD000263,EXIT,2025-01-09 09:40:00,SUR,78.98
YRD00000781,ORD000259,ENTRY,2025-01-08 22:58:00,SUR,77.18
YRD00000782,ORD000259,WAIT,2025-01-09 00:40:00,SUR,52.18
YRD00000783,ORD000259,EXIT,2025-01-09 03:57:00,SUR,66.17
YRD00000784,ORD000260,ENTRY,2025-01-08 23:55:00,OESTE,69.1
YRD00000785,ORD000260,WAIT,2025-01-09 02:06:00,OESTE,77.17
YRD00000786,ORD000260,EXIT,2025-01-09 05:52:00,OESTE,70.25
YRD00000787,ORD000258,ENTRY,2025-01-09 00:10:00,OESTE,89.03
YRD00000788,ORD000258,WAIT,2025-01-09 06:00:00,OESTE,86.28
YRD00000789,ORD000258,EXIT,2025-01-09 10:13:00,OESTE,82.33
YRD00000790,ORD000254,ENTRY,2025-01-08 23:12:00,OESTE,90.15
YRD00000791,ORD000254,WAIT,2025-01-09 06:00:00,OESTE,92.01
YRD00000792,ORD000254,EXIT,2025-01-09 09:38:00,OESTE,79.94
YRD00000793,ORD000270,ENTRY,2025-01-09 00:58:00,SUR,81.19
YRD00000794,ORD000270,WAIT,2025-01-09 06:00:00,SUR,96.69
YRD00000795,ORD000270,EXIT,2025-01-09 08:26:00,SUR,79.9
YRD00000796,ORD000266,ENTRY,2025-01-09 01:52:00,OESTE,71.87
YRD00000797,ORD000266,WAIT,2025-01-09 06:00:00,OESTE,88.22
YRD00000798,ORD000266,EXIT,2025-01-09 08:58:00,OESTE,92.39
YRD00000799,ORD000272,ENTRY,2025-01-09 01:46:00,ESTE,81.73
YRD00000800,ORD000272,WAIT,2025-01-09 04:11:00,ESTE,82.6
YRD00000801,ORD000272,EXIT,2025-01-09 07:04:00,ESTE,55.82
YRD00000802,ORD000246,ENTRY,2025-01-09 01:53:00,OESTE,87.21
YRD00000803,ORD000246,WAIT,2025-01-09 06:00:00,OESTE,85.13
YRD00000804,ORD000246,EXIT,2025-01-09 10:59:00,OESTE,76.05
YRD00000805,ORD000251,ENTRY,2025-01-09 03:37:00,ESTE,74.03
YRD00000806,ORD000251,WAIT,2025-01-09 04:40:00,ESTE,83.15
YRD00000807,ORD000251,EXIT,2025-01-09 08:32:00,ESTE,67.81
YRD00000808,ORD000264,ENTRY,2025-01-09 03:55:00,ESTE,80.28
YRD00000809,ORD000264,WAIT,2025-01-09 06:10:00,ESTE,80.19
YRD00000810,ORD000264,EXIT,2025-01-09 08:45:00,ESTE,65.87
YRD00000811,ORD000267,ENTRY,2025-01-09 03:31:00,ESTE,64.8
YRD00000812,ORD000267,WAIT,2025-01-09 05:52:00,ESTE,71.36
YRD00000813,ORD000267,EXIT,2025-01-09 08:06:00,ESTE,59.86
YRD00000814,ORD000274,ENTRY,2025-01-09 04:47:00,ESTE,74.66
YRD00000815,ORD000274,WAIT,2025-01-09 06:31:00,ESTE,66.09
YRD00000816,ORD000274,EXIT,2025-01-09 09:54:00,ESTE,77.63
YRD00000817,ORD000265,ENTRY,2025-01-09 06:47:00,SUR,70.86
YRD00000818,ORD000265,WAIT,2025-01-09 08:55:00,SUR,71.92
YRD00000819,ORD000265,EXIT,2025-01-09 11:02:00,SUR,75.58
YRD00000820,ORD000277,ENTRY,2025-01-09 06:19:00,NORTE,96.86
YRD00000821,ORD000277,WAIT,2025-01-09 07:07:00,NORTE,76.43
YRD00000822,ORD000277,EXIT,2025-01-09 12:02:00,NORTE,78.5
YRD00000823,ORD000276,ENTRY,2025-01-09 09:03:00,NORTE,78.81
YRD00000824,ORD000276,WAIT,2025-01-09 10:02:00,NORTE,99.0
YRD00000825,ORD000276,EXIT,2025-01-09 13:40:00,NORTE,79.83
YRD00000826,ORD000255,ENTRY,2025-01-09 09:06:00,NORTE,92.46
YRD00000827,ORD000255,WAIT,2025-01-09 12:21:00,NORTE,95.33
YRD00000828,ORD000255,EXIT,2025-01-09 16:07:00,NORTE,55.83
YRD00000829,ORD000271,ENTRY,2025-01-09 09:45:00,NORTE,80.92
YRD00000830,ORD000271,WAIT,2025-01-09 10:50:00,NORTE,99.0
YRD00000831,ORD000271,EXIT,2025-01-09 14:58:00,NORTE,75.63
YRD00000832,ORD000280,ENTRY,2025-01-09 11:37:00,SUR,81.21
YRD00000833,ORD000280,WAIT,2025-01-09 13:41:00,SUR,85.74
YRD00000834,ORD000280,EXIT,2025-01-09 17:15:00,SUR,78.02
YRD00000835,ORD000249,ENTRY,2025-01-09 11:20:00,SUR,80.85
YRD00000836,ORD000249,WAIT,2025-01-09 13:37:00,SUR,74.81
YRD00000837,ORD000249,EXIT,2025-01-09 16:42:00,SUR,70.27
YRD00000838,ORD000250,ENTRY,2025-01-09 11:38:00,ESTE,83.98
YRD00000839,ORD000250,WAIT,2025-01-09 14:12:00,ESTE,99.0
YRD00000840,ORD000250,EXIT,2025-01-09 17:57:00,ESTE,75.71
YRD00000841,ORD000293,ENTRY,2025-01-09 13:19:00,SUR,77.77
YRD00000842,ORD000293,WAIT,2025-01-09 14:23:00,SUR,95.1
YRD00000843,ORD000293,EXIT,2025-01-09 18:19:00,SUR,64.95
YRD00000844,ORD000303,ENTRY,2025-01-09 14:42:00,OESTE,63.93
YRD00000845,ORD000303,WAIT,2025-01-09 17:20:00,OESTE,74.67
YRD00000846,ORD000303,EXIT,2025-01-09 20:37:00,OESTE,79.05
YRD00000847,ORD000309,ENTRY,2025-01-09 15:07:00,NORTE,82.04
YRD00000848,ORD000309,WAIT,2025-01-09 16:09:00,NORTE,81.45
YRD00000849,ORD000309,EXIT,2025-01-09 19:04:00,NORTE,77.05
YRD00000850,ORD000283,ENTRY,2025-01-09 15:25:00,OESTE,68.67
YRD00000851,ORD000283,WAIT,2025-01-09 17:31:00,OESTE,89.14
YRD00000852,ORD000283,EXIT,2025-01-09 18:45:00,OESTE,66.43
YRD00000853,ORD000282,ENTRY,2025-01-09 15:45:00,SUR,98.0
YRD00000854,ORD000282,WAIT,2025-01-09 17:04:00,SUR,78.48
YRD00000855,ORD000282,EXIT,2025-01-09 19:49:00,SUR,86.32
YRD00000856,ORD000315,ENTRY,2025-01-09 16:12:00,SUR,65.64
YRD00000857,ORD000315,WAIT,2025-01-09 18:14:00,SUR,74.34
YRD00000858,ORD000315,EXIT,2025-01-09 20:45:00,SUR,79.9
YRD00000859,ORD000314,ENTRY,2025-01-09 16:04:00,NORTE,84.02
YRD00000860,ORD000314,WAIT,2025-01-09 18:04:00,NORTE,85.61
YRD00000861,ORD000314,EXIT,2025-01-09 21:32:00,NORTE,85.41
YRD00000862,ORD000286,ENTRY,2025-01-09 16:06:00,NORTE,82.21
YRD00000863,ORD000286,WAIT,2025-01-09 17:51:00,NORTE,99.0
YRD00000864,ORD000286,EXIT,2025-01-09 22:12:00,NORTE,76.91
YRD00000865,ORD000291,ENTRY,2025-01-09 15:50:00,OESTE,72.73
YRD00000866,ORD000291,WAIT,2025-01-09 17:01:00,OESTE,86.94
YRD00000867,ORD000291,EXIT,2025-01-09 22:34:00,OESTE,66.14
YRD00000868,ORD000300,ENTRY,2025-01-09 16:23:00,OESTE,69.23
YRD00000869,ORD000300,WAIT,2025-01-09 17:18:00,OESTE,66.05
YRD00000870,ORD000300,EXIT,2025-01-09 23:07:00,OESTE,77.33
YRD00000871,ORD000311,ENTRY,2025-01-09 16:34:00,SUR,60.48
YRD00000872,ORD000311,WAIT,2025-01-09 18:29:00,SUR,80.3
YRD00000873,ORD000311,EXIT,2025-01-09 21:34:00,SUR,64.57
YRD00000874,ORD000310,ENTRY,2025-01-09 16:47:00,OESTE,77.47
YRD00000875,ORD000310,WAIT,2025-01-09 19:22:00,OESTE,85.72
YRD00000876,ORD000310,EXIT,2025-01-09 22:24:00,OESTE,94.7
YRD00000877,ORD000289,ENTRY,2025-01-09 16:58:00,SUR,91.17
YRD00000878,ORD000289,WAIT,2025-01-09 18:35:00,SUR,84.6
YRD00000879,ORD000289,EXIT,2025-01-09 23:09:00,SUR,78.33
YRD00000880,ORD000294,ENTRY,2025-01-09 18:20:00,OESTE,74.56
YRD00000881,ORD000294,WAIT,2025-01-09 19:46:00,OESTE,94.71
YRD00000882,ORD000294,EXIT,2025-01-10 00:38:00,OESTE,83.78
YRD00000883,ORD000290,ENTRY,2025-01-09 19:39:00,ESTE,76.69
YRD00000884,ORD000290,WAIT,2025-01-09 20:24:00,ESTE,75.96
YRD00000885,ORD000290,EXIT,2025-01-10 00:46:00,ESTE,69.86
YRD00000886,ORD000297,ENTRY,2025-01-09 19:29:00,SUR,82.73
YRD00000887,ORD000297,WAIT,2025-01-09 21:09:00,SUR,74.48
YRD00000888,ORD000297,EXIT,2025-01-10 00:48:00,SUR,71.26
YRD00000889,ORD000287,ENTRY,2025-01-09 19:22:00,NORTE,82.25
YRD00000890,ORD000287,WAIT,2025-01-09 20:23:00,NORTE,80.41
YRD00000891,ORD000287,EXIT,2025-01-10 01:12:00,NORTE,91.79
YRD00000892,ORD000307,ENTRY,2025-01-09 19:35:00,SUR,94.37
YRD00000893,ORD000307,WAIT,2025-01-09 21:09:00,SUR,94.04
YRD00000894,ORD000307,EXIT,2025-01-10 09:00:00,SUR,86.96
YRD00000895,ORD000304,ENTRY,2025-01-09 19:43:00,SUR,73.93
YRD00000896,ORD000304,WAIT,2025-01-09 21:07:00,SUR,72.58
YRD00000897,ORD000304,EXIT,2025-01-10 00:34:00,SUR,80.56
YRD00000898,ORD000301,ENTRY,2025-01-09 21:21:00,NORTE,80.63
YRD00000899,ORD000301,WAIT,2025-01-10 06:00:00,NORTE,91.08
YRD00000900,ORD000301,EXIT,2025-01-10 09:32:00,NORTE,71.25
YRD00000901,ORD000281,ENTRY,2025-01-09 22:05:00,SUR,87.75
YRD00000902,ORD000281,WAIT,2025-01-10 06:00:00,SUR,99.0
YRD00000903,ORD000281,EXIT,2025-01-10 10:16:00,SUR,85.9
YRD00000904,ORD000313,ENTRY,2025-01-09 23:14:00,OESTE,96.84
YRD00000905,ORD000313,WAIT,2025-01-10 06:00:00,OESTE,99.0
YRD00000906,ORD000313,EXIT,2025-01-10 09:33:00,OESTE,86.25
YRD00000907,ORD000305,ENTRY,2025-01-09 23:18:00,SUR,76.8
YRD00000908,ORD000305,WAIT,2025-01-10 06:00:00,SUR,83.46
YRD00000909,ORD000305,EXIT,2025-01-10 10:58:00,SUR,86.99
YRD00000910,ORD000312,ENTRY,2025-01-10 03:16:00,OESTE,85.42
YRD00000911,ORD000312,WAIT,2025-01-10 06:56:00,OESTE,92.44
YRD00000912,ORD000312,EXIT,2025-01-10 12:05:00,OESTE,82.62
YRD00000913,ORD000292,ENTRY,2025-01-10 04:12:00,SUR,73.63
YRD00000914,ORD000292,WAIT,2025-01-10 06:22:00,SUR,88.44
YRD00000915,ORD000292,EXIT,2025-01-10 07:30:00,SUR,74.13
YRD00000916,ORD000302,ENTRY,2025-01-10 04:42:00,NORTE,73.19
YRD00000917,ORD000302,WAIT,2025-01-10 06:12:00,NORTE,95.39
YRD00000918,ORD000302,EXIT,2025-01-10 11:27:00,NORTE,79.59
YRD00000919,ORD000298,ENTRY,2025-01-10 05:13:00,OESTE,90.53
YRD00000920,ORD000298,WAIT,2025-01-10 07:59:00,OESTE,91.8
YRD00000921,ORD000298,EXIT,2025-01-10 09:26:00,OESTE,74.82
YRD00000922,ORD000308,ENTRY,2025-01-10 05:34:00,NORTE,75.61
YRD00000923,ORD000308,WAIT,2025-01-10 06:42:00,NORTE,81.59
YRD00000924,ORD000308,EXIT,2025-01-10 09:53:00,NORTE,70.74
YRD00000925,ORD000288,ENTRY,2025-01-10 07:08:00,ESTE,84.56
YRD00000926,ORD000288,WAIT,2025-01-10 08:37:00,ESTE,79.05
YRD00000927,ORD000288,EXIT,2025-01-10 13:54:00,ESTE,85.57
YRD00000928,ORD000285,ENTRY,2025-01-10 07:01:00,SUR,78.84
YRD00000929,ORD000285,WAIT,2025-01-10 07:47:00,SUR,72.32
YRD00000930,ORD000285,EXIT,2025-01-10 10:47:00,SUR,86.74
YRD00000931,ORD000284,ENTRY,2025-01-10 08:35:00,OESTE,61.15
YRD00000932,ORD000284,WAIT,2025-01-10 10:33:00,OESTE,91.69
YRD00000933,ORD000284,EXIT,2025-01-10 13:56:00,OESTE,95.99
YRD00000934,ORD000296,ENTRY,2025-01-10 09:37:00,ESTE,82.83
YRD00000935,ORD000296,WAIT,2025-01-10 10:53:00,ESTE,91.56
YRD00000936,ORD000296,EXIT,2025-01-10 15:29:00,ESTE,97.0
YRD00000937,ORD000295,ENTRY,2025-01-10 09:45:00,ESTE,91.49
YRD00000938,ORD000295,WAIT,2025-01-10 10:38:00,ESTE,94.39
YRD00000939,ORD000295,EXIT,2025-01-10 15:28:00,ESTE,72.08
YRD00000940,ORD000329,ENTRY,2025-01-10 11:18:00,NORTE,88.15
YRD00000941,ORD000329,WAIT,2025-01-10 12:43:00,NORTE,75.57
YRD00000942,ORD000329,EXIT,2025-01-10 17:15:00,NORTE,82.99
YRD00000943,ORD000299,ENTRY,2025-01-10 10:53:00,OESTE,84.68
YRD00000944,ORD000299,WAIT,2025-01-10 13:23:00,OESTE,70.9
YRD00000945,ORD000299,EXIT,2025-01-10 17:19:00,OESTE,60.26
YRD00000946,ORD000306,ENTRY,2025-01-10 11:09:00,ESTE,77.25
YRD00000947,ORD000306,WAIT,2025-01-10 13:20:00,ESTE,87.39
YRD00000948,ORD000306,EXIT,2025-01-10 16:33:00,ESTE,79.23
YRD00000949,ORD000322,ENTRY,2025-01-10 12:28:00,SUR,74.27
YRD00000950,ORD000322,WAIT,2025-01-10 13:14:00,SUR,82.64
YRD00000951,ORD000322,EXIT,2025-01-10 19:47:00,SUR,77.33
YRD00000952,ORD000334,ENTRY,2025-01-10 13:10:00,NORTE,73.53
YRD00000953,ORD000334,WAIT,2025-01-10 14:07:00,NORTE,84.12
YRD00000954,ORD000334,EXIT,2025-01-10 18:30:00,NORTE,79.85
YRD00000955,ORD000339,ENTRY,2025-01-10 13:40:00,SUR,65.08
YRD00000956,ORD000339,WAIT,2025-01-10 14:54:00,SUR,91.14
YRD00000957,ORD000339,EXIT,2025-01-10 17:22:00,SUR,80.08
YRD00000958,ORD000319,ENTRY,2025-01-10 14:32:00,NORTE,81.31
YRD00000959,ORD000319,WAIT,2025-01-10 17:13:00,NORTE,74.6
YRD00000960,ORD000319,EXIT,2025-01-10 22:07:00,NORTE,84.06
YRD00000961,ORD000325,ENTRY,2025-01-10 14:47:00,SUR,91.15
YRD00000962,ORD000325,WAIT,2025-01-10 16:34:00,SUR,70.11
YRD00000963,ORD000325,EXIT,2025-01-10 20:10:00,SUR,79.57
YRD00000964,ORD000340,ENTRY,2025-01-10 14:04:00,OESTE,76.79
YRD00000965,ORD000340,WAIT,2025-01-10 15:25:00,OESTE,87.17
YRD00000966,ORD000340,EXIT,2025-01-10 18:43:00,OESTE,83.21
YRD00000967,ORD000327,ENTRY,2025-01-10 15:55:00,ESTE,85.92
YRD00000968,ORD000327,WAIT,2025-01-10 17:33:00,ESTE,99.0
YRD00000969,ORD000327,EXIT,2025-01-10 21:18:00,ESTE,68.86
YRD00000970,ORD000336,ENTRY,2025-01-10 16:39:00,ESTE,83.73
YRD00000971,ORD000336,WAIT,2025-01-10 17:51:00,ESTE,89.92
YRD00000972,ORD000336,EXIT,2025-01-10 22:10:00,ESTE,75.84
YRD00000973,ORD000337,ENTRY,2025-01-10 16:08:00,NORTE,72.73
YRD00000974,ORD000337,WAIT,2025-01-10 16:55:00,NORTE,83.99
YRD00000975,ORD000337,EXIT,2025-01-10 21:10:00,NORTE,70.05
YRD00000976,ORD000348,ENTRY,2025-01-10 16:27:00,ESTE,86.47
YRD00000977,ORD000348,WAIT,2025-01-10 18:52:00,ESTE,97.4
YRD00000978,ORD000348,EXIT,2025-01-10 22:11:00,ESTE,85.72
YRD00000979,ORD000330,ENTRY,2025-01-10 17:12:00,ESTE,84.33
YRD00000980,ORD000330,WAIT,2025-01-10 20:40:00,ESTE,83.94
YRD00000981,ORD000330,EXIT,2025-01-11 00:01:00,ESTE,89.27
YRD00000982,ORD000343,ENTRY,2025-01-10 18:12:00,NORTE,81.71
YRD00000983,ORD000343,WAIT,2025-01-10 20:49:00,NORTE,84.67
YRD00000984,ORD000343,EXIT,2025-01-10 23:12:00,NORTE,69.73
YRD00000985,ORD000335,ENTRY,2025-01-10 18:32:00,OESTE,76.28
YRD00000986,ORD000335,WAIT,2025-01-10 20:52:00,OESTE,99.0
YRD00000987,ORD000335,EXIT,2025-01-11 08:10:00,OESTE,76.5
YRD00000988,ORD000341,ENTRY,2025-01-10 19:26:00,ESTE,92.52
YRD00000989,ORD000341,WAIT,2025-01-10 21:20:00,ESTE,92.57
YRD00000990,ORD000341,EXIT,2025-01-11 09:15:00,ESTE,94.76
YRD00000991,ORD000332,ENTRY,2025-01-10 19:02:00,OESTE,91.51
YRD00000992,ORD000332,WAIT,2025-01-10 21:40:00,OESTE,95.23
YRD00000993,ORD000332,EXIT,2025-01-11 01:04:00,OESTE,73.38
YRD00000994,ORD000333,ENTRY,2025-01-10 19:45:00,NORTE,77.51
YRD00000995,ORD000333,WAIT,2025-01-10 22:18:00,NORTE,85.94
YRD00000996,ORD000333,EXIT,2025-01-11 02:56:00,NORTE,60.12
YRD00000997,ORD000328,ENTRY,2025-01-10 19:29:00,OESTE,78.91
YRD00000998,ORD000328,WAIT,2025-01-10 21:23:00,OESTE,82.47
YRD00000999,ORD000328,EXIT,2025-01-11 01:55:00,OESTE,80.14
YRD00001000,ORD000338,ENTRY,2025-01-10 20:34:00,OESTE,88.92
YRD00001001,ORD000338,WAIT,2025-01-10 22:55:00,OESTE,75.24
YRD00001002,ORD000338,EXIT,2025-01-11 04:56:00,OESTE,67.58
YRD00001003,ORD000347,ENTRY,2025-01-10 22:00:00,SUR,94.78
YRD00001004,ORD000347,WAIT,2025-01-11 06:00:00,SUR,93.3
YRD00001005,ORD000347,EXIT,2025-01-11 09:20:00,SUR,94.18
YRD00001006,ORD000345,ENTRY,2025-01-10 22:13:00,SUR,75.35
YRD00001007,ORD000345,WAIT,2025-01-10 23:09:00,SUR,75.43
YRD00001008,ORD000345,EXIT,2025-01-11 03:36:00,SUR,72.21
YRD00001009,ORD000320,ENTRY,2025-01-11 01:00:00,SUR,95.19
YRD00001010,ORD000320,WAIT,2025-01-11 06:00:00,SUR,90.31
YRD00001011,ORD000320,EXIT,2025-01-11 10:57:00,SUR,82.86
YRD00001012,ORD000316,ENTRY,2025-01-11 01:45:00,SUR,85.59
YRD00001013,ORD000316,WAIT,2025-01-11 02:45:00,SUR,98.38
YRD00001014,ORD000316,EXIT,2025-01-11 06:19:00,SUR,73.46
YRD00001015,ORD000318,ENTRY,2025-01-11 03:04:00,OESTE,98.0
YRD00001016,ORD000318,WAIT,2025-01-11 06:00:00,OESTE,89.09
YRD00001017,ORD000318,EXIT,2025-01-11 10:17:00,OESTE,88.82
YRD00001018,ORD000342,ENTRY,2025-01-11 04:10:00,OESTE,93.72
YRD00001019,ORD000342,WAIT,2025-01-11 07:00:00,OESTE,99.0
YRD00001020,ORD000342,EXIT,2025-01-11 10:49:00,OESTE,91.43
YRD00001021,ORD000317,ENTRY,2025-01-11 03:43:00,SUR,75.5
YRD00001022,ORD000317,WAIT,2025-01-11 06:05:00,SUR,92.11
YRD00001023,ORD000317,EXIT,2025-01-11 09:05:00,SUR,73.28
YRD00001024,ORD000331,ENTRY,2025-01-11 03:26:00,ESTE,79.23
YRD00001025,ORD000331,WAIT,2025-01-11 06:00:00,ESTE,95.3
YRD00001026,ORD000331,EXIT,2025-01-11 10:16:00,ESTE,89.36
YRD00001027,ORD000321,ENTRY,2025-01-11 04:29:00,NORTE,70.95
YRD00001028,ORD000321,WAIT,2025-01-11 06:27:00,NORTE,86.44
YRD00001029,ORD000321,EXIT,2025-01-11 09:17:00,NORTE,69.52
YRD00001030,ORD000346,ENTRY,2025-01-11 04:22:00,SUR,76.99
YRD00001031,ORD000346,WAIT,2025-01-11 07:06:00,SUR,85.12
YRD00001032,ORD000346,EXIT,2025-01-11 08:52:00,SUR,96.0
YRD00001033,ORD000349,ENTRY,2025-01-11 05:05:00,OESTE,83.26
YRD00001034,ORD000349,WAIT,2025-01-11 06:05:00,OESTE,87.92
YRD00001035,ORD000349,EXIT,2025-01-11 07:47:00,OESTE,69.27
YRD00001036,ORD000326,ENTRY,2025-01-11 05:58:00,SUR,76.73
YRD00001037,ORD000326,WAIT,2025-01-11 07:43:00,SUR,98.98
YRD00001038,ORD000326,EXIT,2025-01-11 11:32:00,SUR,79.8
YRD00001039,ORD000324,ENTRY,2025-01-11 05:26:00,OESTE,91.2
YRD00001040,ORD000324,WAIT,2025-01-11 06:49:00,OESTE,93.35
YRD00001041,ORD000324,EXIT,2025-01-11 11:16:00,OESTE,81.63
YRD00001042,ORD000344,ENTRY,2025-01-11 09:25:00,ESTE,87.5
YRD00001043,ORD000344,WAIT,2025-01-11 12:06:00,ESTE,74.06
YRD00001044,ORD000344,EXIT,2025-01-11 15:49:00,ESTE,85.07
YRD00001045,ORD000323,ENTRY,2025-01-11 09:40:00,NORTE,79.58
YRD00001046,ORD000323,WAIT,2025-01-11 12:05:00,NORTE,83.2
YRD00001047,ORD000323,EXIT,2025-01-11 15:20:00,NORTE,81.67
YRD00001048,ORD000353,ENTRY,2025-01-11 12:10:00,ESTE,88.75
YRD00001049,ORD000353,WAIT,2025-01-11 14:52:00,ESTE,86.95
YRD00001050,ORD000353,EXIT,2025-01-11 18:47:00,ESTE,96.28
YRD00001051,ORD000350,ENTRY,2025-01-11 13:19:00,NORTE,85.01
YRD00001052,ORD000350,WAIT,2025-01-11 14:39:00,NORTE,92.27
YRD00001053,ORD000350,EXIT,2025-01-11 17:10:00,NORTE,65.8
YRD00001054,ORD000380,ENTRY,2025-01-11 14:58:00,OESTE,91.11
YRD00001055,ORD000380,WAIT,2025-01-11 16:30:00,OESTE,74.1
YRD00001056,ORD000380,EXIT,2025-01-11 21:26:00,OESTE,80.22
YRD00001057,ORD000385,ENTRY,2025-01-11 14:12:00,ESTE,82.45
YRD00001058,ORD000385,WAIT,2025-01-11 16:36:00,ESTE,99.0
YRD00001059,ORD000385,EXIT,2025-01-11 18:39:00,ESTE,65.83
YRD00001060,ORD000354,ENTRY,2025-01-11 18:48:00,ESTE,81.39
YRD00001061,ORD000354,WAIT,2025-01-11 21:23:00,ESTE,99.0
YRD00001062,ORD000354,EXIT,2025-01-12 08:17:00,ESTE,97.0
YRD00001063,ORD000370,ENTRY,2025-01-11 20:12:00,ESTE,80.86
YRD00001064,ORD000370,WAIT,2025-01-11 21:10:00,ESTE,92.64
YRD00001065,ORD000370,EXIT,2025-01-12 00:02:00,ESTE,66.57
YRD00001066,ORD000378,ENTRY,2025-01-11 21:38:00,ESTE,84.34
YRD00001067,ORD000378,WAIT,2025-01-12 06:00:00,ESTE,85.36
YRD00001068,ORD000378,EXIT,2025-01-12 09:03:00,ESTE,83.6
YRD00001069,ORD000383,ENTRY,2025-01-11 20:49:00,NORTE,84.38
YRD00001070,ORD000383,WAIT,2025-01-11 21:35:00,NORTE,61.16
YRD00001071,ORD000383,EXIT,2025-01-12 03:17:00,NORTE,60.25
YRD00001072,ORD000360,ENTRY,2025-01-11 22:10:00,OESTE,98.0
YRD00001073,ORD000360,WAIT,2025-01-12 06:00:00,OESTE,91.99
YRD00001074,ORD000360,EXIT,2025-01-12 10:44:00,OESTE,97.0
YRD00001075,ORD000373,ENTRY,2025-01-12 00:04:00,NORTE,81.85
YRD00001076,ORD000373,WAIT,2025-01-12 01:25:00,NORTE,82.2
YRD00001077,ORD000373,EXIT,2025-01-12 06:18:00,NORTE,76.57
YRD00001078,ORD000352,ENTRY,2025-01-11 23:54:00,SUR,82.2
YRD00001079,ORD000352,WAIT,2025-01-12 06:00:00,SUR,72.32
YRD00001080,ORD000352,EXIT,2025-01-12 11:11:00,SUR,81.96
YRD00001081,ORD000368,ENTRY,2025-01-12 00:30:00,NORTE,89.74
YRD00001082,ORD000368,WAIT,2025-01-12 06:00:00,NORTE,99.0
YRD00001083,ORD000368,EXIT,2025-01-12 10:01:00,NORTE,97.0
YRD00001084,ORD000372,ENTRY,2025-01-12 00:52:00,NORTE,87.81
YRD00001085,ORD000372,WAIT,2025-01-12 02:34:00,NORTE,75.58
YRD00001086,ORD000372,EXIT,2025-01-12 05:55:00,NORTE,67.99
YRD00001087,ORD000361,ENTRY,2025-01-12 01:10:00,SUR,83.05
YRD00001088,ORD000361,WAIT,2025-01-12 02:49:00,SUR,86.13
YRD00001089,ORD000361,EXIT,2025-01-12 05:44:00,SUR,76.92
YRD00001090,ORD000369,ENTRY,2025-01-12 03:20:00,SUR,79.39
YRD00001091,ORD000369,WAIT,2025-01-12 06:00:00,SUR,99.0
YRD00001092,ORD000369,EXIT,2025-01-12 08:52:00,SUR,87.02
YRD00001093,ORD000366,ENTRY,2025-01-12 02:18:00,OESTE,72.11
YRD00001094,ORD000366,WAIT,2025-01-12 04:37:00,OESTE,93.74
YRD00001095,ORD000366,EXIT,2025-01-12 06:56:00,OESTE,94.74
YRD00001096,ORD000377,ENTRY,2025-01-12 03:35:00,SUR,68.63
YRD00001097,ORD000377,WAIT,2025-01-12 04:56:00,SUR,85.31
YRD00001098,ORD000377,EXIT,2025-01-12 08:40:00,SUR,56.41
YRD00001099,ORD000357,ENTRY,2025-01-12 04:09:00,SUR,75.7
YRD00001100,ORD000357,WAIT,2025-01-12 05:43:00,SUR,77.76
YRD00001101,ORD000357,EXIT,2025-01-12 10:10:00,SUR,91.6
YRD00001102,ORD000375,ENTRY,2025-01-12 03:47:00,SUR,76.91
YRD00001103,ORD000375,WAIT,2025-01-12 05:34:00,SUR,70.8
YRD00001104,ORD000375,EXIT,2025-01-12 09:18:00,SUR,79.77
YRD00001105,ORD000358,ENTRY,2025-01-12 05:07:00,OESTE,98.0
YRD00001106,ORD000358,WAIT,2025-01-12 07:03:00,OESTE,99.0
YRD00001107,ORD000358,EXIT,2025-01-12 10:20:00,OESTE,66.24
YRD00001108,ORD000379,ENTRY,2025-01-12 04:32:00,OESTE,76.11
YRD00001109,ORD000379,WAIT,2025-01-12 06:22:00,OESTE,89.0
YRD00001110,ORD000379,EXIT,2025-01-12 10:53:00,OESTE,83.14
YRD00001111,ORD000351,ENTRY,2025-01-12 05:00:00,ESTE,72.21
YRD00001112,ORD000351,WAIT,2025-01-12 06:00:00,ESTE,81.5
YRD00001113,ORD000351,EXIT,2025-01-12 11:00:00,ESTE,68.27
YRD00001114,ORD000384,ENTRY,2025-01-12 05:14:00,ESTE,79.04
YRD00001115,ORD000384,WAIT,2025-01-12 06:12:00,ESTE,99.0
YRD00001116,ORD000384,EXIT,2025-01-12 11:11:00,ESTE,72.45
YRD00001117,ORD000382,ENTRY,2025-01-12 07:08:00,SUR,80.79
YRD00001118,ORD000382,WAIT,2025-01-12 09:27:00,SUR,93.36
YRD00001119,ORD000382,EXIT,2025-01-12 15:16:00,SUR,79.99
YRD00001120,ORD000381,ENTRY,2025-01-12 06:27:00,NORTE,77.36
YRD00001121,ORD000381,WAIT,2025-01-12 08:05:00,NORTE,73.93
YRD00001122,ORD000381,EXIT,2025-01-12 11:16:00,NORTE,77.46
YRD00001123,ORD000359,ENTRY,2025-01-12 06:35:00,SUR,76.87
YRD00001124,ORD000359,WAIT,2025-01-12 08:38:00,SUR,89.97
YRD00001125,ORD000359,EXIT,2025-01-12 13:32:00,SUR,70.76
YRD00001126,ORD000364,ENTRY,2025-01-12 07:45:00,NORTE,82.01
YRD00001127,ORD000364,WAIT,2025-01-12 09:48:00,NORTE,89.58
YRD00001128,ORD000364,EXIT,2025-01-12 12:27:00,NORTE,94.19
YRD00001129,ORD000363,ENTRY,2025-01-12 07:51:00,OESTE,72.27
YRD00001130,ORD000363,WAIT,2025-01-12 08:52:00,OESTE,94.29
YRD00001131,ORD000363,EXIT,2025-01-12 12:50:00,OESTE,79.29
YRD00001132,ORD000371,ENTRY,2025-01-12 07:23:00,NORTE,83.23
YRD00001133,ORD000371,WAIT,2025-01-12 09:48:00,NORTE,92.37
YRD00001134,ORD000371,EXIT,2025-01-12 14:12:00,NORTE,89.49
YRD00001135,ORD000365,ENTRY,2025-01-12 08:24:00,SUR,97.74
YRD00001136,ORD000365,WAIT,2025-01-12 10:10:00,SUR,90.77
YRD00001137,ORD000365,EXIT,2025-01-12 13:55:00,SUR,81.53
YRD00001138,ORD000376,ENTRY,2025-01-12 08:45:00,OESTE,85.91
YRD00001139,ORD000376,WAIT,2025-01-12 10:45:00,OESTE,96.19
YRD00001140,ORD000376,EXIT,2025-01-12 14:55:00,OESTE,92.42
YRD00001141,ORD000374,ENTRY,2025-01-12 09:19:00,SUR,94.53
YRD00001142,ORD000374,WAIT,2025-01-12 11:37:00,SUR,99.0
YRD00001143,ORD000374,EXIT,2025-01-12 16:18:00,SUR,85.89
YRD00001144,ORD000362,ENTRY,2025-01-12 08:55:00,SUR,94.39
YRD00001145,ORD000362,WAIT,2025-01-12 10:16:00,SUR,89.27
YRD00001146,ORD000362,EXIT,2025-01-12 15:20:00,SUR,85.68
YRD00001147,ORD000367,ENTRY,2025-01-12 09:57:00,SUR,85.76
YRD00001148,ORD000367,WAIT,2025-01-12 12:49:00,SUR,97.4
YRD00001149,ORD000367,EXIT,2025-01-12 18:05:00,SUR,61.23
YRD00001150,ORD000356,ENTRY,2025-01-12 11:25:00,OESTE,94.66
YRD00001151,ORD000356,WAIT,2025-01-12 13:38:00,OESTE,99.0
YRD00001152,ORD000356,EXIT,2025-01-12 17:08:00,OESTE,84.58
YRD00001153,ORD000355,ENTRY,2025-01-12 13:31:00,SUR,80.44
YRD00001154,ORD000355,WAIT,2025-01-12 14:24:00,SUR,99.0
YRD00001155,ORD000355,EXIT,2025-01-12 20:54:00,SUR,72.45
YRD00001156,ORD000407,ENTRY,2025-01-12 13:39:00,OESTE,94.06
YRD00001157,ORD000407,WAIT,2025-01-12 15:03:00,OESTE,98.17
YRD00001158,ORD000407,EXIT,2025-01-12 19:07:00,OESTE,92.48
YRD00001159,ORD000399,ENTRY,2025-01-12 15:00:00,ESTE,79.58
YRD00001160,ORD000399,WAIT,2025-01-12 16:30:00,ESTE,87.16
YRD00001161,ORD000399,EXIT,2025-01-12 21:47:00,ESTE,75.88
YRD00001162,ORD000406,ENTRY,2025-01-12 14:37:00,NORTE,89.36
YRD00001163,ORD000406,WAIT,2025-01-12 16:56:00,NORTE,90.57
YRD00001164,ORD000406,EXIT,2025-01-12 17:58:00,NORTE,66.13
YRD00001165,ORD000405,ENTRY,2025-01-12 15:34:00,NORTE,78.58
YRD00001166,ORD000405,WAIT,2025-01-12 16:43:00,NORTE,90.21
YRD00001167,ORD000405,EXIT,2025-01-12 20:52:00,NORTE,97.0
YRD00001168,ORD000391,ENTRY,2025-01-12 15:47:00,OESTE,83.87
YRD00001169,ORD000391,WAIT,2025-01-12 16:46:00,OESTE,91.35
YRD00001170,ORD000391,EXIT,2025-01-12 22:17:00,OESTE,82.8
YRD00001171,ORD000394,ENTRY,2025-01-12 15:41:00,NORTE,71.36
YRD00001172,ORD000394,WAIT,2025-01-12 16:35:00,NORTE,79.0
YRD00001173,ORD000394,EXIT,2025-01-12 19:27:00,NORTE,71.55
YRD00001174,ORD000404,ENTRY,2025-01-12 16:10:00,NORTE,82.54
YRD00001175,ORD000404,WAIT,2025-01-12 17:20:00,NORTE,90.66
YRD00001176,ORD000404,EXIT,2025-01-12 20:05:00,NORTE,90.77
YRD00001177,ORD000415,ENTRY,2025-01-12 16:25:00,NORTE,75.89
YRD00001178,ORD000415,WAIT,2025-01-12 17:23:00,NORTE,99.0
YRD00001179,ORD000415,EXIT,2025-01-12 21:10:00,NORTE,86.41
YRD00001180,ORD000388,ENTRY,2025-01-12 17:30:00,OESTE,80.97
YRD00001181,ORD000388,WAIT,2025-01-12 19:39:00,OESTE,94.84
YRD00001182,ORD000388,EXIT,2025-01-12 22:33:00,OESTE,97.0
YRD00001183,ORD000419,ENTRY,2025-01-12 17:13:00,NORTE,87.91
YRD00001184,ORD000419,WAIT,2025-01-12 19:15:00,NORTE,92.13
YRD00001185,ORD000419,EXIT,2025-01-12 23:36:00,NORTE,83.74
YRD00001186,ORD000401,ENTRY,2025-01-12 17:30:00,SUR,85.43
YRD00001187,ORD000401,WAIT,2025-01-12 19:04:00,SUR,78.85
YRD00001188,ORD000401,EXIT,2025-01-13 00:38:00,SUR,89.93
YRD00001189,ORD000386,ENTRY,2025-01-12 17:35:00,SUR,95.18
YRD00001190,ORD000386,WAIT,2025-01-12 19:45:00,SUR,95.89
YRD00001191,ORD000386,EXIT,2025-01-13 00:35:00,SUR,73.65
YRD00001192,ORD000409,ENTRY,2025-01-12 18:20:00,SUR,82.72
YRD00001193,ORD000409,WAIT,2025-01-12 21:07:00,SUR,71.73
YRD00001194,ORD000409,EXIT,2025-01-13 00:01:00,SUR,84.06
YRD00001195,ORD000396,ENTRY,2025-01-12 19:19:00,ESTE,71.05
YRD00001196,ORD000396,WAIT,2025-01-12 20:17:00,ESTE,93.34
YRD00001197,ORD000396,EXIT,2025-01-13 00:56:00,ESTE,76.69
YRD00001198,ORD000397,ENTRY,2025-01-12 19:39:00,ESTE,77.41
YRD00001199,ORD000397,WAIT,2025-01-12 20:33:00,ESTE,87.1
YRD00001200,ORD000397,EXIT,2025-01-13 00:12:00,ESTE,68.04
YRD00001201,ORD000395,ENTRY,2025-01-12 20:19:00,NORTE,98.0
YRD00001202,ORD000395,WAIT,2025-01-13 06:00:00,NORTE,99.0
YRD00001203,ORD000395,EXIT,2025-01-13 09:27:00,NORTE,85.9
YRD00001204,ORD000403,ENTRY,2025-01-12 21:16:00,OESTE,98.0
YRD00001205,ORD000403,WAIT,2025-01-13 06:00:00,OESTE,88.05
YRD00001206,ORD000403,EXIT,2025-01-13 09:20:00,OESTE,81.16
YRD00001207,ORD000418,ENTRY,2025-01-12 22:55:00,ESTE,87.45
YRD00001208,ORD000418,WAIT,2025-01-13 06:00:00,ESTE,85.26
YRD00001209,ORD000418,EXIT,2025-01-13 12:02:00,ESTE,95.35
YRD00001210,ORD000402,ENTRY,2025-01-13 00:40:00,OESTE,91.07
YRD00001211,ORD000402,WAIT,2025-01-13 02:42:00,OESTE,83.45
YRD00001212,ORD000402,EXIT,2025-01-13 05:43:00,OESTE,85.51
YRD00001213,ORD000408,ENTRY,2025-01-13 01:35:00,SUR,91.53
YRD00001214,ORD000408,WAIT,2025-01-13 02:36:00,SUR,95.98
YRD00001215,ORD000408,EXIT,2025-01-13 06:49:00,SUR,79.42
YRD00001216,ORD000411,ENTRY,2025-01-13 01:47:00,OESTE,92.4
YRD00001217,ORD000411,WAIT,2025-01-13 02:54:00,OESTE,83.92
YRD00001218,ORD000411,EXIT,2025-01-13 07:14:00,OESTE,82.43
YRD00001219,ORD000420,ENTRY,2025-01-13 01:41:00,NORTE,96.06
YRD00001220,ORD000420,WAIT,2025-01-13 06:00:00,NORTE,99.0
YRD00001221,ORD000420,EXIT,2025-01-13 08:47:00,NORTE,97.0
YRD00001222,ORD000398,ENTRY,2025-01-13 02:09:00,ESTE,82.57
YRD00001223,ORD000398,WAIT,2025-01-13 06:00:00,ESTE,92.38
YRD00001224,ORD000398,EXIT,2025-01-13 12:19:00,ESTE,94.72
YRD00001225,ORD000412,ENTRY,2025-01-13 03:32:00,ESTE,98.0
YRD00001226,ORD000412,WAIT,2025-01-13 06:00:00,ESTE,95.74
YRD00001227,ORD000412,EXIT,2025-01-13 10:17:00,ESTE,90.83
YRD00001228,ORD000387,ENTRY,2025-01-13 03:59:00,SUR,94.91
YRD00001229,ORD000387,WAIT,2025-01-13 07:14:00,SUR,94.06
YRD00001230,ORD000387,EXIT,2025-01-13 12:42:00,SUR,74.7
YRD00001231,ORD000400,ENTRY,2025-01-13 03:29:00,ESTE,73.15
YRD00001232,ORD000400,WAIT,2025-01-13 04:23:00,ESTE,74.47
YRD00001233,ORD000400,EXIT,2025-01-13 08:26:00,ESTE,74.97
YRD00001234,ORD000416,ENTRY,2025-01-13 03:34:00,ESTE,80.47
YRD00001235,ORD000416,WAIT,2025-01-13 05:18:00,ESTE,87.88
YRD00001236,ORD000416,EXIT,2025-01-13 06:36:00,ESTE,77.68
YRD00001237,ORD000393,ENTRY,2025-01-13 05:30:00,NORTE,98.0
YRD00001238,ORD000393,WAIT,2025-01-13 06:32:00,NORTE,90.61
YRD00001239,ORD000393,EXIT,2025-01-13 10:42:00,NORTE,90.95
YRD00001240,ORD000417,ENTRY,2025-01-13 06:31:00,SUR,89.24
YRD00001241,ORD000417,WAIT,2025-01-13 09:09:00,SUR,88.84
YRD00001242,ORD000417,EXIT,2025-01-13 09:51:00,SUR,74.05
YRD00001243,ORD000389,ENTRY,2025-01-13 05:33:00,SUR,98.0
YRD00001244,ORD000389,WAIT,2025-01-13 07:10:00,SUR,95.79
YRD00001245,ORD000389,EXIT,2025-01-13 12:27:00,SUR,84.39
YRD00001246,ORD000413,ENTRY,2025-01-13 07:51:00,NORTE,93.13
YRD00001247,ORD000413,WAIT,2025-01-13 08:57:00,NORTE,84.65
YRD00001248,ORD000413,EXIT,2025-01-13 12:27:00,NORTE,67.77
YRD00001249,ORD000410,ENTRY,2025-01-13 08:59:00,NORTE,85.78
YRD00001250,ORD000410,WAIT,2025-01-13 10:04:00,NORTE,95.17
YRD00001251,ORD000410,EXIT,2025-01-13 16:24:00,NORTE,77.17
YRD00001252,ORD000392,ENTRY,2025-01-13 10:52:00,NORTE,98.0
YRD00001253,ORD000392,WAIT,2025-01-13 13:37:00,NORTE,99.0
YRD00001254,ORD000392,EXIT,2025-01-13 18:04:00,NORTE,90.56
YRD00001255,ORD000390,ENTRY,2025-01-13 10:52:00,NORTE,86.72
YRD00001256,ORD000390,WAIT,2025-01-13 13:15:00,NORTE,75.93
YRD00001257,ORD000390,EXIT,2025-01-13 17:01:00,NORTE,97.0
YRD00001258,ORD000445,ENTRY,2025-01-13 11:54:00,NORTE,79.06
YRD00001259,ORD000445,WAIT,2025-01-13 13:59:00,NORTE,99.0
YRD00001260,ORD000445,EXIT,2025-01-13 18:40:00,NORTE,88.03
YRD00001261,ORD000435,ENTRY,2025-01-13 12:12:00,NORTE,85.04
YRD00001262,ORD000435,WAIT,2025-01-13 13:14:00,NORTE,77.63
YRD00001263,ORD000435,EXIT,2025-01-13 17:28:00,NORTE,78.11
YRD00001264,ORD000414,ENTRY,2025-01-13 12:23:00,SUR,84.58
YRD00001265,ORD000414,WAIT,2025-01-13 14:05:00,SUR,99.0
YRD00001266,ORD000414,EXIT,2025-01-13 18:04:00,SUR,84.84
YRD00001267,ORD000451,ENTRY,2025-01-13 13:19:00,OESTE,98.0
YRD00001268,ORD000451,WAIT,2025-01-13 15:38:00,OESTE,92.15
YRD00001269,ORD000451,EXIT,2025-01-13 19:14:00,OESTE,97.0
YRD00001270,ORD000421,ENTRY,2025-01-13 13:16:00,OESTE,91.38
YRD00001271,ORD000421,WAIT,2025-01-13 15:21:00,OESTE,82.31
YRD00001272,ORD000421,EXIT,2025-01-13 19:12:00,OESTE,68.31
YRD00001273,ORD000446,ENTRY,2025-01-13 13:54:00,OESTE,81.96
YRD00001274,ORD000446,WAIT,2025-01-13 16:06:00,OESTE,92.31
YRD00001275,ORD000446,EXIT,2025-01-13 20:48:00,OESTE,84.33
YRD00001276,ORD000422,ENTRY,2025-01-13 15:12:00,SUR,88.19
YRD00001277,ORD000422,WAIT,2025-01-13 16:40:00,SUR,99.0
YRD00001278,ORD000422,EXIT,2025-01-13 20:29:00,SUR,84.23
YRD00001279,ORD000437,ENTRY,2025-01-13 15:38:00,OESTE,78.61
YRD00001280,ORD000437,WAIT,2025-01-13 18:27:00,OESTE,98.83
YRD00001281,ORD000437,EXIT,2025-01-13 22:04:00,OESTE,92.1
YRD00001282,ORD000436,ENTRY,2025-01-13 16:32:00,NORTE,98.0
YRD00001283,ORD000436,WAIT,2025-01-13 18:22:00,NORTE,98.9
YRD00001284,ORD000436,EXIT,2025-01-13 21:47:00,NORTE,87.96
YRD00001285,ORD000444,ENTRY,2025-01-13 16:19:00,ESTE,88.76
YRD00001286,ORD000444,WAIT,2025-01-13 17:47:00,ESTE,99.0
YRD00001287,ORD000444,EXIT,2025-01-13 20:43:00,ESTE,85.82
YRD00001288,ORD000427,ENTRY,2025-01-13 18:08:00,NORTE,92.96
YRD00001289,ORD000427,WAIT,2025-01-13 19:10:00,NORTE,95.89
YRD00001290,ORD000427,EXIT,2025-01-14 00:26:00,NORTE,87.21
YRD00001291,ORD000448,ENTRY,2025-01-13 18:00:00,NORTE,92.25
YRD00001292,ORD000448,WAIT,2025-01-13 20:55:00,NORTE,87.73
YRD00001293,ORD000448,EXIT,2025-01-14 08:47:00,NORTE,91.62
YRD00001294,ORD000429,ENTRY,2025-01-13 18:53:00,SUR,83.59
YRD00001295,ORD000429,WAIT,2025-01-13 21:39:00,SUR,82.45
YRD00001296,ORD000429,EXIT,2025-01-14 09:01:00,SUR,97.0
YRD00001297,ORD000433,ENTRY,2025-01-13 19:47:00,OESTE,96.67
YRD00001298,ORD000433,WAIT,2025-01-14 06:00:00,OESTE,99.0
YRD00001299,ORD000433,EXIT,2025-01-14 11:05:00,OESTE,85.79
YRD00001300,ORD000441,ENTRY,2025-01-13 20:37:00,ESTE,98.0
YRD00001301,ORD000441,WAIT,2025-01-14 06:00:00,ESTE,87.78
YRD00001302,ORD000441,EXIT,2025-01-14 09:41:00,ESTE,86.15
YRD00001303,ORD000443,ENTRY,2025-01-13 22:22:00,SUR,74.14
YRD00001304,ORD000443,WAIT,2025-01-14 00:55:00,SUR,99.0
YRD00001305,ORD000443,EXIT,2025-01-14 03:19:00,SUR,84.82
YRD00001306,ORD000449,ENTRY,2025-01-14 00:29:00,ESTE,93.84
YRD00001307,ORD000449,WAIT,2025-01-14 01:23:00,ESTE,89.45
YRD00001308,ORD000449,EXIT,2025-01-14 08:43:00,ESTE,88.53
YRD00001309,ORD000426,ENTRY,2025-01-14 00:03:00,NORTE,87.14
YRD00001310,ORD000426,WAIT,2025-01-14 01:32:00,NORTE,96.87
YRD00001311,ORD000426,EXIT,2025-01-14 04:36:00,NORTE,92.34
YRD00001312,ORD000424,ENTRY,2025-01-14 01:10:00,SUR,98.0
YRD00001313,ORD000424,WAIT,2025-01-14 06:00:00,SUR,99.0
YRD00001314,ORD000424,EXIT,2025-01-14 10:32:00,SUR,93.67
YRD00001315,ORD000455,ENTRY,2025-01-14 02:54:00,SUR,94.04
YRD00001316,ORD000455,WAIT,2025-01-14 06:00:00,SUR,91.16
YRD00001317,ORD000455,EXIT,2025-01-14 10:52:00,SUR,76.25
YRD00001318,ORD000442,ENTRY,2025-01-14 03:16:00,OESTE,90.27
YRD00001319,ORD000442,WAIT,2025-01-14 06:00:00,OESTE,99.0
YRD00001320,ORD000442,EXIT,2025-01-14 11:08:00,OESTE,89.23
YRD00001321,ORD000453,ENTRY,2025-01-14 04:05:00,NORTE,96.21
YRD00001322,ORD000453,WAIT,2025-01-14 06:13:00,NORTE,95.35
YRD00001323,ORD000453,EXIT,2025-01-14 11:41:00,NORTE,75.29
YRD00001324,ORD000450,ENTRY,2025-01-14 04:00:00,ESTE,81.81
YRD00001325,ORD000450,WAIT,2025-01-14 05:18:00,ESTE,92.22
YRD00001326,ORD000450,EXIT,2025-01-14 09:34:00,ESTE,85.42
YRD00001327,ORD000431,ENTRY,2025-01-14 04:41:00,SUR,93.96
YRD00001328,ORD000431,WAIT,2025-01-14 06:50:00,SUR,99.0
YRD00001329,ORD000431,EXIT,2025-01-14 10:28:00,SUR,97.0
YRD00001330,ORD000454,ENTRY,2025-01-14 05:28:00,ESTE,85.79
YRD00001331,ORD000454,WAIT,2025-01-14 06:33:00,ESTE,83.82
YRD00001332,ORD000454,EXIT,2025-01-14 08:30:00,ESTE,68.49
YRD00001333,ORD000434,ENTRY,2025-01-14 05:39:00,NORTE,92.53
YRD00001334,ORD000434,WAIT,2025-01-14 07:49:00,NORTE,99.0
YRD00001335,ORD000434,EXIT,2025-01-14 11:30:00,NORTE,86.75
YRD00001336,ORD000430,ENTRY,2025-01-14 05:40:00,OESTE,80.65
YRD00001337,ORD000430,WAIT,2025-01-14 07:10:00,OESTE,94.54
YRD00001338,ORD000430,EXIT,2025-01-14 11:48:00,OESTE,81.2
YRD00001339,ORD000423,ENTRY,2025-01-14 05:54:00,NORTE,98.0
YRD00001340,ORD000423,WAIT,2025-01-14 08:42:00,NORTE,92.61
YRD00001341,ORD000423,EXIT,2025-01-14 13:54:00,NORTE,92.64
YRD00001342,ORD000439,ENTRY,2025-01-14 06:55:00,NORTE,80.96
YRD00001343,ORD000439,WAIT,2025-01-14 09:05:00,NORTE,91.53
YRD00001344,ORD000439,EXIT,2025-01-14 13:41:00,NORTE,71.73
YRD00001345,ORD000425,ENTRY,2025-01-14 07:10:00,OESTE,94.21
YRD00001346,ORD000425,WAIT,2025-01-14 08:18:00,OESTE,78.9
YRD00001347,ORD000425,EXIT,2025-01-14 14:10:00,OESTE,76.29
YRD00001348,ORD000447,ENTRY,2025-01-14 08:12:00,OESTE,82.16
YRD00001349,ORD000447,WAIT,2025-01-14 10:14:00,OESTE,92.49
YRD00001350,ORD000447,EXIT,2025-01-14 13:02:00,OESTE,80.74
YRD00001351,ORD000432,ENTRY,2025-01-14 08:34:00,SUR,81.61
YRD00001352,ORD000432,WAIT,2025-01-14 10:49:00,SUR,99.0
YRD00001353,ORD000432,EXIT,2025-01-14 16:10:00,SUR,86.4
YRD00001354,ORD000438,ENTRY,2025-01-14 09:08:00,OESTE,83.93
YRD00001355,ORD000438,WAIT,2025-01-14 10:15:00,OESTE,92.19
YRD00001356,ORD000438,EXIT,2025-01-14 14:24:00,OESTE,81.06
YRD00001357,ORD000440,ENTRY,2025-01-14 11:45:00,ESTE,95.51
YRD00001358,ORD000440,WAIT,2025-01-14 14:14:00,ESTE,87.35
YRD00001359,ORD000440,EXIT,2025-01-14 19:21:00,ESTE,88.95
YRD00001360,ORD000469,ENTRY,2025-01-14 12:54:00,OESTE,88.68
YRD00001361,ORD000469,WAIT,2025-01-14 14:45:00,OESTE,99.0
YRD00001362,ORD000469,EXIT,2025-01-14 20:28:00,OESTE,79.19
YRD00001363,ORD000452,ENTRY,2025-01-14 13:00:00,NORTE,95.79
YRD00001364,ORD000452,WAIT,2025-01-14 14:28:00,NORTE,90.82
YRD00001365,ORD000452,EXIT,2025-01-14 19:40:00,NORTE,82.21
YRD00001366,ORD000476,ENTRY,2025-01-14 13:47:00,ESTE,88.66
YRD00001367,ORD000476,WAIT,2025-01-14 15:56:00,ESTE,99.0
YRD00001368,ORD000476,EXIT,2025-01-14 19:19:00,ESTE,91.21
YRD00001369,ORD000474,ENTRY,2025-01-14 13:25:00,SUR,86.93
YRD00001370,ORD000474,WAIT,2025-01-14 16:10:00,SUR,99.0
YRD00001371,ORD000474,EXIT,2025-01-14 21:50:00,SUR,97.0
YRD00001372,ORD000487,ENTRY,2025-01-14 13:55:00,NORTE,87.11
YRD00001373,ORD000487,WAIT,2025-01-14 15:18:00,NORTE,91.27
YRD00001374,ORD000487,EXIT,2025-01-14 20:57:00,NORTE,78.75
YRD00001375,ORD000460,ENTRY,2025-01-14 15:20:00,OESTE,70.94
YRD00001376,ORD000460,WAIT,2025-01-14 17:54:00,OESTE,94.94
YRD00001377,ORD000460,EXIT,2025-01-14 19:23:00,OESTE,82.57
YRD00001378,ORD000428,ENTRY,2025-01-14 14:24:00,SUR,96.95
YRD00001379,ORD000428,WAIT,2025-01-14 16:18:00,SUR,82.41
YRD00001380,ORD000428,EXIT,2025-01-14 21:59:00,SUR,88.67
YRD00001381,ORD000484,ENTRY,2025-01-14 14:43:00,ESTE,95.2
YRD00001382,ORD000484,WAIT,2025-01-14 16:25:00,ESTE,96.75
YRD00001383,ORD000484,EXIT,2025-01-14 22:02:00,ESTE,86.3
YRD00001384,ORD000458,ENTRY,2025-01-14 17:55:00,ESTE,95.63
YRD00001385,ORD000458,WAIT,2025-01-14 20:34:00,ESTE,99.0
YRD00001386,ORD000458,EXIT,2025-01-15 07:58:00,ESTE,97.0
YRD00001387,ORD000471,ENTRY,2025-01-14 17:54:00,ESTE,78.3
YRD00001388,ORD000471,WAIT,2025-01-14 19:13:00,ESTE,99.0
YRD00001389,ORD000471,EXIT,2025-01-14 23:02:00,ESTE,89.23
YRD00001390,ORD000477,ENTRY,2025-01-14 18:45:00,ESTE,97.64
YRD00001391,ORD000477,WAIT,2025-01-14 20:57:00,ESTE,96.99
YRD00001392,ORD000477,EXIT,2025-01-15 08:39:00,ESTE,97.0
YRD00001393,ORD000482,ENTRY,2025-01-14 19:49:00,ESTE,80.26
YRD00001394,ORD000482,WAIT,2025-01-15 06:00:00,ESTE,99.0
YRD00001395,ORD000482,EXIT,2025-01-15 10:58:00,ESTE,83.21
YRD00001396,ORD000468,ENTRY,2025-01-14 19:37:00,OESTE,98.0
YRD00001397,ORD000468,WAIT,2025-01-14 21:08:00,OESTE,99.0
YRD00001398,ORD000468,EXIT,2025-01-14 23:36:00,OESTE,90.46
YRD00001399,ORD000470,ENTRY,2025-01-14 19:09:00,OESTE,81.38
YRD00001400,ORD000470,WAIT,2025-01-14 21:38:00,OESTE,84.5
YRD00001401,ORD000470,EXIT,2025-01-14 22:31:00,OESTE,83.63
YRD00001402,ORD000463,ENTRY,2025-01-14 22:06:00,NORTE,92.86
YRD00001403,ORD000463,WAIT,2025-01-15 00:55:00,NORTE,82.88
YRD00001404,ORD000463,EXIT,2025-01-15 03:47:00,NORTE,83.65
YRD00001405,ORD000478,ENTRY,2025-01-14 22:03:00,OESTE,92.49
YRD00001406,ORD000478,WAIT,2025-01-15 00:06:00,OESTE,83.78
YRD00001407,ORD000478,EXIT,2025-01-15 03:57:00,OESTE,78.34
YRD00001408,ORD000457,ENTRY,2025-01-14 22:35:00,ESTE,98.0
YRD00001409,ORD000457,WAIT,2025-01-15 06:00:00,ESTE,99.0
YRD00001410,ORD000457,EXIT,2025-01-15 09:59:00,ESTE,93.97
YRD00001411,ORD000481,ENTRY,2025-01-14 23:08:00,ESTE,81.57
YRD00001412,ORD000481,WAIT,2025-01-15 06:00:00,ESTE,88.0
YRD00001413,ORD000481,EXIT,2025-01-15 11:01:00,ESTE,97.0
YRD00001414,ORD000489,ENTRY,2025-01-14 23:00:00,SUR,83.73
YRD00001415,ORD000489,WAIT,2025-01-15 00:00:00,SUR,92.06
YRD00001416,ORD000489,EXIT,2025-01-15 07:09:00,SUR,97.0
YRD00001417,ORD000473,ENTRY,2025-01-15 00:10:00,SUR,93.08
YRD00001418,ORD000473,WAIT,2025-01-15 06:00:00,SUR,95.37
YRD00001419,ORD000473,EXIT,2025-01-15 10:11:00,SUR,87.74
YRD00001420,ORD000462,ENTRY,2025-01-14 23:56:00,OESTE,93.14
YRD00001421,ORD000462,WAIT,2025-01-15 00:55:00,OESTE,96.95
YRD00001422,ORD000462,EXIT,2025-01-15 03:47:00,OESTE,88.14
YRD00001423,ORD000467,ENTRY,2025-01-14 23:55:00,OESTE,80.01
YRD00001424,ORD000467,WAIT,2025-01-15 02:29:00,OESTE,86.71
YRD00001425,ORD000467,EXIT,2025-01-15 07:10:00,OESTE,94.79
YRD00001426,ORD000483,ENTRY,2025-01-15 01:20:00,NORTE,98.0
YRD00001427,ORD000483,WAIT,2025-01-15 06:00:00,NORTE,99.0
YRD00001428,ORD000483,EXIT,2025-01-15 11:35:00,NORTE,97.0
YRD00001429,ORD000488,ENTRY,2025-01-15 02:33:00,ESTE,98.0
YRD00001430,ORD000488,WAIT,2025-01-15 06:00:00,ESTE,99.0
YRD00001431,ORD000488,EXIT,2025-01-15 11:36:00,ESTE,95.28
YRD00001432,ORD000486,ENTRY,2025-01-15 02:56:00,NORTE,76.58
YRD00001433,ORD000486,WAIT,2025-01-15 04:30:00,NORTE,91.57
YRD00001434,ORD000486,EXIT,2025-01-15 08:51:00,NORTE,60.64
YRD00001435,ORD000475,ENTRY,2025-01-15 04:21:00,OESTE,86.66
YRD00001436,ORD000475,WAIT,2025-01-15 07:03:00,OESTE,94.83
YRD00001437,ORD000475,EXIT,2025-01-15 11:25:00,OESTE,89.77
YRD00001438,ORD000461,ENTRY,2025-01-15 05:39:00,SUR,92.38
YRD00001439,ORD000461,WAIT,2025-01-15 08:21:00,SUR,93.41
YRD00001440,ORD000461,EXIT,2025-01-15 12:09:00,SUR,94.04
YRD00001441,ORD000456,ENTRY,2025-01-15 07:38:00,SUR,94.98
YRD00001442,ORD000456,WAIT,2025-01-15 09:16:00,SUR,99.0
YRD00001443,ORD000456,EXIT,2025-01-15 13:29:00,SUR,82.37
YRD00001444,ORD000479,ENTRY,2025-01-15 07:29:00,OESTE,90.59
YRD00001445,ORD000479,WAIT,2025-01-15 09:38:00,OESTE,91.4
YRD00001446,ORD000479,EXIT,2025-01-15 14:14:00,OESTE,65.93
YRD00001447,ORD000459,ENTRY,2025-01-15 07:54:00,ESTE,96.54
YRD00001448,ORD000459,WAIT,2025-01-15 10:16:00,ESTE,93.44
YRD00001449,ORD000459,EXIT,2025-01-15 12:57:00,ESTE,75.23
YRD00001450,ORD000466,ENTRY,2025-01-15 08:10:00,ESTE,89.13
YRD00001451,ORD000466,WAIT,2025-01-15 10:03:00,ESTE,99.0
YRD00001452,ORD000466,EXIT,2025-01-15 14:36:00,ESTE,77.14
YRD00001453,ORD000480,ENTRY,2025-01-15 08:33:00,OESTE,96.56
YRD00001454,ORD000480,WAIT,2025-01-15 11:18:00,OESTE,99.0
YRD00001455,ORD000480,EXIT,2025-01-15 15:39:00,OESTE,91.01
YRD00001456,ORD000485,ENTRY,2025-01-15 08:46:00,SUR,98.0
YRD00001457,ORD000485,WAIT,2025-01-15 11:56:00,SUR,99.0
YRD00001458,ORD000485,EXIT,2025-01-15 17:25:00,SUR,97.0
YRD00001459,ORD000472,ENTRY,2025-01-15 08:38:00,NORTE,94.66
YRD00001460,ORD000472,WAIT,2025-01-15 10:15:00,NORTE,99.0
YRD00001461,ORD000472,EXIT,2025-01-15 16:11:00,NORTE,80.0
YRD00001462,ORD000490,ENTRY,2025-01-15 10:50:00,NORTE,98.0
YRD00001463,ORD000490,WAIT,2025-01-15 13:02:00,NORTE,97.56
YRD00001464,ORD000490,EXIT,2025-01-15 17:41:00,NORTE,86.36
YRD00001465,ORD000464,ENTRY,2025-01-15 11:18:00,ESTE,91.64
YRD00001466,ORD000464,WAIT,2025-01-15 14:43:00,ESTE,97.64
YRD00001467,ORD000464,EXIT,2025-01-15 18:09:00,ESTE,97.0
YRD00001468,ORD000465,ENTRY,2025-01-15 14:00:00,ESTE,98.0
YRD00001469,ORD000465,WAIT,2025-01-15 16:39:00,ESTE,99.0
YRD00001470,ORD000465,EXIT,2025-01-15 22:34:00,ESTE,76.26
