order_id,vin,fecha_plan,fecha_objetivo_salida,tipo_propulsion,familia_van,destino,prioridad_cliente,bateria_kwh
ORD000001,W1V83910557654448,2025-01-01 21:54:00,2025-01-02 19:54:00,ICE,CrewVan,Benelux,2,0
ORD000002,W1V50056867529437,2025-01-01 17:16:00,2025-01-03 06:16:00,ICE,MidVan,Francia,2,0
ORD000003,W1V99006413291368,2025-01-01 16:48:00,2025-01-04 04:48:00,ICE,CrewVan,Iberia,1,0
ORD000004,W1V56339993824422,2025-01-01 10:40:00,2025-01-02 10:40:00,ICE,MidVan,Francia,3,0
ORD000005,W1V32276342982459,2025-01-01 06:23:00,2025-01-03 10:23:00,ICE,LargeVan,Iberia,2,0
ORD000006,W1V10336081784686,2025-01-01 17:18:00,2025-01-03 13:18:00,ICE,MidVan,Benelux,1,0
ORD000007,W1V86243522172927,2025-01-01 04:28:00,2025-01-03 09:28:00,ICE,CrewVan,Alemania,2,0
ORD000008,W1V42513765311273,2025-01-01 12:59:00,2025-01-04 00:59:00,EV,LargeVan,Alemania,1,70
ORD000009,W1V83470429343715,2025-01-01 20:54:00,2025-01-03 07:54:00,ICE,MidVan,Francia,3,0
ORD000010,W1V70880521943150,2025-01-01 03:36:00,2025-01-03 04:36:00,ICE,LargeVan,Iberia,2,0
ORD000011,W1V97104524594392,2025-01-01 19:49:00,2025-01-02 22:49:00,EV,MidVan,Iberia,2,85
ORD000012,W1V21845423422747,2025-01-01 02:13:00,2025-01-03 17:13:00,ICE,CrewVan,Benelux,3,0
ORD000013,W1V27321714547149,2025-01-01 06:44:00,2025-01-02 13:44:00,ICE,LargeVan,Italia,2,0
ORD000014,W1V43865905251692,2025-01-01 21:13:00,2025-01-04 07:13:00,EV,LargeVan,Francia,2,85
ORD000015,W1V59287167929235,2025-01-01 13:37:00,2025-01-03 15:37:00,EV,CrewVan,Francia,3,85
ORD000016,W1V97043341185762,2025-01-01 08:55:00,2025-01-04 14:55:00,EV,MidVan,Alemania,2,95
ORD000017,W1V63126188406073,2025-01-01 02:56:00,2025-01-03 18:56:00,ICE,CrewVan,Alemania,2,0
ORD000018,W1V23595605026913,2025-01-01 08:15:00,2025-01-04 06:15:00,ICE,LargeVan,Italia,1,0
ORD000019,W1V47701328582186,2025-01-01 21:49:00,2025-01-04 10:49:00,ICE,CrewVan,Benelux,1,0
ORD000020,W1V75326447849597,2025-01-01 03:16:00,2025-01-04 12:16:00,ICE,CrewVan,Iberia,2,0
ORD000021,W1V95331165526972,2025-01-01 12:18:00,2025-01-03 10:18:00,ICE,MidVan,Alemania,2,0
ORD000022,W1V98235527579252,2025-01-01 08:18:00,2025-01-02 19:18:00,ICE,CrewVan,Alemania,2,0
ORD000023,W1V48398455345262,2025-01-01 10:40:00,2025-01-03 19:40:00,ICE,LargeVan,Benelux,2,0
ORD000024,W1V56756333789006,2025-01-01 13:56:00,2025-01-03 02:56:00,ICE,MidVan,Italia,2,0
ORD000025,W1V66665996455617,2025-01-01 10:19:00,2025-01-03 03:19:00,ICE,LargeVan,Italia,2,0
ORD000026,W1V29161737547780,2025-01-01 17:12:00,2025-01-03 01:12:00,ICE,MidVan,Italia,3,0
ORD000027,W1V63521638343944,2025-01-01 21:48:00,2025-01-04 00:48:00,EV,LargeVan,Alemania,2,70
ORD000028,W1V67170356550973,2025-01-01 05:37:00,2025-01-03 17:37:00,ICE,LargeVan,Iberia,1,0
ORD000029,W1V75699032410185,2025-01-01 16:47:00,2025-01-04 16:47:00,ICE,LargeVan,Iberia,3,0
ORD000030,W1V92407189159065,2025-01-01 21:20:00,2025-01-04 03:20:00,ICE,CrewVan,Iberia,1,0
ORD000031,W1V61035023654685,2025-01-01 06:03:00,2025-01-04 14:03:00,EV,MidVan,Iberia,2,70
ORD000032,W1V37951317734787,2025-01-01 02:06:00,2025-01-02 01:06:00,EV,LargeVan,Italia,2,70
ORD000033,W1V27212741207640,2025-01-01 05:11:00,2025-01-03 16:11:00,ICE,LargeVan,Alemania,1,0
ORD000034,W1V14563868136945,2025-01-01 21:36:00,2025-01-04 23:36:00,ICE,CrewVan,Francia,2,0
ORD000035,W1V87652831142685,2025-01-01 15:02:00,2025-01-03 07:02:00,EV,CrewVan,Benelux,1,70
ORD000036,W1V69507231491344,2025-01-02 07:31:00,2025-01-05 06:31:00,ICE,LargeVan,Alemania,3,0
ORD000037,W1V88054604881511,2025-01-02 02:18:00,2025-01-03 05:18:00,ICE,MidVan,Italia,1,0
ORD000038,W1V60733875184035,2025-01-02 15:52:00,2025-01-04 02:52:00,EV,LargeVan,Italia,2,95
ORD000039,W1V44252628715048,2025-01-02 10:57:00,2025-01-04 20:57:00,EV,LargeVan,Iberia,2,95
ORD000040,W1V58556949305268,2025-01-02 02:25:00,2025-01-03 18:25:00,ICE,MidVan,Iberia,2,0
ORD000041,W1V77745892273029,2025-01-02 08:55:00,2025-01-04 18:55:00,ICE,LargeVan,Alemania,2,0
ORD000042,W1V21988597811470,2025-01-02 21:41:00,2025-01-04 03:41:00,EV,LargeVan,Iberia,1,70
ORD000043,W1V84951487900185,2025-01-02 20:12:00,2025-01-04 12:12:00,ICE,MidVan,Alemania,2,0
ORD000044,W1V73979339787687,2025-01-02 20:48:00,2025-01-04 17:48:00,ICE,CrewVan,Iberia,2,0
ORD000045,W1V43365951534362,2025-01-02 20:24:00,2025-01-05 11:24:00,ICE,CrewVan,Iberia,2,0
ORD000046,W1V58250803814142,2025-01-02 06:43:00,2025-01-03 20:43:00,ICE,MidVan,Benelux,3,0
ORD000047,W1V74887551262897,2025-01-02 04:25:00,2025-01-04 05:25:00,EV,CrewVan,Italia,3,95
ORD000048,W1V67710619954882,2025-01-02 15:28:00,2025-01-05 02:28:00,ICE,CrewVan,Iberia,3,0
ORD000049,W1V44036229591173,2025-01-02 09:28:00,2025-01-03 19:28:00,ICE,LargeVan,Francia,1,0
ORD000050,W1V59322589143942,2025-01-02 10:40:00,2025-01-03 14:40:00,ICE,LargeVan,Alemania,2,0
ORD000051,W1V22403453891493,2025-01-02 09:18:00,2025-01-04 05:18:00,ICE,CrewVan,Benelux,3,0
ORD000052,W1V92851475049671,2025-01-02 21:53:00,2025-01-05 22:53:00,EV,LargeVan,Iberia,1,85
ORD000053,W1V61745764044611,2025-01-02 04:17:00,2025-01-03 12:17:00,ICE,MidVan,Francia,3,0
ORD000054,W1V16084317274665,2025-01-02 21:56:00,2025-01-05 23:56:00,EV,MidVan,Francia,1,85
ORD000055,W1V50951573483715,2025-01-02 18:27:00,2025-01-04 19:27:00,ICE,MidVan,Iberia,3,0
ORD000056,W1V45469922925246,2025-01-02 17:16:00,2025-01-05 07:16:00,ICE,CrewVan,Iberia,1,0
ORD000057,W1V25867393423131,2025-01-02 20:12:00,2025-01-04 01:12:00,EV,LargeVan,Benelux,2,70
ORD000058,W1V35465758107610,2025-01-02 16:04:00,2025-01-04 06:04:00,EV,MidVan,Alemania,2,70
ORD000059,W1V88609370423110,2025-01-02 12:38:00,2025-01-05 20:38:00,ICE,MidVan,Iberia,1,0
ORD000060,W1V30760046407098,2025-01-02 23:08:00,2025-01-06 07:08:00,EV,CrewVan,Italia,2,95
ORD000061,W1V13647597390529,2025-01-02 13:05:00,2025-01-05 19:05:00,ICE,LargeVan,Francia,2,0
ORD000062,W1V78486356949200,2025-01-02 05:40:00,2025-01-05 08:40:00,EV,LargeVan,Benelux,3,85
ORD000063,W1V76211475338223,2025-01-02 21:08:00,2025-01-05 14:08:00,ICE,CrewVan,Francia,1,0
ORD000064,W1V63697855362050,2025-01-02 16:21:00,2025-01-04 14:21:00,ICE,MidVan,Francia,3,0
ORD000065,W1V96888493817610,2025-01-02 06:42:00,2025-01-03 09:42:00,EV,LargeVan,Alemania,3,95
ORD000066,W1V67931332281341,2025-01-02 11:04:00,2025-01-05 04:04:00,ICE,CrewVan,Italia,2,0
ORD000067,W1V40156841803041,2025-01-02 05:39:00,2025-01-05 06:39:00,ICE,LargeVan,Alemania,2,0
ORD000068,W1V75505785889983,2025-01-02 03:06:00,2025-01-03 05:06:00,ICE,LargeVan,Iberia,3,0
ORD000069,W1V57096898296947,2025-01-02 01:19:00,2025-01-04 19:19:00,ICE,MidVan,Benelux,1,0
ORD000070,W1V13564502027976,2025-01-02 00:52:00,2025-01-05 07:52:00,ICE,LargeVan,Francia,2,0
ORD000071,W1V89082179627287,2025-01-03 00:16:00,2025-01-04 10:16:00,ICE,MidVan,Iberia,2,0
ORD000072,W1V82634117223374,2025-01-03 02:36:00,2025-01-05 10:36:00,ICE,LargeVan,Francia,2,0
ORD000073,W1V46551585136340,2025-01-03 15:40:00,2025-01-06 04:40:00,ICE,LargeVan,Alemania,2,0
ORD000074,W1V77991138099805,2025-01-03 10:10:00,2025-01-05 12:10:00,ICE,MidVan,Francia,2,0
ORD000075,W1V80671636242883,2025-01-03 09:02:00,2025-01-06 11:02:00,ICE,MidVan,Francia,2,0
ORD000076,W1V60204324360105,2025-01-03 09:21:00,2025-01-05 00:21:00,EV,CrewVan,Alemania,2,95
ORD000077,W1V36337783162227,2025-01-03 13:54:00,2025-01-04 17:54:00,ICE,MidVan,Iberia,2,0
ORD000078,W1V43446480744380,2025-01-03 04:24:00,2025-01-04 21:24:00,ICE,MidVan,Alemania,3,0
ORD000079,W1V89595874391625,2025-01-03 10:44:00,2025-01-05 04:44:00,ICE,MidVan,Francia,2,0
ORD000080,W1V54507426155871,2025-01-03 05:26:00,2025-01-04 22:26:00,EV,CrewVan,Iberia,2,70
ORD000081,W1V79111963106065,2025-01-03 03:49:00,2025-01-05 06:49:00,ICE,CrewVan,Francia,2,0
ORD000082,W1V73587589419103,2025-01-03 12:45:00,2025-01-05 05:45:00,ICE,MidVan,Benelux,1,0
ORD000083,W1V15620852157481,2025-01-03 11:46:00,2025-01-05 12:46:00,ICE,CrewVan,Alemania,2,0
ORD000084,W1V33232139206987,2025-01-03 06:29:00,2025-01-05 19:29:00,ICE,MidVan,Francia,2,0
ORD000085,W1V36022426816901,2025-01-03 01:49:00,2025-01-06 10:49:00,ICE,MidVan,Francia,2,0
ORD000086,W1V27601520773628,2025-01-03 10:09:00,2025-01-05 07:09:00,EV,CrewVan,Iberia,2,85
ORD000087,W1V69074538933423,2025-01-03 17:01:00,2025-01-06 14:01:00,ICE,LargeVan,Alemania,3,0
ORD000088,W1V49385925075310,2025-01-03 22:09:00,2025-01-05 09:09:00,ICE,MidVan,Francia,1,0
ORD000089,W1V22423409925305,2025-01-03 06:10:00,2025-01-05 10:10:00,ICE,LargeVan,Iberia,2,0
ORD000090,W1V24854305543947,2025-01-03 03:15:00,2025-01-04 01:15:00,ICE,MidVan,Francia,1,0
ORD000091,W1V81319654518435,2025-01-03 04:24:00,2025-01-04 03:24:00,ICE,MidVan,Iberia,2,0
ORD000092,W1V24482345876846,2025-01-03 06:28:00,2025-01-05 09:28:00,ICE,MidVan,Italia,3,0
ORD000093,W1V64031291412760,2025-01-03 19:36:00,2025-01-04 18:36:00,ICE,MidVan,Benelux,2,0
ORD000094,W1V38368167272976,2025-01-03 15:55:00,2025-01-04 21:55:00,ICE,CrewVan,Iberia,3,0
ORD000095,W1V69938702096389,2025-01-03 02:44:00,2025-01-04 23:44:00,ICE,CrewVan,Alemania,2,0
ORD000096,W1V56158951594107,2025-01-03 14:41:00,2025-01-06 11:41:00,ICE,LargeVan,Iberia,2,0
ORD000097,W1V77997348626526,2025-01-03 08:03:00,2025-01-06 02:03:00,ICE,MidVan,Francia,1,0
ORD000098,W1V50276415179853,2025-01-03 06:30:00,2025-01-04 22:30:00,EV,MidVan,Italia,2,95
ORD000099,W1V46292805521921,2025-01-03 09:04:00,2025-01-06 11:04:00,ICE,LargeVan,Iberia,3,0
ORD000100,W1V29117368075862,2025-01-03 03:25:00,2025-01-04 04:25:00,EV,CrewVan,Iberia,3,70
ORD000101,W1V83353228228704,2025-01-03 10:09:00,2025-01-04 16:09:00,EV,LargeVan,Iberia,2,95
ORD000102,W1V34683092145148,2025-01-03 13:12:00,2025-01-05 18:12:00,EV,CrewVan,Benelux,2,85
ORD000103,W1V87612063913489,2025-01-03 02:01:00,2025-01-04 22:01:00,ICE,LargeVan,Iberia,3,0
ORD000104,W1V75242891703736,2025-01-03 10:54:00,2025-01-04 18:54:00,ICE,LargeVan,Alemania,2,0
ORD000105,W1V28426478358591,2025-01-03 13:27:00,2025-01-06 07:27:00,EV,CrewVan,Benelux,2,85
ORD000106,W1V16931553998920,2025-01-04 14:25:00,2025-01-06 06:25:00,ICE,MidVan,Iberia,2,0
ORD000107,W1V76489345997602,2025-01-04 01:30:00,2025-01-06 03:30:00,EV,LargeVan,Italia,2,95
ORD000108,W1V21238694413427,2025-01-04 05:08:00,2025-01-06 11:08:00,ICE,LargeVan,Italia,2,0
ORD000109,W1V87878075884740,2025-01-04 01:48:00,2025-01-07 03:48:00,ICE,MidVan,Benelux,1,0
ORD000110,W1V16589709713153,2025-01-04 14:16:00,2025-01-06 23:16:00,ICE,MidVan,Iberia,3,0
ORD000111,W1V38790159609135,2025-01-04 18:14:00,2025-01-07 14:14:00,ICE,LargeVan,Iberia,2,0
ORD000112,W1V95821805445255,2025-01-04 01:41:00,2025-01-06 10:41:00,EV,MidVan,Alemania,2,95
ORD000113,W1V82250053676873,2025-01-04 13:42:00,2025-01-07 10:42:00,EV,LargeVan,Alemania,2,85
ORD000114,W1V65724926604442,2025-01-04 14:08:00,2025-01-05 23:08:00,ICE,LargeVan,Benelux,1,0
ORD000115,W1V34304161709056,2025-01-04 03:58:00,2025-01-05 20:58:00,ICE,LargeVan,Francia,2,0
ORD000116,W1V83609775392028,2025-01-04 09:40:00,2025-01-05 16:40:00,ICE,LargeVan,Italia,1,0
ORD000117,W1V91925085125604,2025-01-04 14:29:00,2025-01-07 16:29:00,EV,MidVan,Iberia,2,70
ORD000118,W1V25415120169239,2025-01-04 11:16:00,2025-01-07 19:16:00,EV,CrewVan,Francia,2,85
ORD000119,W1V41825068462454,2025-01-04 01:41:00,2025-01-06 18:41:00,ICE,MidVan,Italia,3,0
ORD000120,W1V80325683390021,2025-01-04 06:16:00,2025-01-05 23:16:00,EV,CrewVan,Iberia,3,70
ORD000121,W1V24885799080165,2025-01-04 10:56:00,2025-01-05 23:56:00,EV,LargeVan,Iberia,2,85
ORD000122,W1V51831731306135,2025-01-04 22:44:00,2025-01-06 04:44:00,EV,MidVan,Francia,2,85
ORD000123,W1V33025434410548,2025-01-04 00:48:00,2025-01-07 00:48:00,EV,MidVan,Francia,3,85
ORD000124,W1V37947667435529,2025-01-04 18:07:00,2025-01-07 01:07:00,ICE,CrewVan,Benelux,2,0
ORD000125,W1V94203180284591,2025-01-04 07:12:00,2025-01-06 18:12:00,EV,MidVan,Iberia,2,95
ORD000126,W1V72619205361157,2025-01-04 08:14:00,2025-01-07 18:14:00,ICE,MidVan,Iberia,3,0
ORD000127,W1V12972203333119,2025-01-04 02:13:00,2025-01-05 02:13:00,EV,MidVan,Italia,2,95
ORD000128,W1V60758609398120,2025-01-04 22:10:00,2025-01-07 00:10:00,EV,LargeVan,Benelux,2,95
ORD000129,W1V46998368821411,2025-01-04 22:03:00,2025-01-07 22:03:00,ICE,MidVan,Benelux,3,0
ORD000130,W1V94850134620712,2025-01-04 05:11:00,2025-01-06 07:11:00,ICE,MidVan,Italia,2,0
ORD000131,W1V78095745574582,2025-01-04 17:57:00,2025-01-06 14:57:00,ICE,MidVan,Francia,2,0
ORD000132,W1V15493343270748,2025-01-04 17:40:00,2025-01-05 23:40:00,ICE,MidVan,Benelux,2,0
ORD000133,W1V31039563542053,2025-01-04 12:10:00,2025-01-06 00:10:00,ICE,CrewVan,Iberia,2,0
ORD000134,W1V67267141295136,2025-01-04 11:58:00,2025-01-06 05:58:00,ICE,MidVan,Iberia,1,0
ORD000135,W1V67243705916676,2025-01-04 07:20:00,2025-01-05 23:20:00,ICE,LargeVan,Iberia,2,0
ORD000136,W1V64859460742977,2025-01-04 15:55:00,2025-01-06 10:55:00,ICE,MidVan,Alemania,1,0
ORD000137,W1V28212576235625,2025-01-04 13:24:00,2025-01-07 23:24:00,ICE,MidVan,Iberia,2,0
ORD000138,W1V99157073719928,2025-01-04 10:49:00,2025-01-06 21:49:00,ICE,MidVan,Italia,1,0
ORD000139,W1V40231838348723,2025-01-04 06:41:00,2025-01-06 23:41:00,ICE,LargeVan,Francia,1,0
ORD000140,W1V39994472459839,2025-01-04 13:12:00,2025-01-07 09:12:00,EV,MidVan,Iberia,1,95
ORD000141,W1V32051552288124,2025-01-05 21:21:00,2025-01-06 19:21:00,EV,LargeVan,Italia,3,70
ORD000142,W1V12513929514192,2025-01-05 20:57:00,2025-01-07 13:57:00,ICE,MidVan,Iberia,1,0
ORD000143,W1V91252718473422,2025-01-05 15:11:00,2025-01-07 05:11:00,EV,MidVan,Francia,2,95
ORD000144,W1V59241952032423,2025-01-05 12:28:00,2025-01-08 03:28:00,EV,CrewVan,Alemania,1,70
ORD000145,W1V67665372274942,2025-01-05 14:00:00,2025-01-08 10:00:00,EV,CrewVan,Alemania,1,70
ORD000146,W1V72376456459459,2025-01-05 19:36:00,2025-01-07 01:36:00,ICE,MidVan,Benelux,3,0
ORD000147,W1V86624164916630,2025-01-05 03:05:00,2025-01-07 19:05:00,ICE,MidVan,Italia,2,0
ORD000148,W1V55463890340651,2025-01-05 00:50:00,2025-01-08 06:50:00,ICE,MidVan,Iberia,2,0
ORD000149,W1V88196736693886,2025-01-05 16:45:00,2025-01-07 21:45:00,EV,LargeVan,Italia,2,70
ORD000150,W1V14129661793775,2025-01-05 22:32:00,2025-01-07 03:32:00,EV,LargeVan,Italia,2,95
ORD000151,W1V49184905763203,2025-01-05 02:44:00,2025-01-07 07:44:00,EV,LargeVan,Italia,3,70
ORD000152,W1V66137733562001,2025-01-05 03:38:00,2025-01-07 19:38:00,EV,MidVan,Alemania,2,85
ORD000153,W1V72863583210607,2025-01-05 09:56:00,2025-01-06 07:56:00,EV,CrewVan,Iberia,2,95
ORD000154,W1V48590184686547,2025-01-05 06:02:00,2025-01-06 07:02:00,ICE,LargeVan,Alemania,1,0
ORD000155,W1V55332101499519,2025-01-05 00:26:00,2025-01-07 19:26:00,EV,LargeVan,Iberia,2,95
ORD000156,W1V54369429151307,2025-01-05 05:52:00,2025-01-08 14:52:00,EV,CrewVan,Francia,3,85
ORD000157,W1V40061020764324,2025-01-05 19:16:00,2025-01-08 15:16:00,EV,MidVan,Alemania,3,85
ORD000158,W1V44116086735038,2025-01-05 16:38:00,2025-01-07 23:38:00,EV,CrewVan,Francia,1,95
ORD000159,W1V96602800522359,2025-01-05 14:57:00,2025-01-07 23:57:00,EV,MidVan,Italia,3,85
ORD000160,W1V28245088236624,2025-01-05 16:03:00,2025-01-07 00:03:00,ICE,MidVan,Benelux,3,0
ORD000161,W1V56752153354337,2025-01-05 23:17:00,2025-01-08 10:17:00,ICE,LargeVan,Iberia,1,0
ORD000162,W1V22768191065559,2025-01-05 21:41:00,2025-01-09 04:41:00,EV,CrewVan,Iberia,2,70
ORD000163,W1V48630618562532,2025-01-05 04:31:00,2025-01-06 17:31:00,EV,LargeVan,Iberia,2,95
ORD000164,W1V91398202684482,2025-01-05 22:36:00,2025-01-08 00:36:00,EV,MidVan,Iberia,2,85
ORD000165,W1V88949374260358,2025-01-05 21:27:00,2025-01-08 18:27:00,EV,MidVan,Alemania,1,85
ORD000166,W1V37078473093733,2025-01-05 06:40:00,2025-01-06 05:40:00,EV,CrewVan,Italia,1,85
ORD000167,W1V63319413433705,2025-01-05 05:07:00,2025-01-07 12:07:00,EV,MidVan,Francia,1,70
ORD000168,W1V22396789705828,2025-01-05 11:19:00,2025-01-07 11:19:00,ICE,CrewVan,Alemania,2,0
ORD000169,W1V55979836514025,2025-01-05 13:29:00,2025-01-07 16:29:00,ICE,CrewVan,Iberia,2,0
ORD000170,W1V99267959986557,2025-01-05 09:21:00,2025-01-08 10:21:00,ICE,LargeVan,Alemania,2,0
ORD000171,W1V67566467135790,2025-01-05 06:10:00,2025-01-07 13:10:00,ICE,CrewVan,Alemania,2,0
ORD000172,W1V35621166684263,2025-01-05 04:12:00,2025-01-06 13:12:00,ICE,LargeVan,Italia,2,0
ORD000173,W1V95316343023956,2025-01-05 11:09:00,2025-01-07 23:09:00,ICE,MidVan,Iberia,3,0
ORD000174,W1V14452474577685,2025-01-05 22:27:00,2025-01-09 04:27:00,ICE,MidVan,Alemania,2,0
ORD000175,W1V84012578317388,2025-01-05 11:55:00,2025-01-08 15:55:00,ICE,MidVan,Italia,2,0
ORD000176,W1V88284499805722,2025-01-06 09:36:00,2025-01-07 14:36:00,EV,CrewVan,Alemania,2,85
ORD000177,W1V17448324134508,2025-01-06 07:13:00,2025-01-09 12:13:00,ICE,MidVan,Iberia,3,0
ORD000178,W1V36727221128962,2025-01-06 18:14:00,2025-01-08 23:14:00,ICE,MidVan,Alemania,2,0
ORD000179,W1V98529924871735,2025-01-06 22:57:00,2025-01-09 08:57:00,ICE,MidVan,Francia,3,0
ORD000180,W1V80840612029899,2025-01-06 20:57:00,2025-01-09 03:57:00,EV,LargeVan,Benelux,1,70
ORD000181,W1V39230459157895,2025-01-06 21:19:00,2025-01-08 13:19:00,ICE,MidVan,Alemania,2,0
ORD000182,W1V42580226485239,2025-01-06 06:22:00,2025-01-08 09:22:00,ICE,MidVan,Benelux,2,0
ORD000183,W1V36087023094154,2025-01-06 04:38:00,2025-01-07 05:38:00,ICE,LargeVan,Iberia,2,0
ORD000184,W1V49606934305523,2025-01-06 15:43:00,2025-01-08 22:43:00,ICE,LargeVan,Francia,2,0
ORD000185,W1V46728594650032,2025-01-06 01:16:00,2025-01-08 07:16:00,ICE,CrewVan,Alemania,3,0
ORD000186,W1V53677548204878,2025-01-06 08:06:00,2025-01-09 00:06:00,ICE,LargeVan,Italia,2,0
ORD000187,W1V86265663313817,2025-01-06 23:34:00,2025-01-08 15:34:00,EV,CrewVan,Alemania,2,95
ORD000188,W1V88927713462877,2025-01-06 18:52:00,2025-01-08 20:52:00,EV,MidVan,Francia,1,70
ORD000189,W1V54866996515569,2025-01-06 23:09:00,2025-01-09 02:09:00,ICE,LargeVan,Iberia,2,0
ORD000190,W1V24490800861167,2025-01-06 02:59:00,2025-01-08 10:59:00,ICE,CrewVan,Francia,2,0
ORD000191,W1V92292678417559,2025-01-06 19:13:00,2025-01-10 05:13:00,ICE,MidVan,Francia,2,0
ORD000192,W1V17631889197591,2025-01-06 12:15:00,2025-01-07 17:15:00,ICE,MidVan,Iberia,1,0
ORD000193,W1V90426828385007,2025-01-06 22:14:00,2025-01-09 23:14:00,ICE,MidVan,Italia,2,0
ORD000194,W1V78736773289454,2025-01-06 21:20:00,2025-01-10 06:20:00,EV,MidVan,Iberia,2,95
ORD000195,W1V87669588598825,2025-01-06 10:51:00,2025-01-09 04:51:00,ICE,CrewVan,Benelux,2,0
ORD000196,W1V99616236172522,2025-01-06 17:27:00,2025-01-09 09:27:00,EV,MidVan,Alemania,2,85
ORD000197,W1V92078182800015,2025-01-06 09:13:00,2025-01-08 06:13:00,ICE,MidVan,Francia,2,0
ORD000198,W1V10808079341178,2025-01-06 07:16:00,2025-01-07 16:16:00,EV,CrewVan,Italia,2,95
ORD000199,W1V18266949831756,2025-01-06 01:06:00,2025-01-07 01:06:00,ICE,LargeVan,Francia,1,0
ORD000200,W1V65498288896557,2025-01-06 20:38:00,2025-01-09 10:38:00,ICE,LargeVan,Iberia,2,0
ORD000201,W1V14504357056203,2025-01-06 23:40:00,2025-01-09 06:40:00,ICE,MidVan,Italia,1,0
ORD000202,W1V94370713017824,2025-01-06 17:09:00,2025-01-09 11:09:00,ICE,LargeVan,Benelux,2,0
ORD000203,W1V79721163823261,2025-01-06 16:58:00,2025-01-08 16:58:00,EV,CrewVan,Iberia,2,70
ORD000204,W1V71866189833738,2025-01-06 00:24:00,2025-01-07 23:24:00,ICE,LargeVan,Francia,2,0
ORD000205,W1V54406548516934,2025-01-06 23:44:00,2025-01-09 19:44:00,ICE,MidVan,Iberia,2,0
ORD000206,W1V85324736751771,2025-01-06 13:32:00,2025-01-08 05:32:00,EV,LargeVan,Benelux,2,85
ORD000207,W1V59924415642594,2025-01-06 21:03:00,2025-01-08 17:03:00,ICE,CrewVan,Francia,2,0
ORD000208,W1V69916016434463,2025-01-06 00:10:00,2025-01-09 09:10:00,ICE,MidVan,Benelux,2,0
ORD000209,W1V33770172845724,2025-01-06 18:58:00,2025-01-09 11:58:00,ICE,MidVan,Francia,2,0
ORD000210,W1V69909837411231,2025-01-06 01:28:00,2025-01-07 04:28:00,EV,CrewVan,Francia,2,95
ORD000211,W1V30264248708990,2025-01-07 19:24:00,2025-01-09 06:24:00,ICE,LargeVan,Alemania,2,0
ORD000212,W1V58821183594894,2025-01-07 10:43:00,2025-01-08 23:43:00,ICE,MidVan,Alemania,3,0
ORD000213,W1V33522652020444,2025-01-07 02:06:00,2025-01-08 03:06:00,ICE,MidVan,Alemania,2,0
ORD000214,W1V72503491940039,2025-01-07 07:49:00,2025-01-09 13:49:00,EV,LargeVan,Alemania,2,95
ORD000215,W1V51357967036858,2025-01-07 16:15:00,2025-01-10 04:15:00,EV,MidVan,Alemania,1,70
ORD000216,W1V16639368833043,2025-01-07 14:34:00,2025-01-08 19:34:00,ICE,MidVan,Alemania,3,0
ORD000217,W1V21433280363994,2025-01-07 07:32:00,2025-01-09 19:32:00,EV,MidVan,Italia,1,85
ORD000218,W1V34775116112307,2025-01-07 11:52:00,2025-01-08 21:52:00,EV,MidVan,Alemania,3,85
ORD000219,W1V62192237825709,2025-01-07 15:53:00,2025-01-08 21:53:00,EV,CrewVan,Francia,2,70
ORD000220,W1V36316647074011,2025-01-07 23:33:00,2025-01-09 05:33:00,ICE,LargeVan,Benelux,3,0
ORD000221,W1V76649091732936,2025-01-07 16:57:00,2025-01-11 03:57:00,ICE,CrewVan,Alemania,2,0
ORD000222,W1V45568815829587,2025-01-07 14:57:00,2025-01-11 00:57:00,EV,CrewVan,Iberia,2,95
ORD000223,W1V69368151762405,2025-01-07 07:14:00,2025-01-08 11:14:00,ICE,CrewVan,Alemania,2,0
ORD000224,W1V27026704898953,2025-01-07 16:15:00,2025-01-10 12:15:00,EV,MidVan,Iberia,2,70
ORD000225,W1V85578613116560,2025-01-07 19:12:00,2025-01-08 22:12:00,EV,CrewVan,Alemania,2,70
ORD000226,W1V72769035406300,2025-01-07 22:41:00,2025-01-09 06:41:00,ICE,LargeVan,Benelux,2,0
ORD000227,W1V39415546484604,2025-01-07 17:55:00,2025-01-10 08:55:00,ICE,LargeVan,Iberia,2,0
ORD000228,W1V71336086592767,2025-01-07 11:05:00,2025-01-10 13:05:00,EV,MidVan,Alemania,3,85
ORD000229,W1V95531640863781,2025-01-07 12:11:00,2025-01-08 10:11:00,EV,MidVan,Iberia,3,70
ORD000230,W1V49694107971739,2025-01-07 09:25:00,2025-01-10 03:25:00,ICE,LargeVan,Francia,2,0
ORD000231,W1V98956783266538,2025-01-07 03:42:00,2025-01-08 19:42:00,EV,MidVan,Francia,2,95
ORD000232,W1V86798024187982,2025-01-07 00:27:00,2025-01-10 09:27:00,ICE,MidVan,Alemania,2,0
ORD000233,W1V46643354352441,2025-01-07 02:32:00,2025-01-09 07:32:00,EV,MidVan,Italia,2,85
ORD000234,W1V59821058744933,2025-01-07 08:22:00,2025-01-09 10:22:00,ICE,LargeVan,Iberia,1,0
ORD000235,W1V19161248334133,2025-01-07 03:30:00,2025-01-09 20:30:00,ICE,MidVan,Alemania,2,0
ORD000236,W1V80250219136986,2025-01-07 16:28:00,2025-01-09 05:28:00,EV,LargeVan,Francia,2,70
ORD000237,W1V81808536561363,2025-01-07 02:31:00,2025-01-10 13:31:00,ICE,LargeVan,Iberia,2,0
ORD000238,W1V96375517514339,2025-01-07 02:27:00,2025-01-09 14:27:00,EV,MidVan,Benelux,3,70
ORD000239,W1V49661334456500,2025-01-07 05:57:00,2025-01-10 11:57:00,ICE,MidVan,Iberia,2,0
ORD000240,W1V53112342125117,2025-01-07 09:23:00,2025-01-10 20:23:00,ICE,MidVan,Alemania,2,0
ORD000241,W1V37808222195560,2025-01-07 06:38:00,2025-01-08 11:38:00,ICE,MidVan,Iberia,3,0
ORD000242,W1V36783494380025,2025-01-07 04:20:00,2025-01-10 07:20:00,ICE,LargeVan,Benelux,3,0
ORD000243,W1V67009536863315,2025-01-07 00:47:00,2025-01-10 03:47:00,ICE,MidVan,Benelux,2,0
ORD000244,W1V86606908136828,2025-01-07 00:12:00,2025-01-08 06:12:00,EV,MidVan,Alemania,3,85
ORD000245,W1V16000365418489,2025-01-07 08:47:00,2025-01-09 15:47:00,EV,CrewVan,Francia,2,85
ORD000246,W1V74560912562570,2025-01-08 13:15:00,2025-01-10 15:15:00,EV,CrewVan,Alemania,1,85
ORD000247,W1V47337440653841,2025-01-08 01:30:00,2025-01-10 18:30:00,EV,MidVan,Francia,2,85
ORD000248,W1V82702271110976,2025-01-08 04:48:00,2025-01-09 14:48:00,ICE,MidVan,Alemania,2,0
ORD000249,W1V87252464095135,2025-01-08 21:00:00,2025-01-10 08:00:00,EV,LargeVan,Benelux,2,70
ORD000250,W1V87233997260183,2025-01-08 21:18:00,2025-01-12 08:18:00,EV,MidVan,Benelux,3,70
ORD000251,W1V33743595102392,2025-01-08 15:45:00,2025-01-09 15:45:00,ICE,CrewVan,Francia,2,0
ORD000252,W1V24798412103851,2025-01-08 11:04:00,2025-01-10 00:04:00,ICE,CrewVan,Francia,2,0
ORD000253,W1V75677988915549,2025-01-08 03:23:00,2025-01-09 16:23:00,ICE,CrewVan,Alemania,2,0
ORD000254,W1V34847656590000,2025-01-08 10:15:00,2025-01-11 11:15:00,EV,MidVan,Iberia,2,95
ORD000255,W1V90682234563388,2025-01-08 17:22:00,2025-01-10 08:22:00,EV,MidVan,Benelux,2,85
ORD000256,W1V78464933488431,2025-01-08 05:31:00,2025-01-09 09:31:00,ICE,MidVan,Alemania,1,0
ORD000257,W1V15495044659746,2025-01-08 10:15:00,2025-01-10 04:15:00,EV,MidVan,Francia,2,95
ORD000258,W1V65712787568099,2025-01-08 09:13:00,2025-01-11 04:13:00,EV,MidVan,Francia,2,85
ORD000259,W1V74200845449191,2025-01-08 09:02:00,2025-01-10 13:02:00,ICE,LargeVan,Benelux,3,0
ORD000260,W1V24141418277086,2025-01-08 11:00:00,2025-01-11 07:00:00,ICE,LargeVan,Alemania,2,0
ORD000261,W1V11788991246372,2025-01-08 09:29:00,2025-01-10 07:29:00,EV,MidVan,Alemania,2,95
ORD000262,W1V85446391324824,2025-01-08 02:05:00,2025-01-10 15:05:00,ICE,MidVan,Iberia,2,0
ORD000263,W1V40955656857343,2025-01-08 11:05:00,2025-01-09 12:05:00,EV,MidVan,Alemania,2,85
ORD000264,W1V76117280126220,2025-01-08 12:55:00,2025-01-10 20:55:00,ICE,MidVan,Alemania,1,0
ORD000265,W1V49072287826077,2025-01-08 16:58:00,2025-01-11 13:58:00,ICE,LargeVan,Alemania,2,0
ORD000266,W1V80283233818609,2025-01-08 12:55:00,2025-01-10 08:55:00,EV,MidVan,Francia,1,70
ORD000267,W1V97932703264037,2025-01-08 17:46:00,2025-01-09 15:46:00,ICE,MidVan,Iberia,2,0
ORD000268,W1V26778944518027,2025-01-08 01:16:00,2025-01-09 15:16:00,EV,CrewVan,Francia,2,85
ORD000269,W1V78372821583622,2025-01-08 06:00:00,2025-01-11 04:00:00,EV,LargeVan,Alemania,1,95
ORD000270,W1V50434012870030,2025-01-08 12:21:00,2025-01-10 04:21:00,EV,LargeVan,Benelux,1,70
ORD000271,W1V30478249896063,2025-01-08 20:19:00,2025-01-12 07:19:00,EV,MidVan,Iberia,2,85
ORD000272,W1V27681066882735,2025-01-08 15:37:00,2025-01-11 17:37:00,ICE,MidVan,Alemania,1,0
ORD000273,W1V85482463263003,2025-01-08 00:00:00,2025-01-10 19:00:00,ICE,MidVan,Iberia,1,0
ORD000274,W1V80320096125937,2025-01-08 15:05:00,2025-01-10 18:05:00,ICE,LargeVan,Francia,2,0
ORD000275,W1V24481381644238,2025-01-08 01:13:00,2025-01-10 00:13:00,ICE,LargeVan,Iberia,2,0
ORD000276,W1V57377233941665,2025-01-08 18:47:00,2025-01-11 01:47:00,EV,MidVan,Francia,2,70
ORD000277,W1V97499988994642,2025-01-08 19:03:00,2025-01-11 10:03:00,EV,LargeVan,Benelux,2,70
ORD000278,W1V95658888916300,2025-01-08 11:49:00,2025-01-09 23:49:00,ICE,MidVan,Iberia,2,0
ORD000279,W1V94325915790259,2025-01-08 02:53:00,2025-01-09 17:53:00,ICE,LargeVan,Francia,2,0
ORD000280,W1V89701680189800,2025-01-08 21:22:00,2025-01-11 05:22:00,EV,MidVan,Italia,3,95
ORD000281,W1V96448080149430,2025-01-09 07:00:00,2025-01-10 08:00:00,EV,LargeVan,Iberia,2,85
ORD000282,W1V90994524035501,2025-01-09 00:19:00,2025-01-10 20:19:00,EV,LargeVan,Alemania,2,85
ORD000283,W1V86250535107447,2025-01-09 01:49:00,2025-01-12 08:49:00,ICE,CrewVan,Italia,2,0
ORD000284,W1V41255552066755,2025-01-09 17:35:00,2025-01-13 01:35:00,EV,CrewVan,Iberia,3,70
ORD000285,W1V37737430220738,2025-01-09 16:44:00,2025-01-12 01:44:00,ICE,MidVan,Italia,2,0
ORD000286,W1V29650577259431,2025-01-09 01:02:00,2025-01-10 19:02:00,EV,MidVan,Francia,3,85
ORD000287,W1V18615851992790,2025-01-09 07:41:00,2025-01-12 07:41:00,EV,MidVan,Italia,3,95
ORD000288,W1V37615631248810,2025-01-09 14:12:00,2025-01-11 00:12:00,EV,LargeVan,Francia,2,95
ORD000289,W1V89868173241489,2025-01-09 01:15:00,2025-01-12 07:15:00,EV,MidVan,Francia,2,95
ORD000290,W1V96864012068371,2025-01-09 07:28:00,2025-01-11 02:28:00,ICE,MidVan,Francia,2,0
ORD000291,W1V20267271055865,2025-01-09 05:13:00,2025-01-12 05:13:00,ICE,MidVan,Benelux,3,0
ORD000292,W1V97948996512862,2025-01-09 14:20:00,2025-01-12 08:20:00,ICE,CrewVan,Iberia,2,0
ORD000293,W1V80060217793134,2025-01-09 02:00:00,2025-01-11 16:00:00,EV,MidVan,Iberia,3,85
ORD000294,W1V90479337133952,2025-01-09 05:02:00,2025-01-12 06:02:00,EV,MidVan,Benelux,2,95
ORD000295,W1V80380851097776,2025-01-09 20:01:00,2025-01-11 07:01:00,EV,MidVan,Francia,3,95
ORD000296,W1V39812559950411,2025-01-09 18:42:00,2025-01-12 07:42:00,EV,LargeVan,Alemania,2,95
ORD000297,W1V96994413247551,2025-01-09 09:44:00,2025-01-12 20:44:00,ICE,MidVan,Iberia,3,0
ORD000298,W1V48966857957508,2025-01-09 20:34:00,2025-01-12 20:34:00,ICE,MidVan,Alemania,3,0
ORD000299,W1V72463449224498,2025-01-09 22:20:00,2025-01-12 22:20:00,ICE,MidVan,Italia,2,0
ORD000300,W1V46916920861435,2025-01-09 07:34:00,2025-01-11 03:34:00,ICE,CrewVan,Francia,1,0
ORD000301,W1V48425735522727,2025-01-09 07:57:00,2025-01-11 09:57:00,EV,MidVan,Alemania,2,85
ORD000302,W1V63686981935570,2025-01-09 13:51:00,2025-01-11 16:51:00,EV,LargeVan,Francia,2,95
ORD000303,W1V71850349683418,2025-01-09 05:34:00,2025-01-11 11:34:00,ICE,MidVan,Iberia,3,0
ORD000304,W1V83402281370534,2025-01-09 08:07:00,2025-01-12 05:07:00,ICE,MidVan,Alemania,3,0
ORD000305,W1V67730210377651,2025-01-09 12:39:00,2025-01-11 22:39:00,EV,LargeVan,Alemania,2,95
ORD000306,W1V84439108576431,2025-01-09 22:00:00,2025-01-11 16:00:00,ICE,LargeVan,Benelux,3,0
ORD000307,W1V77662431780128,2025-01-09 07:21:00,2025-01-11 09:21:00,EV,LargeVan,Iberia,2,95
ORD000308,W1V53961561537206,2025-01-09 15:43:00,2025-01-11 07:43:00,ICE,MidVan,Benelux,2,0
ORD000309,W1V59843628208835,2025-01-09 02:54:00,2025-01-10 18:54:00,ICE,MidVan,Alemania,3,0
ORD000310,W1V67149371917425,2025-01-09 07:45:00,2025-01-12 03:45:00,ICE,MidVan,Francia,3,0
ORD000311,W1V21485868037166,2025-01-09 07:25:00,2025-01-12 13:25:00,ICE,LargeVan,Iberia,3,0
ORD000312,W1V77881029418480,2025-01-09 14:02:00,2025-01-10 13:02:00,EV,LargeVan,Benelux,1,95
ORD000313,W1V88308111048766,2025-01-09 08:56:00,2025-01-12 14:56:00,EV,CrewVan,Francia,2,70
ORD000314,W1V24575467750087,2025-01-09 04:13:00,2025-01-10 19:13:00,EV,LargeVan,Francia,1,95
ORD000315,W1V97773286299740,2025-01-09 05:32:00,2025-01-12 04:32:00,ICE,LargeVan,Italia,2,0
ORD000316,W1V98188117233459,2025-01-10 15:38:00,2025-01-11 21:38:00,ICE,MidVan,Alemania,2,0
ORD000317,W1V11669117061264,2025-01-10 12:38:00,2025-01-11 18:38:00,ICE,MidVan,Iberia,1,0
ORD000318,W1V36887057392288,2025-01-10 15:51:00,2025-01-11 14:51:00,EV,CrewVan,Alemania,2,95
ORD000319,W1V86711731899118,2025-01-10 05:39:00,2025-01-11 16:39:00,ICE,MidVan,Iberia,1,0
ORD000320,W1V60757510815574,2025-01-10 11:49:00,2025-01-12 13:49:00,EV,CrewVan,Alemania,2,95
ORD000321,W1V28082981729849,2025-01-10 17:29:00,2025-01-12 01:29:00,ICE,MidVan,Benelux,2,0
ORD000322,W1V44402648246036,2025-01-10 02:13:00,2025-01-12 05:13:00,ICE,MidVan,Italia,2,0
ORD000323,W1V70711463832532,2025-01-10 21:37:00,2025-01-12 05:37:00,ICE,CrewVan,Iberia,2,0
ORD000324,W1V53181927937066,2025-01-10 17:12:00,2025-01-11 23:12:00,EV,MidVan,Iberia,3,85
ORD000325,W1V55881085348457,2025-01-10 00:19:00,2025-01-11 22:19:00,EV,CrewVan,Iberia,2,85
ORD000326,W1V85357352900071,2025-01-10 14:50:00,2025-01-11 14:50:00,EV,CrewVan,Italia,2,70
ORD000327,W1V86649145628141,2025-01-10 05:36:00,2025-01-13 15:36:00,EV,MidVan,Iberia,3,70
ORD000328,W1V76155599368276,2025-01-10 07:45:00,2025-01-11 12:45:00,ICE,MidVan,Alemania,2,0
ORD000329,W1V20350392074568,2025-01-10 01:40:00,2025-01-11 00:40:00,ICE,MidVan,Alemania,1,0
ORD000330,W1V69568086042933,2025-01-10 05:25:00,2025-01-12 10:25:00,EV,LargeVan,Benelux,2,85
ORD000331,W1V50332337069358,2025-01-10 16:45:00,2025-01-12 08:45:00,EV,MidVan,Iberia,1,70
ORD000332,W1V45086897710794,2025-01-10 06:28:00,2025-01-12 22:28:00,ICE,LargeVan,Iberia,2,0
ORD000333,W1V91785249377025,2025-01-10 08:53:00,2025-01-11 08:53:00,ICE,CrewVan,Italia,2,0
ORD000334,W1V36001413241131,2025-01-10 00:58:00,2025-01-11 07:58:00,ICE,CrewVan,Alemania,3,0
ORD000335,W1V86046416444782,2025-01-10 04:12:00,2025-01-11 03:12:00,EV,LargeVan,Benelux,1,85
ORD000336,W1V57265157373299,2025-01-10 03:21:00,2025-01-11 08:21:00,ICE,LargeVan,Alemania,2,0
ORD000337,W1V55179398754741,2025-01-10 05:46:00,2025-01-12 18:46:00,ICE,CrewVan,Iberia,1,0
ORD000338,W1V62027699200266,2025-01-10 07:18:00,2025-01-13 08:18:00,ICE,LargeVan,Alemania,2,0
ORD000339,W1V52279103074733,2025-01-10 00:21:00,2025-01-12 04:21:00,ICE,MidVan,Alemania,2,0
ORD000340,W1V74515330900632,2025-01-10 02:07:00,2025-01-11 09:07:00,EV,MidVan,Benelux,2,70
ORD000341,W1V55823944469499,2025-01-10 03:44:00,2025-01-13 06:44:00,EV,LargeVan,Alemania,2,95
ORD000342,W1V33266761976427,2025-01-10 15:02:00,2025-01-11 23:02:00,EV,LargeVan,Alemania,2,95
ORD000343,W1V43745495745941,2025-01-10 08:17:00,2025-01-11 17:17:00,ICE,MidVan,Francia,3,0
ORD000344,W1V85630369235700,2025-01-10 18:04:00,2025-01-12 14:04:00,ICE,LargeVan,Francia,3,0
ORD000345,W1V58963909984044,2025-01-10 08:08:00,2025-01-12 14:08:00,ICE,LargeVan,Benelux,1,0
ORD000346,W1V31835294983485,2025-01-10 19:57:00,2025-01-12 00:57:00,ICE,CrewVan,Alemania,3,0
ORD000347,W1V99547707530604,2025-01-10 07:55:00,2025-01-12 02:55:00,EV,CrewVan,Benelux,2,70
ORD000348,W1V79616881505049,2025-01-10 02:18:00,2025-01-11 12:18:00,EV,MidVan,Italia,2,95
ORD000349,W1V92695186086061,2025-01-10 15:06:00,2025-01-12 03:06:00,ICE,MidVan,Iberia,3,0
ORD000350,W1V58299768395927,2025-01-10 22:33:00,2025-01-14 02:33:00,ICE,LargeVan,Francia,2,0
ORD000351,W1V61597506038643,2025-01-11 17:50:00,2025-01-13 03:50:00,EV,MidVan,Iberia,2,95
ORD000352,W1V53439423528155,2025-01-11 07:47:00,2025-01-13 02:47:00,EV,CrewVan,Alemania,1,70
ORD000353,W1V86527659418677,2025-01-11 00:16:00,2025-01-14 11:16:00,EV,CrewVan,Iberia,3,70
ORD000354,W1V88952739234275,2025-01-11 04:05:00,2025-01-12 02:05:00,EV,LargeVan,Francia,1,70
ORD000355,W1V30275195208952,2025-01-11 22:08:00,2025-01-14 13:08:00,ICE,CrewVan,Alemania,2,0
ORD000356,W1V36717409071708,2025-01-11 20:19:00,2025-01-13 09:19:00,EV,MidVan,Iberia,2,85
ORD000357,W1V81002173540669,2025-01-11 17:53:00,2025-01-14 12:53:00,ICE,MidVan,Francia,2,0
ORD000358,W1V54255410240038,2025-01-11 16:01:00,2025-01-12 21:01:00,EV,LargeVan,Italia,3,70
ORD000359,W1V94926515384489,2025-01-11 17:37:00,2025-01-13 18:37:00,ICE,LargeVan,Alemania,3,0
ORD000360,W1V57731417681869,2025-01-11 10:29:00,2025-01-12 14:29:00,EV,CrewVan,Iberia,2,70
ORD000361,W1V27249003007560,2025-01-11 16:03:00,2025-01-13 13:03:00,ICE,MidVan,Benelux,1,0
ORD000362,W1V99206949310442,2025-01-11 20:32:00,2025-01-15 03:32:00,EV,LargeVan,Iberia,2,85
ORD000363,W1V16499123969659,2025-01-11 16:52:00,2025-01-13 15:52:00,ICE,LargeVan,Iberia,3,0
ORD000364,W1V58011218896641,2025-01-11 17:08:00,2025-01-13 06:08:00,ICE,MidVan,Iberia,2,0
ORD000365,W1V54457846916261,2025-01-11 19:38:00,2025-01-12 22:38:00,EV,CrewVan,Iberia,3,70
ORD000366,W1V71379546606486,2025-01-11 15:44:00,2025-01-15 00:44:00,ICE,MidVan,Francia,3,0
ORD000367,W1V15623474242717,2025-01-11 22:37:00,2025-01-13 14:37:00,EV,MidVan,Benelux,2,95
ORD000368,W1V30118562929184,2025-01-11 08:09:00,2025-01-12 08:09:00,EV,LargeVan,Iberia,2,95
ORD000369,W1V94166001902614,2025-01-11 11:57:00,2025-01-14 09:57:00,EV,MidVan,Francia,2,70
ORD000370,W1V17073526021132,2025-01-11 05:40:00,2025-01-12 03:40:00,ICE,CrewVan,Francia,1,0
ORD000371,W1V47292826266049,2025-01-11 20:56:00,2025-01-14 08:56:00,EV,CrewVan,Iberia,3,70
ORD000372,W1V95573323895599,2025-01-11 12:12:00,2025-01-14 22:12:00,ICE,MidVan,Italia,3,0
ORD000373,W1V23621361689881,2025-01-11 13:39:00,2025-01-14 03:39:00,ICE,MidVan,Alemania,1,0
ORD000374,W1V80195216350025,2025-01-11 17:10:00,2025-01-13 08:10:00,EV,MidVan,Benelux,2,85
ORD000375,W1V90716479108738,2025-01-11 16:44:00,2025-01-14 21:44:00,ICE,LargeVan,Iberia,2,0
ORD000376,W1V88612605502927,2025-01-11 20:14:00,2025-01-13 04:14:00,EV,MidVan,Iberia,2,95
ORD000377,W1V97072450701319,2025-01-11 17:21:00,2025-01-13 07:21:00,ICE,MidVan,Benelux,2,0
ORD000378,W1V16289097956856,2025-01-11 06:27:00,2025-01-13 12:27:00,EV,CrewVan,Alemania,2,85
ORD000379,W1V11772989755511,2025-01-11 18:59:00,2025-01-13 17:59:00,ICE,MidVan,Iberia,3,0
ORD000380,W1V27516584300586,2025-01-11 03:07:00,2025-01-12 14:07:00,ICE,LargeVan,Francia,3,0
ORD000381,W1V94010206024514,2025-01-11 17:56:00,2025-01-13 03:56:00,ICE,LargeVan,Italia,2,0
ORD000382,W1V51572675022652,2025-01-11 18:37:00,2025-01-13 09:37:00,ICE,MidVan,Iberia,1,0
ORD000383,W1V23797376467078,2025-01-11 11:09:00,2025-01-14 22:09:00,ICE,LargeVan,Iberia,2,0
ORD000384,W1V63522144165513,2025-01-11 20:10:00,2025-01-14 12:10:00,ICE,LargeVan,Italia,3,0
ORD000385,W1V88352488564127,2025-01-11 04:49:00,2025-01-13 15:49:00,ICE,MidVan,Benelux,3,0
ORD000386,W1V43044783957738,2025-01-12 06:26:00,2025-01-15 13:26:00,EV,CrewVan,Benelux,2,70
ORD000387,W1V33998602418590,2025-01-12 13:35:00,2025-01-14 07:35:00,EV,MidVan,Iberia,2,70
ORD000388,W1V49957035273588,2025-01-12 07:02:00,2025-01-13 15:02:00,EV,CrewVan,Alemania,1,70
ORD000389,W1V80650787323440,2025-01-12 13:30:00,2025-01-14 06:30:00,EV,LargeVan,Iberia,3,95
ORD000390,W1V52478268017318,2025-01-12 21:25:00,2025-01-14 01:25:00,ICE,LargeVan,Alemania,3,0
ORD000391,W1V61158451288802,2025-01-12 03:50:00,2025-01-15 09:50:00,ICE,MidVan,Alemania,3,0
ORD000392,W1V82697044399900,2025-01-12 22:11:00,2025-01-16 02:11:00,EV,CrewVan,Francia,2,95
ORD000393,W1V77027245828332,2025-01-12 18:13:00,2025-01-15 14:13:00,EV,CrewVan,Alemania,1,85
ORD000394,W1V12716789426009,2025-01-12 03:51:00,2025-01-14 06:51:00,ICE,LargeVan,Benelux,2,0
ORD000395,W1V45751179478894,2025-01-12 08:09:00,2025-01-14 19:09:00,EV,MidVan,Benelux,2,70
ORD000396,W1V89196338927702,2025-01-12 10:30:00,2025-01-13 11:30:00,ICE,MidVan,Italia,2,0
ORD000397,W1V47714541416137,2025-01-12 05:35:00,2025-01-14 16:35:00,ICE,LargeVan,Francia,2,0
ORD000398,W1V45423824646440,2025-01-12 10:15:00,2025-01-13 08:15:00,EV,LargeVan,Iberia,2,85
ORD000399,W1V65251166550161,2025-01-12 00:44:00,2025-01-14 18:44:00,ICE,LargeVan,Iberia,2,0
ORD000400,W1V10951826131335,2025-01-12 15:56:00,2025-01-14 16:56:00,ICE,CrewVan,Italia,3,0
ORD000401,W1V91433103594237,2025-01-12 04:20:00,2025-01-14 10:20:00,ICE,CrewVan,Iberia,2,0
ORD000402,W1V33613650418900,2025-01-12 14:15:00,2025-01-14 18:15:00,ICE,MidVan,Alemania,3,0
ORD000403,W1V78092437324273,2025-01-12 06:18:00,2025-01-14 19:18:00,EV,CrewVan,Iberia,1,95
ORD000404,W1V92155933327392,2025-01-12 07:14:00,2025-01-14 19:14:00,ICE,CrewVan,Iberia,3,0
ORD000405,W1V73445314659833,2025-01-12 03:34:00,2025-01-14 03:34:00,ICE,LargeVan,Iberia,2,0
ORD000406,W1V10189623203906,2025-01-12 04:37:00,2025-01-13 18:37:00,ICE,LargeVan,Iberia,3,0
ORD000407,W1V62764638828479,2025-01-12 01:47:00,2025-01-15 00:47:00,EV,MidVan,Benelux,3,95
ORD000408,W1V22769107241170,2025-01-12 12:27:00,2025-01-14 06:27:00,ICE,CrewVan,Italia,2,0
ORD000409,W1V28069667156023,2025-01-12 10:48:00,2025-01-13 13:48:00,ICE,MidVan,Francia,2,0
ORD000410,W1V38304757169489,2025-01-12 19:36:00,2025-01-13 17:36:00,ICE,LargeVan,Iberia,3,0
ORD000411,W1V60357930064413,2025-01-12 15:08:00,2025-01-15 12:08:00,ICE,LargeVan,Iberia,2,0
ORD000412,W1V60717477156627,2025-01-12 13:13:00,2025-01-14 15:13:00,EV,LargeVan,Italia,3,95
ORD000413,W1V59624973048514,2025-01-12 19:36:00,2025-01-14 02:36:00,EV,CrewVan,Italia,2,70
ORD000414,W1V44121376380059,2025-01-12 23:53:00,2025-01-15 13:53:00,EV,MidVan,Francia,2,95
ORD000415,W1V39169900806493,2025-01-12 02:14:00,2025-01-13 11:14:00,EV,MidVan,Francia,3,70
ORD000416,W1V95833919442868,2025-01-12 16:08:00,2025-01-15 19:08:00,ICE,CrewVan,Iberia,2,0
ORD000417,W1V26637524013132,2025-01-12 18:17:00,2025-01-15 13:17:00,ICE,LargeVan,Iberia,3,0
ORD000418,W1V29748642499352,2025-01-12 09:00:00,2025-01-15 17:00:00,EV,LargeVan,Italia,2,95
ORD000419,W1V89749039828791,2025-01-12 05:36:00,2025-01-14 19:36:00,EV,LargeVan,Iberia,1,95
ORD000420,W1V53185924462073,2025-01-12 15:27:00,2025-01-15 13:27:00,EV,LargeVan,Alemania,2,85
ORD000421,W1V49537218853794,2025-01-13 00:03:00,2025-01-15 05:03:00,EV,MidVan,Francia,2,85
ORD000422,W1V96581711559973,2025-01-13 04:10:00,2025-01-14 18:10:00,EV,MidVan,Iberia,2,70
ORD000423,W1V56510190368360,2025-01-13 16:57:00,2025-01-16 10:57:00,EV,MidVan,Italia,2,95
ORD000424,W1V38236211676512,2025-01-13 10:44:00,2025-01-16 14:44:00,EV,MidVan,Iberia,2,85
ORD000425,W1V46515929236804,2025-01-13 17:44:00,2025-01-15 00:44:00,ICE,LargeVan,Iberia,1,0
ORD000426,W1V89641506524900,2025-01-13 11:04:00,2025-01-14 17:04:00,ICE,LargeVan,Italia,3,0
ORD000427,W1V89056129778865,2025-01-13 04:34:00,2025-01-15 12:34:00,EV,LargeVan,Italia,3,95
ORD000428,W1V56698887733117,2025-01-13 23:34:00,2025-01-15 04:34:00,EV,LargeVan,Iberia,1,85
ORD000429,W1V16843034812013,2025-01-13 07:14:00,2025-01-15 01:14:00,EV,MidVan,Iberia,2,95
ORD000430,W1V69663176171269,2025-01-13 16:55:00,2025-01-16 20:55:00,ICE,LargeVan,Alemania,2,0
ORD000431,W1V27329691681274,2025-01-13 18:14:00,2025-01-16 13:14:00,EV,MidVan,Alemania,2,95
ORD000432,W1V34617682045465,2025-01-13 20:01:00,2025-01-15 11:01:00,EV,LargeVan,Benelux,2,70
ORD000433,W1V98251948243922,2025-01-13 09:18:00,2025-01-16 01:18:00,EV,CrewVan,Alemania,3,85
ORD000434,W1V52680095747993,2025-01-13 17:02:00,2025-01-17 03:02:00,EV,CrewVan,Alemania,1,70
ORD000435,W1V43483326262542,2025-01-13 02:10:00,2025-01-16 04:10:00,ICE,LargeVan,Francia,3,0
ORD000436,W1V40398229934289,2025-01-13 05:19:00,2025-01-15 05:19:00,EV,CrewVan,Iberia,2,95
ORD000437,W1V18769562709463,2025-01-13 03:52:00,2025-01-14 18:52:00,EV,CrewVan,Iberia,1,70
ORD000438,W1V37345295077530,2025-01-13 23:23:00,2025-01-15 16:23:00,ICE,MidVan,Iberia,2,0
ORD000439,W1V61102154053041,2025-01-13 16:19:00,2025-01-15 19:19:00,ICE,MidVan,Iberia,2,0
ORD000440,W1V40061762448081,2025-01-13 20:45:00,2025-01-15 18:45:00,ICE,LargeVan,Francia,3,0
ORD000441,W1V60590166715209,2025-01-13 08:03:00,2025-01-15 21:03:00,EV,CrewVan,Francia,2,70
ORD000442,W1V88586062674478,2025-01-13 17:25:00,2025-01-16 18:25:00,EV,MidVan,Francia,3,95
ORD000443,W1V78123883080115,2025-01-13 07:44:00,2025-01-16 01:44:00,ICE,LargeVan,Alemania,2,0
ORD000444,W1V16117856822527,2025-01-13 02:26:00,2025-01-16 06:26:00,ICE,LargeVan,Iberia,2,0
ORD000445,W1V66025254589813,2025-01-13 01:22:00,2025-01-14 13:22:00,ICE,MidVan,Francia,2,0
ORD000446,W1V80124174022991,2025-01-13 00:32:00,2025-01-14 21:32:00,ICE,CrewVan,Iberia,1,0
ORD000447,W1V56344171227078,2025-01-13 23:12:00,2025-01-15 17:12:00,ICE,CrewVan,Francia,2,0
ORD000448,W1V19284497855858,2025-01-13 04:36:00,2025-01-14 16:36:00,EV,MidVan,Alemania,2,70
ORD000449,W1V40565749829726,2025-01-13 13:25:00,2025-01-16 22:25:00,ICE,LargeVan,Italia,2,0
ORD000450,W1V50154197225352,2025-01-13 14:49:00,2025-01-15 12:49:00,ICE,CrewVan,Alemania,1,0
ORD000451,W1V97494775502690,2025-01-13 02:16:00,2025-01-15 00:16:00,EV,MidVan,Italia,2,70
ORD000452,W1V44149101202151,2025-01-13 19:59:00,2025-01-15 20:59:00,EV,LargeVan,Benelux,2,85
ORD000453,W1V93502610982631,2025-01-13 14:54:00,2025-01-15 21:54:00,EV,LargeVan,Italia,3,85
ORD000454,W1V80342343808656,2025-01-13 16:14:00,2025-01-14 21:14:00,ICE,MidVan,Iberia,2,0
ORD000455,W1V16317400384120,2025-01-13 11:55:00,2025-01-15 09:55:00,EV,MidVan,Francia,2,85
ORD000456,W1V29581962162343,2025-01-14 19:14:00,2025-01-18 02:14:00,EV,LargeVan,Alemania,2,95
ORD000457,W1V34219095948237,2025-01-14 11:21:00,2025-01-16 15:21:00,EV,LargeVan,Alemania,2,70
ORD000458,W1V14619128950443,2025-01-14 06:34:00,2025-01-17 03:34:00,EV,MidVan,Francia,2,95
ORD000459,W1V87697174575883,2025-01-14 21:05:00,2025-01-15 20:05:00,ICE,CrewVan,Alemania,2,0
ORD000460,W1V16746365312030,2025-01-14 01:22:00,2025-01-15 01:22:00,ICE,MidVan,Francia,2,0
ORD000461,W1V14638247872814,2025-01-14 18:55:00,2025-01-17 07:55:00,ICE,CrewVan,Francia,2,0
ORD000462,W1V42833448703181,2025-01-14 13:06:00,2025-01-17 08:06:00,ICE,LargeVan,Benelux,1,0
ORD000463,W1V73929748293796,2025-01-14 09:43:00,2025-01-15 11:43:00,ICE,LargeVan,Francia,1,0
ORD000464,W1V49511635798928,2025-01-14 20:13:00,2025-01-15 23:13:00,EV,MidVan,Benelux,2,85
ORD000465,W1V70747122390003,2025-01-14 23:29:00,2025-01-17 20:29:00,EV,CrewVan,Alemania,2,70
ORD000466,W1V31481998152522,2025-01-14 21:38:00,2025-01-17 19:38:00,ICE,LargeVan,Iberia,2,0
ORD000467,W1V83278268591576,2025-01-14 08:39:00,2025-01-17 07:39:00,ICE,LargeVan,Iberia,3,0
ORD000468,W1V84252792611157,2025-01-14 03:56:00,2025-01-15 21:56:00,ICE,LargeVan,Iberia,1,0
ORD000469,W1V58293855117484,2025-01-14 03:08:00,2025-01-16 01:08:00,EV,MidVan,Iberia,3,85
ORD000470,W1V57961067449769,2025-01-14 08:44:00,2025-01-17 03:44:00,ICE,MidVan,Alemania,2,0
ORD000471,W1V52917232742571,2025-01-14 02:47:00,2025-01-17 13:47:00,ICE,MidVan,Iberia,2,0
ORD000472,W1V74338785470145,2025-01-14 21:29:00,2025-01-18 08:29:00,EV,LargeVan,Francia,3,70
ORD000473,W1V10741093942605,2025-01-14 12:08:00,2025-01-17 17:08:00,EV,CrewVan,Francia,1,70
ORD000474,W1V70137640271366,2025-01-14 02:08:00,2025-01-17 08:08:00,EV,CrewVan,Alemania,2,95
ORD000475,W1V32870879563872,2025-01-14 15:21:00,2025-01-15 15:21:00,EV,CrewVan,Francia,2,70
ORD000476,W1V73430456033247,2025-01-14 02:40:00,2025-01-15 01:40:00,EV,LargeVan,Francia,2,70
ORD000477,W1V49713217865420,2025-01-14 02:49:00,2025-01-16 14:49:00,EV,LargeVan,Italia,2,95
ORD000478,W1V93209828861717,2025-01-14 09:44:00,2025-01-17 14:44:00,ICE,LargeVan,Iberia,3,0
ORD000479,W1V62463588573422,2025-01-14 16:17:00,2025-01-17 16:17:00,EV,CrewVan,Iberia,2,95
ORD000480,W1V97601738643923,2025-01-14 18:10:00,2025-01-16 15:10:00,EV,MidVan,Alemania,2,85
ORD000481,W1V95780594771775,2025-01-14 07:18:00,2025-01-17 16:18:00,EV,CrewVan,Francia,2,70
ORD000482,W1V48158727440500,2025-01-14 05:05:00,2025-01-16 08:05:00,EV,LargeVan,Alemania,2,70
ORD000483,W1V54490385125378,2025-01-14 10:25:00,2025-01-17 04:25:00,EV,MidVan,Benelux,1,95
ORD000484,W1V85259854768881,2025-01-14 00:43:00,2025-01-15 18:43:00,EV,CrewVan,Alemania,1,85
ORD000485,W1V99102416134728,2025-01-14 18:23:00,2025-01-15 23:23:00,EV,LargeVan,Alemania,2,95
ORD000486,W1V34522763732090,2025-01-14 16:08:00,2025-01-16 11:08:00,ICE,MidVan,Alemania,3,0
ORD000487,W1V46014081353223,2025-01-14 00:14:00,2025-01-16 04:14:00,ICE,MidVan,Iberia,2,0
ORD000488,W1V72231464874941,2025-01-14 14:44:00,2025-01-17 08:44:00,EV,MidVan,Italia,1,95
ORD000489,W1V53134971852095,2025-01-14 11:01:00,2025-01-16 00:01:00,ICE,CrewVan,Alemania,2,0
ORD000490,W1V49393095902358,2025-01-14 20:05:00,2025-01-17 19:05:00,EV,MidVan,Italia,2,85
